:020000040800F2
:100000000040022021760108B1760108955C0108C4
:1000100000000000000000000000000000000000E0
:10002000000000000000000000000000A7B601086A
:100030000000000000000000B1B70108815C010869
:10004000B1760108B1760108B1760108B1760108F0
:10005000B1760108B1760108B1760108B1760108E0
:10006000B17601085D6001087D600108D16001087A
:10007000B1760108B1760108B1760108B1760108C0
:10008000B1760108B1760108B1760108B1760108B0
:10009000B1760108B1760108B1760108B1760108A0
:1000A000B1760108B1760108B1760108495D010811
:0C00B000F55D0108A15E0108B1760108B1
:1000C00010B5064C2378002B07D1054B002B02D02E
:1000D000044800E000BF0123237010BD90090020F8
:1000E0000000000018BE0208044B10B5002B03D01E
:1000F0000349044800E000BF10BDC04600000000F6
:100100009409002018BE020802780B78002A03D058
:10011000013001319A42F7D0D01A70470023C25CF7
:100120000133002AFBD1581E7047000002B471460B
:1001300049084900095C49008E4402BC7047C0462A
:1001400003B47146490840004900095A49008E44E9
:1001500003BC7047002243088B4274D303098B42CF
:100160005FD3030A8B4244D3030B8B4228D3030C87
:100170008B420DD3FF22090212BA030C8B4202D329
:100180001212090265D0030B8B4219D300E0090A51
:10019000C30B8B4201D3CB03C01A5241830B8B425A
:1001A00001D38B03C01A5241430B8B4201D34B0343
:1001B000C01A5241030B8B4201D30B03C01A5241A8
:1001C000C30A8B4201D3CB02C01A5241830A8B422D
:1001D00001D38B02C01A5241430A8B4201D34B0216
:1001E000C01A5241030A8B4201D30B02C01A52417A
:1001F000CDD2C3098B4201D3CB01C01A524183092E
:100200008B4201D38B01C01A524143098B4201D367
:100210004B01C01A524103098B4201D30B01C01A92
:100220005241C3088B4201D3CB00C01A524183080C
:100230008B4201D38B00C01A524143088B4201D339
:100240004B00C01A5241411A00D201465241104699
:100250007047FFE701B5002000F0F0F802BDC0468E
:100260000029F7D076E7704703460B437FD400227E
:1002700043088B4274D303098B425FD3030A8B423A
:1002800044D3030B8B4228D3030C8B420DD3FF22A4
:10029000090212BA030C8B4202D31212090265D072
:1002A000030B8B4219D300E0090AC30B8B4201D325
:1002B000CB03C01A5241830B8B4201D38B03C01A6C
:1002C0005241430B8B4201D34B03C01A5241030BE3
:1002D0008B4201D30B03C01A5241C30A8B4201D394
:1002E000CB02C01A5241830A8B4201D38B02C01A3F
:1002F0005241430A8B4201D34B02C01A5241030AB6
:100300008B4201D30B02C01A5241CDD2C3098B429A
:1003100001D3CB01C01A524183098B4201D38B0117
:10032000C01A524143098B4201D34B01C01A5241BA
:1003300003098B4201D30B01C01A5241C3088B42FF
:1003400001D3CB00C01A524183088B4201D38B00EA
:10035000C01A524143088B4201D34B00C01A52418C
:10036000411A00D201465241104670475DE0CA0F63
:1003700000D04942031000D34042534000229C4623
:1003800003098B422DD3030A8B4212D3FC2289012D
:1003900012BA030A8B420CD3890192118B4208D303
:1003A000890192118B4204D389013AD0921100E065
:1003B0008909C3098B4201D3CB01C01A5241830979
:1003C0008B4201D38B01C01A524143098B4201D3A6
:1003D0004B01C01A524103098B4201D30B01C01AD1
:1003E0005241C3088B4201D3CB00C01A524183084B
:1003F0008B4201D38B00C01A5241D9D243088B42A1
:1004000001D34B00C01A5241411A00D20146634643
:1004100052415B10104601D34042002B00D54942A7
:10042000704763465B1000D3404201B5002000F0E6
:1004300005F802BD0029F8D016E770477047C0469E
:100440008446100062468C461900634600E0C046B0
:100450001FB501F0DDFC002801D40021C8421FBDFA
:1004600010B501F01DFC4042013010BD10B501F087
:10047000CFFC002801DB002010BD012010BDC046CC
:1004800010B501F0C5FC002801DD002010BD0120E1
:1004900010BDC04610B501F047FC002801DC00206B
:1004A00010BD012010BDC04610B501F03DFC002874
:1004B00001DA002010BD012010BDC04684460800AE
:1004C0006146FFE71FB500F053FB002801D400216F
:1004D000C8421FBD10B500F0D3FA4042013010BD34
:1004E00010B500F045FB002801DB002010BD012005
:1004F00010BDC04610B500F03BFB002801DD002018
:1005000010BD012010BDC04610B500F0E1FA002872
:1005100001DC002010BD012010BDC04610B500F068
:10052000D7FA002801DA002010BD012010BDC04616
:10053000002B11D1002A0FD1002900D1002802D0B0
:100540000021C943080007B4024802A140180290E4
:1005500003BDC046E9FEFFFF03B4684601B502983B
:1005600000F0A2F8019B9E4602B00CBC7047C0464A
:10057000F0B5CE469946030C9C46130447461B0C27
:100580001D000E0061460404240C80B50700100C09
:100590004B436543414360432C0CC01824188C46E0
:1005A000A34203D980235B029846C4444946794359
:1005B0005643230C2D042D0C89196344240460191F
:1005C000C918C0BCB946B046F0BDC04670B50022DF
:1005D0000C4B04000D00FFF767FF002804D120003A
:1005E000290002F00DFB70BD064B002220002900FF
:1005F00001F048FF02F004FB80231B069C46604488
:10060000F1E7C0460000E04170B50022002304007D
:100610000D00FFF72BFF002808D12000290000F073
:100620000FF802000B001000190070BD80231B069C
:10063000E918200000F004F8002342428B41F2E761
:1006400070B500220B4B0D00040001F053FCFFF7C6
:10065000BDFF060002F03EFB0022074B01F04AFC02
:1006600002000B002000290001F00CFFFFF7AEFF95
:10067000310070BD0000F03D0000F04170B5060093
:10068000080002F0F9FA0022064B01F033FC0D00DD
:100690000400300002F01EFB2B00220000F082FC60
:1006A00070BDC0460000F041F0B557464E46454685
:1006B000DE46E0B504000D009246994683B08B42B9
:1006C00030D82DD04946504602F012FC29000600D1
:1006D000200002F00DFC331A9846203B34D49B4690
:1006E00053465A46934042461F00534693401E00CD
:1006F000AF423BD8AF4200D179E05B46A41BBD417D
:10070000002B00DA76E000220023009201930123FF
:100710005A4693400193012342469340009329E0B7
:100720008242CFD900220023009201930C9B002B20
:1007300001D01C605D600098019903B0F0BCBB461D
:10074000B246A946A046F0BD42469B4620239B1ACE
:100750005246DA40414613004A468A401700424654
:100760001F43534693401E00AF42C3D900220023CB
:10077000009201934346002BD8D0FB0772081A431E
:1007800046467B080EE0AB4201D1A2420CD8A41A27
:100790009D41012024196D410021013E24184D4145
:1007A000002E06D0AB42EED9013E24196D41002E39
:1007B000F8D1009801995B4600196941002B24DBB0
:1007C0002B005A464446D3402A00E2401C005B46B8
:1007D0001500002B2ADB26009E40330026004746EA
:1007E000BE403200801A9941009001919EE7A342D9
:1007F000BCD882E74246202300219B1A00220091A8
:1008000001920122DA40019285E7424620239B1A99
:100810002A0046469A402300F340444613432A00E8
:10082000E2401C005B461500002BD4DA42462F0044
:100830002023260097409B1ADE403B003343CDE740
:10084000F0B54F464646D6464402C0B547000E1C9A
:10085000640A3F0EC50F002F3CD0FF2F42D000236B
:10086000802299469A46E400D20414437F3F7302E3
:100870005B0A984673001B0EF60F002B1BD0FF2B54
:1008800013D042468021D200C9041143884600207B
:100890007F3B2900FF1A4B467140C9B20F2B00D98C
:1008A000B5E0744A9B00D3589F464346002B3FD186
:1008B000FF3F023303E04346002B2DD101232900E3
:1008C0004A467140C9B21A430E2A38D86A48920083
:1008D00082589746002C13D104239946033B0027E6
:1008E0009A46C4E7002C05D108239946063BFF270A
:1008F0009A46BCE70C239946093BFF279A46B6E780
:10090000200002F0D7FA7627431F9C4000237F4245
:1009100099469A463F1AAAE7404602F0CBFA424669
:10092000431F9A4076235B421B1A90460020B0E793
:1009300003234A461A4391460320FC33A9E70D00DE
:10094000FF200022C005ED0710432843E0BCBA4653
:10095000B146A846F0BD0D0000200022F2E7534644
:10096000022BEDD0032B33D0A046012B05D1002064
:100970000022E7E7350003287AD03B007F33002BC5
:100980002DDD4246520707D00F2241460A40042A75
:1009900002D004229446E0444246120105D5424664
:1009A000364B1A403B0090468033FE2BC8DC424653
:1009B0009201520AD8B2C5E780220025FF20D20357
:1009C000C0E78022D203144202D04346134249D0EA
:1009D0008022D20322435202FF20520AB2E70122B0
:1009E000D31A1B2BC3DC4246DA4043469E37BB403A
:1009F000591E8B411A43530704D00F231340042B75
:100A000000D00432530129D5012000229AE7424642
:100A100063015501AB4215D21B200022013F012684
:100A20001C0052005B00002C01DB9D4201D85B1BC7
:100A3000324301380028F3D1581E834113439846AE
:100A40000D009AE71A2001225B1BE8E7023B5A429D
:100A500053415B4235000022D8B273E79201002077
:100A6000520A6FE71A4352023500FF20520A69E723
:100A70004446ADE734F2020874F20208FFFFFFF7C4
:100A800070B542004E024C0045026D0A120EC30FB3
:100A9000760A240EC90FFF2A10D0FF2C0CD001209B
:100AA000A2420AD1B54208D18B420FD0002A04D10C
:100AB0002800431E984100E0012070BD0120FF2C5A
:100AC000FBD13543F9D14B401800F6E70020F4E79D
:100AD00030B5420044024D02C30F4800640A120EB2
:100AE0006D0A000EC90FFF2A19D0FF280BD0002A6B
:100AF0001ED100280BD1002D27D0002C34D1002985
:100B00002FD0080030BD002D28D1002A01D1002CA3
:100B1000F5D08B4207D1002B23D01800F2E7002C30
:100B20001CD1FF2814D0581E022318400138E9E7D1
:100B30000028F8D08B42F6D18242F4DCEBDBAC42E9
:100B4000F1D80020AC42DDD2E5E7002CDAD0EAE7AC
:100B5000002D03D18B42E6D10020D3E70220404292
:100B6000D0E701204042CDE78B42E8D0DBE7C0462A
:100B700030B5420044024D02C30F4800640A120E11
:100B80006D0A000EC90FFF2A1AD0FF280ED0002AC6
:100B90001ED100280ED1002D2AD0002C0CD08B4263
:100BA0001DD0581E02231840013810E0002D0DD131
:100BB000002A20D1002C1ED1002923D0080006E0F5
:100BC000002C03D1FF28ECD1002D17D0022030BD1E
:100BD0000028E6D08B42E4D18242E2DC04DBAC4266
:100BE000DFD80020AC42F2D2002B0BD01800EEE789
:100BF000002CECD0D5E78B42D3D1F5E700208B4217
:100C0000E5D0CEE701204042E1E7C046F0B54F46CF
:100C10004646D64643025B0A4500C0B599460F1CBE
:100C20002D0EC60F002D00D188E0FF2D00D18DE0E4
:100C30008022DB00D2041A430023914698469A464C
:100C40007F3D7C027B00640A1B0EFF0F002B68D0E7
:100C5000FF2B21D08022E400D204144342467F3B84
:100C60005B1900215D1C0A2A2EDC7E404246022AC6
:100C700023DC013A012A00D9BDE002296ED0012906
:100C80002CD100200022C005F60710433043E0BC01
:100C9000BA46B146A846F0BD2B00FF33002C65D004
:100CA0000322414611433200013588467A40FF3520
:100CB0000A2900DDD8E016000321404601228240C7
:100CC000A620C000024220D05346022B46D0032B60
:100CD00000D1BBE051464C460129D2D02B007F33D6
:100CE000002B70DD620704D00F222240042A00D0BE
:100CF0000434220103D5634B1C402B008033FE2BB0
:100D00002CDCA201520AD8B2BDE79020800002423A
:100D100027D1B938FF3810426DD03E00A1468A462F
:100D2000D2E7002C41D1012342461A4390462B00C2
:100D3000424601215D1C0A2A97DDC5E7002B26D11A
:100D400004239846033B00259A467AE7002B18D1E6
:100D500008239846063BFF259A4672E7FF200022AB
:100D600091E780220026FF20D2038CE74146022231
:100D7000013511438846FF350A29A5DC02217E4052
:100D800074E70C239846093BFF259A4659E718005B
:100D900002F090F84A46431F76259A4000236D42A0
:100DA000914698469A462D1A4BE7200002F082F8A9
:100DB0004246431F9C402B1A763B00215D1C0A2AA9
:100DC00000DC52E780E70122D31A1B2B00DD58E735
:100DD0009E352200AC40DA40631E9C4122435307FB
:100DE00004D00F231340042B00D00432530137D515
:100DF0000120002247E7210C4A462404240C270046
:100E0000100C1204120C44435743484351433A0C0C
:100E100009195218944203D9802149028C46604432
:100E20003F0411043F0CC9198C01671EBC41120C10
:100E3000890E12180C439201144312010ED501239E
:100E400062081C40144349E73E00A14680224B46FD
:100E5000D2031A435202FF20520A14E71D003DE755
:100E600092010020520A0EE70F29EDD180224B4655
:100E7000D2031342EAD01442E8D13E00FF202243BD
:100E800001E7C046FFFFFFF770B5002813D0C31776
:100E9000C5185D40C40F280002F00CF89E23010025
:100EA0001B1A962B0FDC082834D008398D406D02B0
:100EB0006D0AD8B202E0002400200025C0052843B6
:100EC000E407204370BD992B16DC421F052800D093
:100ED00095402A00114802406E0709D00F26354080
:100EE000042D05D00432550102D59F2302405B1A20
:100EF0009201550AD8B2E1E70522121A2800D04023
:100F0000020008001B3085402800451EA84102430E
:100F10001500DEE76D0296206D0ACFE7FFFFFFFBAD
:100F200070B5041E0ED001F0C5FF9E2301001B1AF0
:100F3000962B0CDC08282FD008398C406402640AF8
:100F4000D8B201E000200024C005204370BD992BD9
:100F500016DC421F052800D09440220010480240B1
:100F6000650709D00F252C40042C05D0043254010C
:100F700002D59F2302405B1A9201540AD8B2E3E7DC
:100F8000020020001B3290400200501E82410520CA
:100F9000401AC4401443E0E764029620640AD3E791
:100FA000FFFFFFFBF0B557464E464546DE46E0B52F
:100FB00083B0009001910C034F00CE0F610A009C9A
:100FC0001D03640F0C43009900920193C80059005F
:100FD0004B0D9946009A019B6D0AD90F530F2B4375
:100FE0009A46009B7F0DDA0094464A46B046BA1AEC
:100FF0008E4200D1B0E0002A00DC78E049460029AA
:1010000000D1E9E0C9498F4200D195E10125382A94
:1010100016DC8021534609040B439A461F2A00DD43
:10102000E7E1202155468B1A61469D40D1400D4392
:10103000614699404B1E99415346D3400D43E41AF3
:10104000451BA84280414042241A230200D40FE1EC
:101050006402640A002C00D139E1200001F02AFF6B
:101060000300083B20212800CA1AD0409C400200FF
:101070009D4022439F4200DD73E1D81B0130091AD5
:101080002C008D40C4406B1E9D411300C2408B401C
:101090002543002714001D436B0709D00F232B4065
:1010A000042B05D02B1DAB42AD416D4264191D00D0
:1010B000230200D42DE19D4A0137974200D1D3E0AD
:1010C00046469B49ED0821404A072A437C054D02CC
:1010D0002D0B640D24052C43F6073443100021002A
:1010E00003B0F0BCBB46B246A946A046F0BD002AFC
:1010F00000D184E04A46D21B002F00D06DE12500CC
:10110000054300D127E1561E012A00D13BE2874D5D
:10111000AA4200D16AE20125382E12DC32001F2AD1
:1011200000DDF8E120262500B61A07005346B0403E
:10113000D440B540D740461EB0411B1B9A463D43A4
:1011400005436246551BAC459241534652420E0040
:101150004F4688469C1A78E7002A00DC8EE0494614
:10116000002975D161465346194300D1F6E0511E5E
:10117000012A00D191E16D4DAA4200D1DCE00125A8
:10118000382914DC0A001F2A00DDA2E12021534681
:10119000891A8B401D006346D3401D4363468B4034
:1011A00019004B1E99415346D3400D43E4182D18A6
:1011B0008542804140422418230259D55B4B0137B8
:1011C0009F4251D001215A4B6A081C4029400A43D2
:1011D000E507154364085FE761465346194300D1AC
:1011E000BCE0511E012A00D164E1504DAA4200D159
:1011F0006AE10125382900DD22E70A000EE74D4AA1
:101200007D1C154200D0D0E02500624653460543C0
:101210001A43002F00D037E1002D00D1A8E1002AA9
:1012200000D16AE16346C51A5346E21AA8429B41BF
:101230005B42D31A1A0200D403E263461D1AAC457E
:101240009241534652421C1B0E008846A41A23E7C3
:1012500036498F4270D00125382AA8DC80215346B8
:1012600009040B439A468EE73C000025002231E733
:1012700007232B40002B00D010E793E0002A74D006
:101280004A46D21B002F00D1C7E02849894500D12A
:1012900085E10125382A12DC802109040C431F2A2C
:1012A00000DDABE120212500891A070088408D4030
:1012B000D740411E8841D4403D430543A244654484
:1012C000654592415242524414004F4674E728004B
:1012D00001F0F0FD030018331F2B00DCC2E62A00EA
:1012E000083882409F4200DDA9E0DB1B581C1F2804
:1012F00000DCACE115001F3BDD40202805D0402379
:101300001B1A9A40531E9A411543072300272B406E
:10131000B0E7ED08054B62072A43E4089F420FD06F
:101320002403250B7C05640DD4E6C046FF070000AE
:10133000FFFF7FFFFE070000C00862070243E408CA
:101340001300234300D186E180252D0325432D037F
:10135000C34C2D0BBEE6604654460E001700C50870
:10136000D8E7C04CFF1A144096E6BF4A791C1142D8
:101370006BD122000243002F00D0DBE0002A00D115
:101380002DE1624653461A4300D1B6E06346C518C4
:1013900085428041544440422418230202D50F0064
:1013A000B04B1C403A002800D8E76246851AA84294
:1013B0009241534652429146E31A1A004B46D21AC2
:1013C000130091461A0254D44A464C462A4300D090
:1013D00040E60026002400257CE6A14DA94500D169
:1013E00090E00125382A00DDABE680252D042C4352
:1013F00095E6110055462039CD40A946202A06D051
:10140000402153468A1A934062461A4394466546E1
:101410006B1E9D414B461D4312E62100014300D146
:10142000C4E0511E012A00D1FBE08D4DAA4200D13B
:10143000B5E00125382900DD41E70A002FE7894C96
:10144000FF1A14406207E4086AE7854A914200D116
:10145000E3E06346C2188242804123004042534485
:101460001B18DD075C080723520815430F002B40AB
:1014700000E763461D1AAC459241534652421C1B7D
:101480000E008846A41AE5E5002D00D091E0002A60
:1014900038D180240026240356E76346C5188542C8
:1014A00080415444404224180127230200D4DFE63F
:1014B000022787E66346C51AA84280415346404248
:1014C000E41A0127241AC0E56207C0080243E408B1
:1014D00036E7110053462039CB409946202A06D0E2
:1014E000402153468A1A934062461A439446654601
:1014F0006B1E9D414B461D4359E66207C0080243DF
:10150000E4080DE753465A076346D80853460E00D1
:101510000243DC0814E715002600203DEE40202A97
:1015200003D04025AA1A94402043421E9041050052
:10153000354306E6002A7CD062465346C0081A436B
:1015400000D1FAE6620710438022E4081203144235
:1015500008D0D908114205D16346D80853460C007B
:101560005B071843420FC000C00852070243E7E67A
:10157000002A00D12DE76346D80853465A070E00CB
:101580000243DC08CCE663461D1AAC459241534643
:1015900052421C1B0E008846A41A013755E56346CB
:1015A000D90853465A070A43DC08C9E66046544640
:1015B000D4E6C008002A00D1BFE6620710438022AB
:1015C000E40812031442CDD0DD081542CAD16346A7
:1015D000D80853465B070E002C001843C2E7634649
:1015E000D90853465A070A43DC0899E66346D808E7
:1015F00053465A070E000243DC08A1E611002700FB
:101600002039CF40202A03D040218A1A9440204319
:10161000421E904105003D4351E60C00002500228A
:1016200058E5604460459241544452420500A41874
:101630003AE753465A076346D90853460A43DC083B
:101640007EE61A001C002A4300D0ABE6C1E620214A
:101650000025091A19E500220025014C3AE5C0468B
:10166000FF070000FFFF7FFFFE070000F0B5DE462A
:10167000454657464E46E0B587B0009201930B03AE
:101680001B0B9B46CA0F4B00040080465B0D029269
:1016900000D16AE1D44A934200D18CE15946420F0D
:1016A000C9000A43802109041143C2009046CF4A71
:1016B000894692469A44002300240393009E019F8A
:1016C0003B031B0B9B467B0030005B0DFD0F002B8B
:1016D00000D128E1C44A934200D177E15946720F04
:1016E000C9000A438021090411438B46BF49F20017
:1016F0008C4651466344CB1A9A460023029E6E40A4
:101700000F2C27D8BA49A40009598F46CB46424628
:10171000029E039B022B16D0032B00D1A6E2012BC5
:1017200000D0DFE000220023002490461B05234365
:10173000F60733434046190007B0F0BCBB46B2463B
:10174000A946A046F0BD002200249046A64BEDE736
:101750002E00DFE7CB4500D2D4E100D1CFE1012359
:101760005B429C46444648460027E2445B46150ED1
:101770001B021D43190C2B04120200951D0C9146EF
:1017800002910395FEF76CFD02006A430B04210CE5
:10179000804619438A4209D9009D0123AC465B4229
:1017A00061449C46E0448D4200D8FBE1881A0299CE
:1017B000FEF756FD039A240442430904240C030057
:1017C0000C43A24206D90099013B8C466444A142D5
:1017D00000D8E1E1A01A424612041A4393464B4650
:1017E00059461B0C1D0004930B0449460904090CBF
:1017F0000C001B0C5C43120C6B43884651436A433C
:10180000250CAC465B186344994203D980214902F8
:101810008C466244190C24041B04240C8A181C19DD
:10182000904202D316D1A74214D25B46009D013BE1
:101830004F4405934F459B41AC465B426344C018FF
:10184000854200D3A1E1824200D9F6E100D1F1E165
:10185000059B9B463C1BA742BF41009D801A7F42CF
:10186000C01B854200D1D0E10299FEF7F9FC039A32
:101870000B044243210C070019438A4200D978E146
:10188000881A0299FEF7ECFC039A240442430904E7
:10189000240C03000C43A24200D95DE14146A41A86
:1018A0003A041A43049D13041B0C594347466B43E7
:1018B0009C46100C47430B0CBC44634468439F4256
:1018C00003D980256D02AC4660441F0C09041B043B
:1018D000090C3F185B18BC4200D202E100D1FDE0C8
:1018E00001231A43434B5344002B00DCAEE0510765
:1018F00000D098E15946C90106D559463E4B1940DA
:1019000080238B46DB0053443C498B4200DD1AE7C1
:101910005946D208490711435A465B055402884686
:10192000240B5B0D02E75A46009B1A4300D17EE070
:101930005B46002B00D100E1584601F0BBFA0200E3
:1019400003000B3A1D27009EBA1A19005846D640CC
:1019500008398840320002439346009A8A40284959
:1019600053448A469A440023C8E65B46034399469B
:1019700056D05B46002B00D1CDE0584601F09AFAD4
:101980000B235B429C460200844466461D239B1B3E
:10199000260011005846DE400839884033000343D2
:1019A000994623008B409846164B00249B1A9A4672
:1019B0000023039382E65A46024391462AD100222D
:1019C0009A46022390460824039377E65A46009BE2
:1019D0001A430D4B9C46E244002A17D102231C43B4
:1019E00000239B46023389E6FF07000001FCFFFF4E
:1019F000B0F20208FF030000FFFFFFFEFE07000039
:101A0000F30300000DFCFFFF01F8FFFF032332008A
:101A10001C4373E69A460323D9460C2403934DE6F0
:101A2000002398469A4601330424039346E6012393
:101A30001C4300239B46013360E600238024984624
:101A40000026924B240371E6012252420121C91A59
:101A5000382900DD66E61F2900DCABE01F2040428C
:101A6000C31A5846D8400300202904D05846884954
:101A7000514488400243511E8A411A4307231900EA
:101A80000024114013420CD00F231340042B00D12B
:101A9000F9E0111D91429B410A005B4259075B022C
:101AA0001C0BD2080A43904600233FE680244B4695
:101AB0002403234209D05B46234206D11C4324035E
:101AC0002E009046714B240B30E680244B462403B5
:101AD0001C432403029E6D4B240B27E6002B00D1F0
:101AE00000E70098511E84466444844200D284E09A
:101AF000BC4200D2AEE000D1C1E00A00F0E64245AF
:101B000000D92CE64B46DC07580843465B081C43CB
:101B10004346DF072AE601F0CDF915239C468444AD
:101B20000200634620321C2B00DC2EE7230008381D
:101B3000834099460023984636E701F0BBF902003E
:101B40000300153220331C2A00DCFBE6009908381C
:101B5000814000228B4602E70099013B8C46644499
:101B6000A14200D99AE6A24200D897E6831E6444B7
:101B700094E6AC466144013F8D4200D980E68A423A
:101B800000D87DE6871E61447AE6854200D05FE694
:101B9000B94500D95CE656E6A24200D81AE6831E93
:101BA000644417E68A4200D800E6AC46831E984695
:101BB0006144FBE537481400504482405B461700FF
:101BC0008340CC407A1E974123433B431A005B4637
:101BD000CB40510709D00F211140042905D0111D18
:101BE0009142924152429B180A00190200D455E7D3
:101BF000002201230024904698E50A00BC4200D050
:101C00006EE64B4500D06BE66CE6234B234A53440B
:101C1000924500DA18E7012149420A1D8A428941AA
:101C200049428B4466E60F211140042900D161E648
:101C30001100F2E7BC4200D80AE602235B429C4650
:101C400000994F444F459B41E3448C465B426344BB
:101C5000C018FFE54946009D480048458941AC460B
:101C6000494261448146023A6418C7E780245B46D2
:101C700024031C4324039046044B240B56E599454A
:101C8000E8D30A00BDE7002308E7C046FF070000CD
:101C90003E0400001E040000FF03000002FCFFFFE2
:101CA000F0B55746DE464E464546E0B50D00040009
:101CB000E80F83460903D80F090B824619488C4662
:101CC0001F0369005E00490D3F0B760D814218D05D
:101CD00086420FD00120B1420DD1BC450BD19442B8
:101CE00009D1D3451CD0002905D160462043431EAD
:101CF000984100E00120F0BCBB46B246A946A04690
:101D0000F0BD01208E42F6D1614639430F001743E2
:101D10002743F0D15B465246981A431E9841EAE7A2
:101D20000020E8E7FF070000F0B557464E4645465D
:101D3000DE46E0B50D000F03390B83B0040080468A
:101D400001915800E90F314F400D8C466E00190388
:101D500082469146760D090BD80FBE421FD0BA4578
:101D60000FD0002E2FD15546019E3443002D27D190
:101D70000A433AD0002C45D100281AD10120404214
:101D800017E011433BD1002E02D1019F2743F3D02E
:101D9000844509D16346002BF0D0604609E0019FDD
:101DA00027432CD1B24524D063460220013B184082
:101DB000013803B0F0BCBB46B246A946A046F0BD10
:101DC000002CD9D0E4E75446002CEDD08445EBD16B
:101DD0005645E9DCDEDB019B8B42E5D8DAD1C8450C
:101DE000E2D80020C845E4D2D4E70020002CE0D09F
:101DF000DAE7114303D18445D6D10020D9E7022088
:101E00004042D6E78445E6D0CEE7C046FF07000053
:101E1000F0B557464E464546DE46E0B50D000F0389
:101E200004008046E80F390B844683B05800304FD9
:101E3000400D01911E03690082469146490D360B03
:101E4000D80FB94220D0BA450FD000292BD1019923
:101E50000C435146002937D1324338D0002C44D1AD
:101E6000002819D10120404216E0164313D1002961
:101E700002D1019F2743F3D0844520D0634602203E
:101E8000013B1840013807E0019F274303D18A45F1
:101E9000F4D116431FD0022003B0F0BCBB46B246BB
:101EA000A946A046F0BD5446002CE7D08445E5D1B4
:101EB0005145E3DC03DB019BB342DFD80FD063461F
:101EC000002BCFD06046E7E7002CC9D0D4E7002034
:101ED000002CE1D0D2E78445D0D10020DCE7C84512
:101EE000CCD80020C845D7D2E9E78445E3D0C5E780
:101EF000FF070000F0B55746DE464E464546E0B5C2
:101F00001F000B031B0B16009A46CA0F4B00040060
:101F1000934687B05B0D00D1D5E0BB4A934200D118
:101F2000F8E05146420FC9000A43802109041143D9
:101F3000C2009146B54A8A469D18002398460293EE
:101F40003C037B00FA0F3000240B5B0D009200D1A4
:101F500096E0AD4A934231D0720FE40022438024D0
:101F600024041443A94AF000944663445B195A1CA4
:101F70000192424600260A2A42DC5A4600994A400B
:101F800093464246022A32DC013A012A00D949E14D
:101F9000022E00D1CAE0012E3DD1002300240022F0
:101FA00010005A461B052343D2071343190007B0FC
:101FB000F0BCBB46B246A946A046F0BD924B2643B4
:101FC000EB18002E00D1BBE00322414611435A46D4
:101FD000884600994A40802109018C4629006144C5
:101FE000019141460A2900DD33E293460326424629
:101FF00001279740A6213A00C9000A400F4231D07C
:10200000029E022E00D135E2032E00D1D2E15446C9
:102010004846012EC1D0019A7D4B94466344002B63
:1020200000DCC0E0420709D00F220240042A05D09C
:10203000021D82428041404224181000E20106D570
:10204000744B019A1C4080239446DB006344724A1F
:1020500093426BDC6207C00864025B050243240BF9
:102060005B0D9DE7902189000F4263D188223A429F
:1020700000D1D7E0009BA2469B4681460296BFE76F
:102080002300334300D17FE0002C00D1ADE12000DC
:1020900000F010FF020003000B3A1D201900821A05
:1020A00030000839D0408C400443300088405B4AFF
:1020B000EB1A944663445A1C0192424600260A2AAF
:1020C00000DC5AE79CE753460343994654D05346F5
:1020D000002B00D177E1504600F0ECFE0B235B4271
:1020E0009C460200844411005046083988401D2354
:1020F000804660461B1A2000D84003004046034338
:102100009A4623008B4099460023444D9846AD1AC9
:10211000029315E752460243914626D100221D0044
:102120000223924608329046029309E700240022D7
:10213000354B35E7002380249B462403324B2FE7A1
:102140000222414611438022120194462A00624431
:10215000884601920A2900DD52E75A46002000997C
:1021600004004A40934602260BE70C221D0003237D
:10217000814690460293E3E600239A46043398464C
:10218000033B00250293DBE6424601331A432B0052
:1021900090465A1C019242460024002001260A2A39
:1021A00000DCEAE62CE70122D21A382A00DDF4E648
:1021B0001F2A00DC2AE11F214942CB1A2100D94005
:1021C0000B00202A05D0164A019D94466544AC4078
:1021D0002043421E90411843072319000024014068
:1021E00003420CD00F230340042B00D140E1031D18
:1021F0008342A4411800644261076402240BC208B0
:1022000000230A43CCE6C046FF07000001FCFFFFA5
:10221000FF030000FFFFFFFEFE0700000DFCFFFFB5
:102220003E04000049464A460904090C0D00160CFC
:10223000020C0004000C4543AC4605007543A8465B
:1022400015000F007543009202952A00009D6F4310
:1022500065462D0CA94647444F44B84505D915009D
:10226000802252029046454402953D0C03956546F6
:102270002D043F042D0CAC463D0065440495250C0F
:102280002404240CAC4625007543A84665460F007F
:102290006943414489466743390C49446E43884544
:1022A00003D980225202904646440D0CA8463500C0
:1022B00045440595039D3F04A8463F0C0904C919F0
:1022C00088444546039555462E04360C2F0C3500A0
:1022D0004543784381463800A8462D0CAA46009A0B
:1022E000504372434A445244914503D980256D02BC
:1022F000A9464844150CA94645462D042D0CA84670
:1023000065467D43120448449044A9463200654620
:1023100062436E437C43170C3619BF19BC4203D984
:1023200080246402A446E144029C039EA446059DC9
:1023300066448E428941AC4612043C04120CA21839
:102340006244494254184644A4464645A441824644
:102350006442A046AA4292418C458941E244D0445D
:10236000494252420A43A045A44182458941644200
:1023700049420C4341463F0CD2191219CC0D049925
:1023800070020843411E884141464A44F60D5202FC
:102390003043490214430843D20135D50122430892
:1023A00002401343E0071843640834E6009BA2464A
:1023B0009B4681468024534624031C4324034A46FB
:1023C0002E4B240BECE500F075FD15239C46844450
:1023D0000200634620321C2B00DC84E60023994671
:1023E0002300083883409A468EE600F063FD020021
:1023F0000300153220331C2A00DC4EE602003400B4
:10240000083A0020944052E6019304E61C4B210058
:102410009C460300019DD3406544A9401943030035
:10242000AB40581E834119430800D4404B0709D0E4
:102430000F230B40042B05D00B1D8B4280414042E3
:1024400024181800230200D4D6E601230024002219
:10245000A6E50F29AAD1802352461B031A42A9D010
:102460001C42A7D11C43009B02009B46034B97E5EF
:102470000024C1E60024014B220091E5FF07000083
:102480001E040000F0B54E464546DE465746E0B510
:1024900085B0009001910C034F00CE0F610A009CA3
:1024A000B046640F0C4300997F0DC80011001A005C
:1024B0001B039C460091019251004B0D9946019BD4
:1024C000009DD90F63466A0F5B0A1343EA009446E6
:1024D0009346C14A03900293914500D1CDE0012576
:1024E00069404D467D1BAA468E4200D180E0002DFA
:1024F00000DC35E34946002900D1DFE0974200D1F6
:1025000094E152460125382A19DC8022029B1204EC
:102510001343029352461F2A00DDE3E15346202273
:102520006146029DD21A9540D9400D4361469140C3
:102530000A00511E8A411543029ADA40A41A451B2B
:10254000A84280414042241A230200D43DE16402A3
:10255000640A002C00D147E1200000F0ABFC03002E
:10256000083B20212800CA1AD0409C4002009D4010
:1025700022439F4200DD77E1D81B0130091A2C006D
:102580008D40C4406B1E9D411300C2408B402543CB
:10259000002714001D436B0709D00F232B40042B89
:1025A00005D02B1DAB42AD416D4264191D002302C5
:1025B00000D440E1884A0137974200D101E1012669
:1025C00043468649ED0821404A072A437C054D02CF
:1025D0002D0B640D1E4024052C43F60734431000D8
:1025E000210005B0F0BCBB46B246A946A046F0BDEE
:1025F000002D00DCD0E24946002900D0D4E061463D
:10260000029B194300D12BE1691E012D00D1D9E1B4
:10261000954200D10AE10125382917DC8A46534644
:102620001F2B00DDE7E12022D21A029B6146934076
:102630001D005346D940634693401A000D43511E76
:102640008A4153461543029ADA40A4182D18854250
:10265000804140422418230200D4B6E05E4B01378B
:102660009F4200D1ADE001215C4B6A081C4029402B
:102670000A43E507154364088DE7594A029B9246D1
:102680006246BA441A432CD08E422ED05246002ABB
:1026900060D0002F00D1DBE063460E00029CD8081A
:1026A00062070243E4081300234300D154E280256B
:1026B0002D0325432D03484C2D0B8CE76146029BCF
:1026C000194300D1CCE029000139012D00D188E166
:1026D000954200D1AAE00125382900DD2FE78A467E
:1026E00018E7012251408E42D0D15346002B00D131
:1026F000BEE0002F00D038E1CA462200024300D1DC
:10270000E2E15346591E012B00D10DE2324A9245B7
:1027100000D1D2E10127382913DC1F2900DDEEE1C9
:102720002022029B521A250007009A46CC40904076
:102730009540CF40A244421E904153462F43074349
:1027400002933D00654465459241029B52424F46CB
:10275000D41880E7234A7D1C154200D0AAE06246C7
:102760002500029B05431A43002F00D0F5E0002D01
:1027700000D16BE1002A00D152E16346C51A029BE9
:10278000E21AA8429B415B42D31A1A0200D4D5E157
:1027900063461D1AAC4592410126029B52421C1B06
:1027A0008846A41A0E40F6E697423FD052460125CD
:1027B000382A00DD4AE78022029B12041343029369
:1027C0002DE73C000025002205E707232B40002BC6
:1027D00000D0E2E66BE0C046FF070000FFFF7FFF8E
:1027E00001F8FFFFFE070000280000F063FB030074
:1027F00018331F2B00DCB4E62A00083882409F42C1
:1028000000DDB9E0DB1B581C1F2800DCA0E115002F
:102810001F3BDD40202805D040231B1A9A40531E41
:102820009A411543072300272B40D0E7C0086207D1
:102830000243E40837E7EA0863071A43D34BE40886
:102840009F4200D12FE72403250B7C05640DC2E6CF
:10285000CA462200024358D163460E00029C0393ED
:10286000039B5746DA08E7E7C94CFF1A144092E683
:10287000C84D7A1C2A4200D084E022000243002F77
:1028800000D0EFE0002A00D1E5E0624602990A4359
:1028900000D1C5E06346C5188C468542804164443A
:1028A00040422418230202D5B94B01371C40BA46D6
:1028B0000395D5E76246851AA84292415242914655
:1028C000029BE31A1A004B46D21A130091461A02D1
:1028D0006CD44A464C462A4300D03AE600260024EF
:1028E000002578E6029953460D00203AD540202B6A
:1028F00006D04022D21A0B00934062461A439346F8
:102900005B465A1E93411D4319E653465A1E012B3E
:1029100000D1C6E09D4EB24500D1BDE688460E000E
:102920000125382A10DC1F2A7FDC20212500891A86
:10293000070088408D40D740D440411E8841029B0B
:102940003D431B1B054302936246551BAC45924118
:10295000029B52424F469C1AF6E5002D00D0B7E08C
:10296000002A00D1F0E001260E4063460298D90803
:1029700042070A43C40896E6854CFF1A14406207D2
:10298000E40860E781498A4200D1C9E06346C11882
:1029900081428041029B4042E3181B18DD075C081E
:1029A000072349080D4317002B4010E763461D1A03
:1029B000AC4592410126029B52421C1B8846A41A38
:1029C0000E40C6E56346C518029B854280419C4681
:1029D0004042644424180127230200D4F5E602276C
:1029E00041E66346C51AA8428041029B4042E41A70
:1029F0000127241AA8E5029D52462B00203AD34015
:102A000019005346202B06D04022D21A2B009340A7
:102A100062461A4393465D466B1E9D410D4315E683
:102A20006207C0080243E4080DE7110027002039BF
:102A3000CF40202A05D040218A1A94402500054322
:102A40000395039D6A1E95413D437DE7002A00D111
:102A500044E701260E406346D908029B5A070A4301
:102A6000DC08F0E6002A28D06246029FC0083A43FC
:102A700000D1DCE6620710438022E408120314420E
:102A800009D0FD08154206D1634601262C00D8085E
:102A90007B0718430E40420FC000C0085207024394
:102AA00001E663461D1AAC459241029B52421C1B33
:102AB0000E0088460127A41A46E56346D908029B02
:102AC0005A070A43DC08EEE56346029C0393C7E617
:102AD000C008002A00D1AAE6620710438022E40859
:102AE00012031442D7D0029FFD081542D3D163468A
:102AF0000126D8087B072C0018430E40CBE70A00BC
:102B00002700203AD740202905D04022521A94406D
:102B1000250005430395039D6A1E95412F4310E64A
:102B200014000025002256E5029B6044994660454A
:102B300092414C4452420500A4184CE71A001C0074
:102B40002A4300D0B3E6C9E6802400262403AEE57C
:102B500020210025091A17E5002200250B4C3AE533
:102B6000002D00D1F6E54B46DA1B9246002F00D12E
:102B70006FE6382A05DC80263604344388460E008A
:102B8000D1E688460E000125DEE6C046FF070000BC
:102B9000FFFF7FFFFE070000002D00D168E64B46D7
:102BA000D91B002F01D18A46A7E50127382900DD6E
:102BB000C7E5802212041443AFE5C046F0B5C6460F
:102BC0001E03360BB0460D4E0C034D005F0000B5E2
:102BD000240B6D0D7F0DB5420BD0084900208F42AC
:102BE00004D1464616433000431E984180BCB84687
:102BF000F0BD04430120002CF8D1EEE7FF070000F0
:102C00000B00020070B5164D0C0382B04900002085
:102C100000920193240B490DDE0FA94204DD1148F7
:102C2000814203DD104BF01802B070BD80204003DC
:102C300020430E4C641A1F2C08DD0D4B5B1AD84044
:102C400003005842002EEFD11800EDE7094B009A1F
:102C50009C46030061448B40E2401343F1E7C046C9
:102C6000FE0300001D040000FFFFFF7F330400008F
:102C700013040000EDFBFFFF70B5002816D0C3174A
:102C8000C5185D40C40F280000F014F9104B1B1A42
:102C90005B055B0D0A2814DC02002E0015329640FD
:102CA0000B22121AD5402D032D0B03E00024002324
:102CB000002500261B052B43E407234330001900A1
:102CC00070BD0B3885402D0300262D0BF2E7C04662
:102CD0001E04000010B5041E10D000F0EBF80E4BDF
:102CE0001B1A5B055B0D0A280FDC0B222100121A50
:102CF000D14015300A038440120B01E0002300226A
:102D00001B0513432000190010BD22000B38824020
:102D100012030024120BF3E71E04000070B54202F8
:102D20004300C40FFE201B0E591C550A08420CD04C
:102D3000E02189008C466D07120B63441B05134389
:102D4000E40723432800190070BD002B14D1002D87
:102D50001BD0280000F0AEF80A281CDC0B232A0048
:102D60001B1ADA40030015339D400E4B12031B1A49
:102D70005B05120B5B0DE1E7002D09D0130B8022E0
:102D800012031A436D07084BD8E700230022D5E74A
:102D90000022054BD2E703002A000B3B9A40002596
:102DA000E3E7C04689030000FF070000F0B54B00D1
:102DB0000F035B0D3B4C450F83B07F0A5E1C2F4316
:102DC00000900191CA0FC50026420BD036495C180D
:102DD000FE2C13DDFF200023C0051843D20710434B
:102DE00003B0F0BD002B02D100200023F4E73D43E7
:102DF000F0D08023DB03FF203B43EDE7002C14DD04
:102E0000009BFF009B01581E8341690F3B430B430E
:102E1000590741D00F211940042928D00433590102
:102E200025D501340023E0B2D6E721001731DBDBE2
:102E300080211E2009043943001B1F281BDD0226A8
:102E40007642341B0E00E6403400202804D0174898
:102E50008446634499400D432B00591E8B41234304
:102E6000590715D00F2100241940042917D19B01BF
:102E70005B0AE0B2B0E70E4C1C192B00A540C34022
:102E8000A140681E854129430B4300245907C1D145
:102E90009B0100205B0A9FE7DB08E0B29CE704335C
:102EA000E5E7C046FE07000080FCFFFFA2FCFFFF35
:102EB00082FCFFFF1C2101231B04984201D3000C5C
:102EC00010391B0A984201D3000A08391B0998429D
:102ED00001D30009043902A2105C40187047C046B3
:102EE00004030202010101010000000000000000D3
:102EF00010B5002903D1FFF7DDFF203002E0080004
:102F0000FFF7D8FF10BDC04680B500AFBFF34F8FAD
:102F1000C046044B044ADA60BFF34F8FC046C04638
:102F2000FDE7C04600ED00E00400FA0580B500AF03
:102F300000F012F800F08EF800F0C0F800F02AF966
:102F400000F0B8F900F0CAFA00F03AFC00F0CAFC50
:102F5000C046BD4680BD000090B583B000AF3B1DAC
:102F600000221A70BB1D08221A80BB1C00221A8086
:102F7000334ABB1C12881A80BB1C1B88314A9342FF
:102F800007D1314B01221A70304B00221A70FA23FC
:102F900051E0BB1C1B881B0A9BB2DAB22A4B1A7089
:102FA000294B1B78002B02D1274B01221A70BB1C26
:102FB0001B88DAB2254B1A707B1D01221A7032E091
:102FC0007B1C00221A7024E0BB1D1B881C4A9446FF
:102FD000634419007B1D1B785A1E7B1C1B78DBB2D7
:102FE0001C000B8898B21A4913009B009B185B00C9
:102FF0009B181B195B00021C5A52BB1DBA1D12887C
:1030000008321A807B1C1B78DBB20133DAB27B1CDE
:103010001A707B1C1B78DBB20A2BD5D97B1D1A7862
:103020007B1D01321A70084B1B787A1D12789A4268
:10303000C6D93B1D1B781800BD4603B090BDC046E5
:1030400000A80708FFFF00007C000020FC1A0020F9
:10305000F416002080B582B000AFFB1D00221A706C
:10306000BB1D01221A7019E0BB1D1B789BB20133F6
:1030700098B2BB1D1B78013B5A000E4BD3181900A8
:1030800011F0F1F9BB1D1B78192B02D9FB1D0A2287
:103090001A70BB1D1A78BB1D01321A70064B1B78C3
:1030A000BA1D12789A42DFD9FB1D1B781800BD4665
:1030B00002B080BDC81A00207C00002090B583B00B
:1030C00000AFFB1C00221A70BB1D00221A803B00BF
:1030D00000221A807B1D00221A704BE03B1D01224A
:1030E0001A7033E0BB1D1B881C339BB23A001100E1
:1030F000180011F0B8F93B0018887B1D1A783B1DA9
:103100001978C4B2214813009B009B185B00C318B8
:10311000221C5A543B001B881B0A98B27B1D1A784C
:103120003B1D1B78591EC4B2184813009B009B1806
:103130005B00C318221C5A54BB1D1A88BB1D0132E8
:103140001A803B1D3A1D127802321A703B1D1B7803
:10315000092BC7D97B1D1A780C4913009B009B18BB
:103160005B00CB18093300221A707B1D1A787B1D77
:1031700001321A70064B1B787A1D12789A42ADD92B
:10318000FB1C1B781800BD4603B090BD68190020D9
:103190007C00002090B583B000AFFB1C00221A70A9
:1031A000BB1D00221A803B0000221A807B1D0022DA
:1031B0001A707B1D00221A7015E0BB1D1B88CB33D3
:1031C00098B27B1D1B785A00374BD318190011F0A9
:1031D0004AF9BB1D1A88BB1D01321A807B1D1A7863
:1031E0007B1D01321A70314B1B787A1D12789A427E
:1031F000E3D37B1D00221A704BE03B1D01221A70A5
:1032000033E0BB1D1B8899339BB23A0011001800B4
:1032100011F029F93B0018887B1D1A783B1D19789D
:10322000C4B2234813009B009B185B00C318221CE8
:103230005A543B001B881B0A98B27B1D1A783B1D11
:103240001B78591EC4B21A4813009B009B185B00E0
:10325000C318221C5A54BB1D1A88BB1D01321A8088
:103260003B1D3A1D127802321A703B1D1B78092B48
:10327000C7D97B1D1A780E4913009B009B185B0071
:10328000CB18093300221A707B1D1A787B1D01327E
:103290001A707B1D1B78092BAFD9FB1C1B781800FB
:1032A000BD4603B090BDC046941A00207C000020AB
:1032B000040A0020B0B588B002AF0B23FB1800222F
:1032C0001A703B1D00221A80BB1C00221A800824A1
:1032D0003B1900221A80BB1D00221A8017257B197A
:1032E00000221A7000233B610023FB603B1D190084
:1032F000E42011F0B8F803001A003B191A803B19BA
:103300001B88002B03D13B1D1A887B191A703B1DAB
:103310001900E52011F0A7F803001A0008243B1952
:103320001A80BB1C1900E62011F09DF803001A005A
:10333000BB1D1A803B191B88002B0AD1BB1D1B88A3
:10334000002B06D13B1D1B881B04BA1C12889B183E
:103350003B613B1D1900E72011F085F803001A00BE
:1033600008243B191A80BB1C1900E82011F07BF8D7
:1033700003001A00BB1D1A803B191B88002B0AD1C1
:10338000BB1D1B88002B06D13B1D1B881B04BA1CD0
:1033900012889B18FB603B1D1900E92011F063F8AF
:1033A00003001A0008217B181A807B181B88002B49
:1033B0000BD13B1D1B881B0A9BB2DAB2414B1A7022
:1033C0003B1D1B88DAB2404B1A703B1D1900EA20E6
:1033D00011F049F803001A0008217B181A807B18A5
:1033E0001B88002B0BD13B1D1B881B0A9BB2DAB23A
:1033F000364B1A703B1D1B88DAB2354B1A703B1DD9
:103400001900EB2011F02FF803001A0008217B1897
:103410001A807B181B88002B0BD13B1D1B881B0AB5
:103420009BB2DAB22B4B1A703B1D1B88DAB22A4BC7
:103430001A70244B1B78002B11D0234B1B78002BC8
:103440000DD0204B1D78204B1B78FC683969172262
:10345000BA18107800932B00220007F0A3FA1B4B38
:103460001B78002B11D01A4B1B78002B0DD0174B5B
:103470001D78174B1B78FC6839691722BA18107829
:1034800000932B00220007F08DFA124B1B78002BC3
:1034900011D0114B1B78002B0DD00E4B1D780E4B0D
:1034A0001B78FC6839691722BA18107800932B0032
:1034B000220007F077FA0B23FB181B781800BD4693
:1034C00006B0B0BD231B0020241B0020251B0020BC
:1034D000261B0020271B0020281B0020B0B584B02D
:1034E00000AF0F23FB1800221A7008243A198A2310
:1034F0005B001100180010F0B6FF03001A000C2149
:103500007B181A807B181B88002B24D13B191B8841
:103510001A1C03231340DAB2A44B03210A405001C2
:103520001A7860218A43111C021C0A431A703B1945
:103530001B881B0A9BB21A1C01231340DAB29B4B57
:1035400001210A4090001A7804218A43111C021CB0
:103550000A431A701FE0964B1B785B069B0FDAB28A
:10356000924B03210A4050011A7860218A43111CB2
:10357000021C0A431A708E4B1B785B07DB0FDAB212
:103580008A4B01210A4090001A7804218A43111CB9
:10359000021C0A431A7008243A198E235B0011009A
:1035A000180010F060FF03001A000C217B181A802D
:1035B0007B181B88002B11D13B191B881BB29BB2B7
:1035C000DB0BDAB2794B01210A40D0001A780821CE
:1035D0008A43111C021C0A431A700FE0744B1B78BB
:1035E0001B07DB0FDAB2714B01210A40D0001A78B9
:1035F00008218A43111C021C0A431A7008243A1934
:103600001623FF331100180010F02DFF03001A00DD
:103610000C217B181A807B181B88002B04D13B19C6
:103620001A88644B1A8003E0634B1A88614B1A8036
:1036300008243A198B235B001100180010F013FFC7
:1036400003001A000C217B181A807B181B88002BA2
:1036500004D13B191A88574B5A8003E0564B5A88BD
:10366000544B5A8008243A191823FF3311001800CC
:1036700010F0F9FE03001A000C217B181A807B1849
:103680001B88002B0CD13B191B88DAB2494B1A71ED
:103690003B191B881B0A9BB2DAB2464B5A7107E0F2
:1036A000454B1A79434B1A71434B5A79414B5A7126
:1036B00008243A198C235B001100180010F0D3FE87
:1036C00003001A000C257B191A80BA1D1A23FF3338
:1036D0001100180010F0C7FE03001A000A217B1821
:1036E0001A807B191B88002B0DD17B181B88002B9F
:1036F00009D13B191B881A00BB1D1B881B041A43E8
:103700002C4B9A600CE02D4B1B78002B04D0294BDE
:10371000E12252029A6003E0274B9A68254B9A6097
:1037200008243A198D235B001100180010F09BFE4D
:1037300003001A000C217B181A807B181B88002BB1
:103740000CD13B191B88DAB21A4B1A733B191B8830
:103750001B0A9BB2DAB2174B5A7305E0154B1822BD
:103760005A73144B00221A7308243A191C23FF338E
:103770001100180010F077FE03001A000C217B18CE
:103780001A807B181B88002B05D13B191B88DAB2E5
:10379000084B9A7603E0084B9A7E064B9A760F23E5
:1037A000FB181B781800BD4604B0B0BD1C1B0020E0
:1037B000201B0020001B002080000020221B002076
:1037C00080B582B000AFBB1D00221A703B00002202
:1037D0001A803B1D00221A80FB1C00221A70FB1D60
:1037E00000221A7071E0FB1D1B783B339BB29B00DB
:1037F0009BB23A001100180010F035FE03001A00C9
:103800003B1D1A803B1D1B88002B59D13B001B8898
:103810001B0A9AB2FB1C1A70FB1C1B781B09DBB23B
:103820001A00FB1D1B7801339A4249D1FB1C1B78FF
:103830000F22134044D0FB1D1B785A1CFB1C1B7825
:103840000F210B40D8B2264913005B009B18CB1800
:103850000133021C1A703B001988FB1D1B785A1C8F
:10386000C8B21F4913005B009B18CB180233021C1F
:103870001A70FB1D1B785A1C194913005B009B181A
:10388000CB1801331A78FB1D1B780133DBB219000A
:10389000100011F0ABFCFB1D1B780133D8B2FB1DEF
:1038A0001B785A1C0E4913005B009B18CB1802337F
:1038B0001B7801221340DBB20022190011F094FEA4
:1038C000FB1D1A78FB1D01321A70FB1D1B78052B9E
:1038D00089D9BB1D1B781800BD4602B080BDC0460B
:1038E0009832002090B585B000AF0F23FB1800225E
:1038F0001A706F4BBB60322021F0F0FF03003B6079
:103900003B68002B01D1FB23CEE0BB681B78FE2B6C
:1039100001D0FF23C8E0FB1D00221A70B8E00F237E
:10392000FB1800221A7010E0BB685A1CBA6019001C
:103930000F203B181B783A68D3180A78D2B21A7055
:103940003B181A783B1801321A700F243B191B7868
:10395000132BE9D9FB1D1A7813009B009B189B00C1
:10396000544A98183B6801331422190023F005FDCE
:103970003B6814220021180023F0D7FB3B190022DA
:103980001A70BB681433BB600FE0BA680F203B1895
:103990001B783968CB1812781A70BB680133BB608A
:1039A0003B183A18127801321A70BB681B78FE2B4C
:1039B00008D0BB681B78FF2B04D00F23FB181B78A3
:1039C000312BE2D90F217B181B78013B3A68D318C1
:1039D0001B78002B04D07B187A18127801321A70E9
:1039E0000F23FB181A78FB1D1C78100021F076FFBE
:1039F000030019002F4A23009B001B199B00D318BA
:103A00000C331960FB1D1A782A4913009B009B1880
:103A10009B00CB180C331B68002B12D1FB1D1A78AE
:103A200013009B009B189B00224A9B181422002124
:103A3000180023F07AFB3B68180021F059FF0E2391
:103A400032E0FB1D1A781B4913009B009B189B005A
:103A5000CB180C3318680F243B191A783B681900EF
:103A600023F08BFC144B1B780133DAB2124B1A7023
:103A70003B191A783B680021180023F056FBBB68FD
:103A80001B78FE2B0AD1FB1D1A78FB1D01321A7020
:103A9000FB1D1B78042B00D841E700E0C0463B68C3
:103AA000180021F025FF00231800BD4605B090BD89
:103AB00000B00708B01B0020A50A002080B582B026
:103AC00000AFFB1D00221A70BB1D01221A7021E0FD
:103AD000BB1D1B785A1E154B5200D35A002B0DD01C
:103AE000BB1D1B789BB2013398B2BB1D1B785A1EBD
:103AF0000E4B5200D35A190010F0D6FCBB1D1B7898
:103B0000192B02D9FB1D0A221A70BB1D1A78BB1D86
:103B100001321A70064B1B78BA1D12789A42D7D917
:103B2000FB1D1B781800BD4602B080BDC81A0020DE
:103B30007C00002090B583B000AFFB1C00221A70FF
:103B4000BB1D00221A803B0000221A807B1D002230
:103B50001A7047E07B1D1A78284913009B009B18B8
:103B60005B005B5C002B38D03B1D01221A7030E0FB
:103B70007B1D1A783B1D1B78591E204813009B00A3
:103B80009B185B00C3185B5C1B0299B27B1D1A7803
:103B90003B1D1878194C13009B009B185B00E31821
:103BA0001B5C1A003B008A181A80BB1D1B881C3343
:103BB0009AB23B001B881900100010F075FCBB1D69
:103BC0001A88BB1D01321A803B1D3A1D1278023241
:103BD0001A703B1D1B78092BCAD97B1D1A787B1DD7
:103BE00001321A70064B1B787A1D12789A42B1D9AD
:103BF000FB1C1B781800BD4603B090BD681900205F
:103C00007C000020F0B587B000AFB9607A60190081
:103C10000F243B19021C1A700E257B190A1C1A70FE
:103C20001726BB1900221A703B191B789BB219008A
:103C3000E42010F039FCBB681B0A9BB21900E52098
:103C400010F032FCBB689BB21900E62010F02CFC8F
:103C50007B681B0A9BB21900E72010F025FC7B68EB
:103C60009BB21900E82010F01FFC7B191B789BB257
:103C70001B029AB2202310241B19DB191B789BB25C
:103C8000D3189BB21900E92010F00EFC24231B1955
:103C9000DB191B789BB21B029AB228231B19DB1974
:103CA0001B789BB2D3189BB21900EA2010F0FCFBE2
:103CB0002C231B19DB191B789BB21B029AB23023F1
:103CC0001B19DB191B789BB2D3189BB21900EB2090
:103CD00010F0EAFBBB191B781800BD4607B0F0BD19
:103CE00080B582B000AFFB1D00221A70284B1A88E5
:103CF0001623FF331100180010F0D6FB244B5A880E
:103D00008B235B001100180010F0CEFB204B5B7979
:103D10001B021AB21E4B1B7B1BB213431BB29AB27F
:103D20001823FF331100180010F0BEFB184B9B68DE
:103D30009AB28C235B001100180010F0B5FB144BF5
:103D40009B681B0C9AB21A23FF331100180010F065
:103D5000ABFB0F4B5B7B1B021AB20D4B1B791BB2EB
:103D600013431BB29AB28D235B001100180010F0B0
:103D70009BFB074B9B7E1A001C23FF33110018008E
:103D800010F092FBFB1D1B781800BD4602B080BDF1
:103D9000001B002080B582B000AFFB1D00221A700E
:103DA0001B4B34220021180023F0BFF9BB1D012258
:103DB0001A7021E0BB1D1B785A1E154B5200D35AB6
:103DC000002B0DD0BB1D1B789BB2013398B2BB1DDD
:103DD0001B785A1E0E4B5200D35A190010F064FB88
:103DE000BB1D1B78192B02D9FB1D0A221A70BB1DA3
:103DF0001A78BB1D01321A70064B1B78BA1D127857
:103E00009A42D7D9FB1D1B781800BD4602B080BD71
:103E1000C81A00207C000020B0B58EB002AF142379
:103E2000F8180A257A191823F9180823FB180093A3
:103E30000300012010F03EFD0C23F818BA1D1023DA
:103E4000F9183B1D00930300022010F033FD1C21E4
:103E50007B1801225A607B1800229A607B191B880C
:103E60001A007B181A60BB691A000C007B18190035
:103E700010001CF073FD21007B1800225A607B1893
:103E800002229A603B1D1B881A007B181A60FB688F
:103E90001A007B18190010001CF060FDBB691800A7
:103EA0007B191B88002219001CF0E1FE052012F08E
:103EB000A1FDFB681A003B1D1B88190010001CF0B7
:103EC000B9FE031E17D1BB6918007B191B8801229C
:103ED00019001CF0CCFE052012F08CFDFB681A00C6
:103EE0003B1D1B88190010001CF0A4FE0300012BD1
:103EF00001D1012300E000231800BD460CB0B0BD85
:103F000090B585B000AF78600F23FB1800221A70BF
:103F10001CE00F243B191A78114913005B009B1811
:103F20009B00CB1808331A687B6811001800FCF757
:103F3000EBF8031E04D13B191B780133DBB20BE015
:103F40000F217B181A787B1801321A700F23FB1887
:103F50001B78072BDDD900231800BD4605B090BDA6
:103F6000C801002080B584B000AF78600F23FB1833
:103F700000221A7041E0264A7B6811001800FCF705
:103F8000C3F8031E01D101233DE0224A7B681100E2
:103F90001800FCF7B9F8031E01D1022333E01E4AD2
:103FA0007B6811001800FCF7AFF8031E01D1032352
:103FB00029E01A4A7B6811001800FCF7A5F8031ED7
:103FC00001D104231FE0164A7B6811001800FCF79A
:103FD0009BF8031E01D1052315E0124A7B681100EE
:103FE0001800FCF791F8031E01D106230BE00F2106
:103FF0007B181A787B1801321A700F23FB181B7874
:10400000052BB8D900231800BD4604B080BDC046BA
:1040100028C402082CC4020830C4020834C40208B0
:1040200038C402083CC4020880B582B000AF12F068
:1040300083F912F07DFB10F0EBF910F0A1FA0FF00C
:10404000A7FE12F019FC10F0EDF812F04FFC10F082
:1040500083FB031E03D010F07DFAFEF755FFFFF738
:10406000DBFE031E21D03A4B01221A70322012F0DF
:10407000C1FC0CF0FDFC374BE12252029A60FB1DA3
:1040800001221A700CE0334B9A68FB1D1B7811005B
:10409000180013F019F9FB1D1A78FB1D01321A7074
:1040A000FB1D1B78052BEED904E0322012F0A2FC98
:1040B0000CF0DEFCFEF73AFF13F070FA0FF0A2FEF0
:1040C000254B1B78002B13D180231B022348012290
:1040D00019001CF0CCFDFA235B00180012F08AFCDA
:1040E00080231B021D48002219001CF0C0FD26E0A1
:1040F00080231B021948012219001CF0B8FDFA2385
:104100005B00180012F076FC80231B02134800228B
:1041100019001CF0ACFD642012F06CFC80231B0223
:104120000E48012219001CF0A2FD642012F062FC6E
:1041300080231B020948002219001CF098FD06F09C
:104140001BFA074B01221A70C046BD4602B080BD63
:10415000221B0020001B0020FC1A0020000400503D
:10416000A30A002080B500AF1AF0CAF90CF06EF86F
:10417000FFF75AFF06F024FA16F0E6FEC046BD46E9
:1041800080BD0000F0B587B002AF0F23FB180022FE
:104190001A700E23FB1800221A700D23FB18002240
:1041A0001A707B1D00221A703B1D00221A700C230E
:1041B000FB1800221A700B23FB1800221A700A2326
:1041C000FB1800221A7009243B1900221A70BB1C2C
:1041D00000221A80B84B01221A700823FB18002213
:1041E0001A70B64B1B78180000F0FAFC322016F05B
:1041F000B3FE3B1901221A7013E009217B181B78CA
:104200005A1EAF4B9200D35A002B04D00823FB1840
:104210007A1812781A7009217B181A787B180132E3
:104220001A700923FB181B78052BE6D9FB1D012208
:104230001A701BE0A14B1B78FA1D12789A4210D01D
:10424000FA1D0823FB1812781B789A4209D0FB1D2F
:104250001B78180013F058F803000121180013F020
:104260007DF8FB1D1A78FB1D01321A70FB1D1B78AF
:10427000052BDFD9914B1B78180000F0B1FC914B56
:1042800002221A70322016F067FE0E23FB1801225C
:104290001A700923FB1801221A7041E009217B18CA
:1042A0001B785A1E864B9200D35A002B32D00E2414
:1042B0003B193A19127801321A70834B3A19127865
:1042C0005A70824B3A1912781A707F4B00221A707A
:1042D0000D007B181878032300931023002200217F
:1042E00006F07EFF3B191B789BB21B029BB27A192A
:1042F0001278511E724A89008A5AD2B211007A1974
:104300001278013A5B1899B26D4B9200D15232206B
:1043100016F022FE09217B181A787B1801321A70D8
:1043200009217B181B78052BB8D9694B1A88694B72
:104330001A807B1801221A705CE009243B191B7853
:104340005A1E5F4B9200D35A002B4DD03B191B785D
:10435000591EBB1C5A4A89008A5A1A80BB1C1B88EA
:104360001B0A9AB27B1D1A703B191B785A1E544BBC
:104370009200D25A3B1D1A707B1D1B78DB001AB2CB
:104380003B1D1B781BB2134319B23B191A7889B233
:10439000504B5200D1523B191B78013B7A1D1278C9
:1043A000013A47499B00CB1802331888494B162124
:1043B0004A43011CD152404B1B78DB001AB23B1917
:1043C0001B781BB2134319B27B1D1B785A1E3B1D71
:1043D00018788CB23F4913009B009B185B009B1818
:1043E0001B185B00221C5A5209217B181A787B1873
:1043F00001321A700923FB181B78052B9DD90C2359
:10440000FB1802221A7017E00E23FB181B789BB2D0
:104410001622534399B22F4A0C243B1918780B00EB
:10442000112106F057FE0A2016F096FD21007B1898
:104430001A787B1801321A700C23FA180E23FB1815
:1044400012781B789A42DFD974E10C23FB18022200
:104450001A7061E1BB1D01221A700AE0BB1D1B78B6
:10446000013B194A0121D154BB1D1A78BB1D0132F1
:104470001A70BB1D1B780A2BF0D9134B00229A72BD
:104480000C243B191B780B220E21180006F0D0FDDE
:10449000322016F061FD3B191B7800220C21180018
:1044A00006F0C6FD96235B00180016F055FD0B23A1
:1044B000FB1801221A7061E0FC1A0020A00A0020FB
:1044C00000160020A20A0020D00B00207C00002053
:1044D0007A000020F41600200B203B181B78591E90
:1044E000BB1CDD4A89008A5A1A80BB1C1B881B0A28
:1044F0009AB27B1D1A70BB1C1B88002B38D07B1D09
:104500001B78002B34D10E217B187A1812780132D7
:104510001A70D24B7A1812785A70D14B7A181278D6
:104520001A707B181B789BB21B029BB23A18127848
:10453000511EC94A89008A5AD2B211003A1812781B
:10454000013A5B1899B2C44B9200D152C34B01227D
:104550001A70C24B3A1812789A700C23FB181B7809
:1045600003221021180006F063FD322016F0F4FC3F
:104570000B217B181A787B1801321A700B22BB189A
:104580001B780A2BA8D9BB1801221A708EE00B24C5
:104590003B191B785A1EB04B9200D35A002B00D106
:1045A0007EE03B191B78591EBB1CAB4A89008A5A16
:1045B0001A80BB1C1B881B0A9AB27B1D1A703B1900
:1045C0001B785A1EA44B9200D25A3B1D1A707B1DB9
:1045D0001B78012B64D00C257B191B785A1E3B19C4
:1045E0001878A04913009B009B185B009B181B18B0
:1045F0005B005B5A002B18D17B1D1B78DB001AB2C5
:104600003B1D1B781BB2134319B27B191B785A1E32
:104610003B1918788CB2934913009B009B185B00E0
:104620009B181B185B00221C5A527B1D1B785A1EBC
:104630003B1D18788B4913009B009B185B009B184F
:104640001B185B005B5A002B2AD10B243B191B78EB
:10465000013B7A1D1278013A7F499B00CB18023347
:104660001888804B16214A43011CD1520C23FB1899
:104670001B78DB001AB23B191B781BB2134319B22B
:104680007B1D1B785A1E3B1D18788CB27549130090
:104690009B009B185B009B181B185B00221C5A5246
:1046A0000B217B181A787B1801321A700B243B19E6
:1046B0001B780A2B00D86AE7674B142200211800E8
:1046C00022F033FD3B1902221A7017E00E23FB186B
:1046D0001B789BB21622534399B2624A0B243B19B2
:1046E00018780B00112106F0F5FC642016F034FC5C
:1046F00021007B181A787B1801321A700B23FA18E4
:104700000E23FB1812781B789A42DFD90C217B18F4
:104710001A787B1801321A700C23FA180E217B18B4
:1047200012781B789A4200D894E60D23FB187A1869
:1047300012781A700D23FA180E23FB1812781B78C2
:104740009A4200D081E6484B1B78180000F048FAE6
:10475000322016F001FC0C23FB1801221A7020E015
:104760000C23FB181B78591EBB1C404A89008A5A2F
:104770001A80BB1C1B881B0A9AB27B1D1A70BB1CBB
:104780001B88002B07D07B1D1B78002B03D10F2328
:10479000FB1805221A700C217B181A787B1801323D
:1047A0001A700C22BB181B78052BD9D9BB18022212
:1047B0001A703DE00C23FB181B7800220C21180016
:1047C00006F036FC96235B00180016F0C5FB0B23A1
:1047D000FB1801221A7020E00B23FB181B78591ECE
:1047E000BB1C1D4A89008A5A1A80BB1C1B881B0AE5
:1047F0009AB27B1D1A70BB1C1B88002B07D07B1D37
:104800001B78002B03D10F23FB1805221A700B21F4
:104810007B181A787B1801321A700B23FB181B784F
:104820000A2BD9D90C217B181A787B1801321A70FF
:104830000C23FA180E23FB1812781B789A42B9D968
:104840000F23FB181B78002B00D057E10923FB181E
:1048500001221A7024E0C04614160020D00B00205C
:104860007C000020F4160020A00A00200016002082
:10487000D44B1B881BB209203A181278013A8021C8
:10488000090211410A0012B2D24312B213401BB204
:104890009AB2CC4B1A803B181A783B1801321A7026
:1048A0000923FB181B78052BE2D90C23FB180E22D9
:1048B000BA1812781A70F3E00A23FB1801221A7052
:1048C000A9E00C243B191B785A1E0A257B1918787D
:1048D000BD4913009B009B185B009B181B185B00D5
:1048E0005B5A002B21D17B191B78013BB74A002171
:1048F000D15420003B181B785A1EB24B5200D35A99
:104900001BB27A191278013A8021090211410A007A
:1049100012B2D24312B2134019B23B181B785A1E7E
:1049200089B2A84B5200D1526FE00C257B191B783D
:104930005A1E0A26BB191C78B91CA34813009B00F9
:104940009B185B009B181B195B001B5A0B80BB1C40
:104950001B88DB089AB27B1D1A70BB1C1B88DAB25D
:104960003B1D07210A401A707B1D1B785A1E954B70
:104970005200D35A19003B1D1B78013B80221202C2
:104980001A4113000B401ED1BB191B78013B8F4A03
:104990000121D1547B191B785A1E8A4B5200D35ADD
:1049A0001AB2BB191B78013B8021090219410B0087
:1049B0001BB2134319B27B191B785A1E89B2814B63
:1049C0005200D15221E00A203B181B78013B7F4A5C
:1049D0000021D1540C243B191B785A1E794B5200EC
:1049E000D35A1BB23A181278013A802109021141B8
:1049F0000A0012B2D24312B2134019B23B191B780B
:104A00005A1E89B26F4B5200D1520A217B181A7874
:104A10007B1801321A700A23FB181B780A2B00D866
:104A20004FE70C243B191B781900012000F0F8FA1D
:104A300020003B181B78013B654AD35C5A1E7B1D46
:104A400064498A5C1A703C1D7B1D1A7805003B186E
:104A50001B781100180000F0E3FA030023707A1DA0
:104A60007B1912781B789A4206D03B1D1B78013BBC
:104A7000564AD35C012B02D1544B01229A720C246A
:104A80003B191B780B220E21180006F0D1FA0A20E0
:104A900016F062FA21007B181A787B18013A1A7016
:104AA0000C23FB181B78012B00D905E70923FB1801
:104AB00001221A701DE0484B1B7809217A181278E0
:104AC0009A4210D07A180823FB1812781B789A4261
:104AD00009D07B181B78180012F016FC0300002187
:104AE000180012F03BFC09217B181A787B18013260
:104AF0001A700923FB181B78052BDCD90F23FB1830
:104B00001B78002B25D10C23FB1802221A7019E008
:104B10000C243B191B7800220121180006F088FAAA
:104B20003B191B78013B2A4AD35C1A0013009B00F7
:104B30009B185B00180016F00FFA3B191A783B1906
:104B400001321A70254B1B780C22BA1812789A423F
:104B5000DED90F23FB181B78002B2CD10BF0ACFCFB
:104B6000FEF7ACFF642016F0F7F90C23FB180222C5
:104B70001A7019E00C243B191B780022152118002B
:104B800006F056FA3B191B78013B114AD35C1A0018
:104B900013009B009B185B00180016F0DDF93B1911
:104BA0001A783B1901321A700C4B1B780C22BA1878
:104BB00012789A42DED90F23FB181B781800BD46E5
:104BC00005B0F0BDC81A0020F4160020D00B00205C
:104BD0003019002084230020A00A00207C0000203F
:104BE00080B586B002AF0200FB1D1A700E23FB18C1
:104BF00000221A700F23FB1801221A7028E00F21DF
:104C00007A18FB1D12781B789A421BD0164B1B8812
:104C10001B0A9BB2DAB2154B1A70134B1B88DAB21F
:104C2000124B5A70114B7A1812789A707B181878B8
:104C3000032300930A230022002106F0D1FA052065
:104C400016F08AF90F217B181A787B1801321A7036
:104C50000F23FB181B78052BD1D90E23FB181B78CB
:104C60001800BD4604B080BD7A000020D00B0020A3
:104C7000F0B58DB000AF1F23F918087069460E001B
:104C800013211823CB18D9190020087017211823D5
:104C9000CB18D9190020087016211823CB18D91960
:104CA0000020087015201823C318D9190020087097
:104CB00014201823C318D91900200870D549097881
:104CC0000800013878623961002078613A697B69AF
:104CD0001000400F3A617B61DD0005433B69DC0059
:104CE0003960002078603C687D682300580F2B00F5
:104CF000DB00FB60FB680343FB602300DB00BB6061
:104D00000B000733DB08DB006A46D31A9D466B466F
:104D100000333B6216211823CB18DB1900221A70CE
:104D200018E016201823C318DB191B783A6A0021F3
:104D3000D1541823C318DB191A78B74B520000213D
:104D4000D1521823C318DB191A781823C318DB199A
:104D500001321A70AF4B1B78162218215218D21943
:104D600012789A42DDD315211823CB18DB191822AB
:104D70008A18D219127801321A701F23FB181B7877
:104D8000013B3A6A080018240919C9190978D15455
:104D90001823C318DB1918228218D219127801328D
:104DA0001A70172318229B18DB1901221A7054E07D
:104DB0001F23FB181B785A1E17241823E318DB192E
:104DC0001878964913009B009B185B009B181B18D2
:104DD0005B005B5A002B36D01F23FB181B785A1E32
:104DE0008D4B5200D35A1AB220001823C318DB1976
:104DF0001B78013B012199400B001BB2134319B2F0
:104E00001F23FB181B785A1E89B2834B5200D152C4
:104E10001F23FB181B785A1E1823C318DB19187898
:104E20007E4913009B009B185B009B181B185B00BE
:104E30005B5ADB089BB2013B3A6A1521182009181E
:104E4000C9190978D15417211823CB18DB191A78FE
:104E50001823CB18DB1901321A70172318229B185C
:104E6000DB191B78062BA3D9142318229B18DB19F6
:104E700000221A7015221823D318DB191821521892
:104E8000D219127801321A70162318229B18DB19D6
:104E900000221A70A2E0162318229B18DB191B7837
:104EA0003A6AD35C1A00152318215B18DB191B78AA
:104EB000013B9A4200D087E0172318229B18DB1988
:104EC00001221A7078E016241823E318DB191A78E7
:104ED00017251823EB18DB191878504913009B008D
:104EE0009B185B009B181B185B005B5A002B59D06A
:104EF0001823E318DB191A781823EB18DB19187834
:104F0000464913009B009B185B009B181B185B0015
:104F10005B5ADB089BB2013B3A6AD35C002B41D160
:104F200020001823C318DB191A783B4B5200D35AC0
:104F30001AB22C001823E318DB191B78013B01215E
:104F400099400B001BB2134319B21823C318DB1985
:104F50001A7889B2304B5200D1521823C318DB198A
:104F60001A781823E318DB1918782C4913009B00D2
:104F70009B185B009B181B185B005B5ADB089BB2FD
:104F8000013B3A6A152118200918C9190978D1542A
:104F900014221823D318DB1918215218D2191278A9
:104FA00001321A7017211823CB18DB191A7818232D
:104FB000CB18DB1901321A70172318229B18DB1942
:104FC0001B78062B00D87EE716211823CB18DB1997
:104FD0001A781823CB18DB1901321A700D4B1B7885
:104FE000162218215218D21912789A4200D252E78A
:104FF000142318229B18DB191B78002B00D033E7F1
:10500000132318229B18DB191B78B5461800BD46E0
:105010000DB0F0BD7C00002028160020F416002002
:10502000B0B594B000AF0200FB1D1A70BB1D0A1C86
:105030001A700823FB1800221A6004332E22002164
:10504000180022F072F83B23FB1800221A704F233D
:10505000FB1800221A703A23FB1800221A704E2304
:10506000FB1800221A709F4B1A220021180022F010
:105070005CF8FB1D1B78013B9B4A0021D154FB1DB2
:105080001B78013B994A0021D1540123BB6432E0D3
:10509000FB1D1B785A1E964913009B009B185B0052
:1050A0009B18BA6C9B185B005B5A002B20D0FB1D31
:1050B0001B785A1E8E4913009B009B185B009B189F
:1050C000BA6C9B185B005B5ADB089AB2BB1D1B785D
:1050D0009BB29A420CD1BB1D1B78013B824A012135
:1050E000D154804BBA1D12781A70BB6CDBB2F5E05C
:1050F000BB6C0133BB64BB6C062BC9DD01237B6435
:1051000011E0FB1D1B787A6C9A4209D07B6C013B45
:10511000754AFF21D1547B6C013B744A0021D15464
:105120007B6C01337B64734B1B781A007B6C93425E
:10513000E7DD77E008243A196B4B1100180000F006
:10514000DBF803001A004F217B1801321A707A181D
:10515000BB1D12781B789A426DD07B181B78013BDF
:105160003A190121D1544323FB1801221A7054E04B
:105170004F243B191B785A1E43257B1918785C492C
:1051800013009B009B185B009B181B185B005B5A6D
:10519000002B3CD03B191B785A1E7B1918785449B8
:1051A00013009B009B185B009B181B185B005B5A4D
:1051B000DB089AB23A217B181A707B181B78013BE6
:1051C0000822BA18D35C002B21D13B191B78013B74
:1051D000454AD25C3B203B1801321A707B181B7881
:1051E000013B414AD35C05003A1812789A420ED22C
:1051F00008007B181B78013B3B4A79190978D15488
:105200003B181B78013B394A39190978D15443219D
:105210007B181A787B1801321A704323FB181B780D
:10522000062BA5D90823FB18180000F0A9F8031EC7
:1052300000D17FE700E0C04613E04E22BB181B7888
:10524000BA18591C11701900264B4F203A181278C1
:105250005A5401007B181B785A1E7B1823498A5C1C
:105260001A704F23FB181B78013B204AD35C002B9C
:10527000E3D10123FB632DE0FB1D1B785A1E1C4963
:1052800013009B009B185B009B18FA6B9B185B003C
:105290005B5A002B1BD0FB1D1B785A1E14491300B0
:1052A0009B009B185B009B18FA6B9B185B005B5A7A
:1052B000DB089BB2BA1D1278013A0B498A5C013AAD
:1052C00008498A5C934202D1FB6BDBB206E0FB6BC0
:1052D0000133FB63FB6B062BCEDD00231800BD46BC
:1052E00014B0B0BD84230020301900204C190020D8
:1052F000F41600207C00002080B584B000AF7860F8
:1053000039600F217B18FF221A700E23FB18002230
:105310001A703B681B78002B03D17B187A681278CF
:105320001A700023BB601BE0BB687A68D3181B7837
:105330000F217A1812789A420FD9BB683A68D318AD
:105340001B78002B09D1BB687A68D2187B181278B9
:105350001A700E23FB18BA681A70BB680133BB6061
:10536000064B1B781A00BB689342DDDB0E23FB184B
:105370001B781800BD4604B080BDC0467C000020EC
:1053800080B584B000AF78600F23FB1801221A703B
:105390000023BB600CE0BB687A68D3181A780F2131
:1053A0007B18791809780A401A70BB680133BB6012
:1053B000064B1B781A00BB689342ECDB0F23FB18EB
:1053C0001B781800BD4604B080BDC0467C0000209C
:1053D000F0B587B002AF0200FB1D1A70854A864BFC
:1053E0001100180021F022FE834B1800FAF796FEF8
:1053F00003009AB28049FB1D187801235B42009399
:10540000322311F0CBFE0F23FB1801221A701BE090
:105410000F243B191A787949774B180021F006FEC2
:10542000754B1800FAF77AFE03009AB27249FB1D19
:10543000187801235B420093322311F0AFFE3B1931
:105440001A783B1901321A700F23FB181B78052BB1
:10545000DED96B49FB1D187801235B420093322390
:10546000032211F09BFE0E23FB1800221A70ABE002
:105470000E243B191B785A1C62495F4B180021F01F
:10548000D5FD5D4B1800FAF749FE03009AB25A4960
:10549000FB1D187801235B420093322311F07EFE3E
:1054A0003B191A78584B16214A43D35A1A00130055
:1054B0005B009B185B00554A99184F4B052218005A
:1054C00021F067FE4C49FB1D187801235B420093D5
:1054D0003223052211F062FE4D49FB1D187801238D
:1054E0005B4200933223012211F058FE0D23FB187A
:1054F00001221A7053E00E23FB181A780D23FB18B3
:105500001878414913009B009B185B009B181B18DF
:105510005B005B5A002B06D13E49374B0022180036
:1055200021F084FD26E00E257B191A780D26BB1983
:105530001878354913009B009B185B009B181B18BB
:105540005B005B5ADB089BB21C007B191A78BB1905
:1055500018782D4913009B009B185B009B181B18A3
:105560005B005B5A1A00072313402B492248220094
:1055700021F05CFD204B1800FAF7D0FD03009AB231
:105580001D49FB1D187801235B420093322311F063
:1055900005FE0D217B181A787B1801321A700D2335
:1055A000FB181B78052BA6D91C49FB1D1878012375
:1055B0005B4200933223022211F0F0FD0E217B1892
:1055C0001A787B1801321A70154B1B780E22BA1804
:1055D00012789A4200D24BE71249FB1D187801233A
:1055E0005B4200933223012211F0D8FDC046BD4634
:1055F00005B0F0BD40C40208B009002054C4020840
:105600005CC4020860C40208F416002048BE020808
:105610006CC4020870C4020874C402087CC4020886
:105620007C00002080C4020890B587B002AF020061
:10563000FB1D1A703C4A3D4B1100180021F0F6FC8E
:105640003A4B1800FAF76AFD03009AB23749FB1D7E
:10565000187801235B420093322311F09FFD0F2342
:10566000FB1801221A703EE00E23FB1801221A706B
:105670002EE00F203B181B785A1E2D4B5200D35A98
:1056800019000E243B191B78013B802212021A419B
:1056900013000B4016D03B181A783B191B7825498C
:1056A000224821F0C3FC214B1800FAF737FD030014
:1056B0009AB21E49FB1D187801235B4200933223E6
:1056C00011F06CFD0E217B181A787B1801321A70CC
:1056D0000E23FB181B780A2BCBD90F217B181A78C5
:1056E0007B1801321A70144B1B780F22BA181278EB
:1056F0009A42B9D9114A0D4B1100180021F096FCBD
:105700000A4B1800FAF70AFD03009AB20749FB1D7D
:10571000187801235B420093322311F03FFDC0460D
:10572000BD4605B090BDC04684C40208B009002043
:10573000C81A0020A0C402087C000020B4C40208DB
:10574000F0B589B002AF0200FB1D1A701223FB18DE
:1057500000221A8015F078FD0300FB60FB68002230
:105760001A70C74B1B781A00C649C74B180021F0A6
:105770005DFCC54AFB681100180021F0DEFCC34B3C
:105780001B781A00C249C04B180021F04FFCBE4ADA
:10579000FB681100180021F0D0FCBE49BA48002374
:1057A00000930423002221F041FCB74AFB6811005A
:1057B000180021F0C2FCB84AB849B34B180021F0D8
:1057C00035FCB14AFB681100180021F0B6FCB44A60
:1057D000B449AD4B180021F029FCAB4AFB6811001D
:1057E000180021F0AAFCB04AA74B1100180021F0C4
:1057F0001DFCA54AFB681100180021F09EFC172330
:10580000FB1801221A7048E017243B191A78A7499F
:105810009D4B180021F00AFC9B4AFB681100180000
:1058200021F08BFC3B191B78A14AD35C042B27D8B1
:105830009A00A04BD3181B689F469F4A924B1100B9
:10584000180021F0F3FB1CE09C4A8F4B110018005C
:1058500021F0ECFB15E09A4A8B4B1100180021F067
:10586000E5FB0EE0974A884B1100180021F0DEFBA3
:1058700007E0954A844B1100180021F0D7FB00E0A7
:10588000C046814AFB681100180021F056FC172120
:105890007B181A787B1801321A701723FB181B78B3
:1058A000052BB1D9894A784B1100180021F0BEFBB5
:1058B000754AFB681100180021F03FFC1623FB1805
:1058C00001221A7043E016217B181B785A1E804B68
:1058D0009200D3581B68002B0DD17B181A787D4994
:1058E000694B180021F0A2FB674AFB681100180001
:1058F00021F023FC25E01626BB191C78BB191B7868
:105900005A1E734B9200D3589B6A18000BF014FB7D
:1059100003001D00BB191B785A1E6F4B9200D35811
:1059200018000BF009FB03006C49574800932B004B
:10593000220021F07BFB544AFB681100180021F083
:10594000FCFB16217B181A787B1801321A7016237B
:10595000FB181B78062BB6D9FB681800FAF7DEFB9C
:1059600003001A00FB689A185D4B1000190003230E
:105970001A0021F002FDFB681800FAF7CFFB0300C4
:105980001A00FB689A18574B100019001D231A00C3
:1059900021F0F3FCFB681800FAF7C0FB02001223A9
:1059A000FB181A801523FB1801221A7023E0344BD0
:1059B0001B785A1E4C4B5200D35A190015203B1825
:1059C0001B78013B802212021A4113000B400CD0BD
:1059D0003B181A7845492C4B180021F027FB2A4A1E
:1059E000FB681100180021F0A8FB15217B181A781C
:1059F0007B1801321A701523FB181B78052BD6D99A
:105A00001223FB181C88FB681800FAF787FB0300B9
:105A10009C420ED1FB681800FAF780FB03001A00C5
:105A2000FB689A18324B1000190005231A0021F068
:105A3000A4FCFB681800FAF771FB03001A00FB686E
:105A40009A18274B1000190003231A0021F095FC27
:105A5000FB1D1B78002B0ED0FB681800FAF75EFBCD
:105A600003009AB2F968FB1D187801235B4200938A
:105A7000322311F093FBC046BD4607B0F0BDC046CF
:105A8000FC1A0020D4C40208B0090020A00A00209B
:105A9000F0C402080CC502082CC5020838C502086B
:105AA00050C502085CC5020878C502088CC502080A
:105AB000B00A002090C6020894C502089CC50208DE
:105AC000B4C50208C0C50208DCC50208FCC502084E
:105AD0002C31002014C60208E021002030C6020844
:105AE0007CC4020860C60208C81A002080C60208EA
:105AF00088C6020890B585B000AF78600E23FB1809
:105B000000221A700F23FB1800221A704A4A7B6881
:105B100011001800FAF7F8FA031E03D1474B1B785F
:105B20001BB285E0464A7B6811001800FAF7ECFAD0
:105B3000031E01D1FF237BE07B681B78232B25D13B
:105B40007B68013318001FF0C2FE02000E217B1893
:105B50001A700A00BB181B78002B0AD0394B1B782F
:105B60001100BA1812789A4203D87B181B781BB21E
:105B70005EE0324B1B780E22BA1812789A4203D19B
:105B80002E4B1B781BB253E0662351E00F23FB180A
:105B900000221A701DE00F243B191A7813009B0095
:105BA0009B185B00284A9A187B6811001800FAF7C6
:105BB000ABFA031E07D17B681B78002B03D03B197F
:105BC0001B781BB234E00F217B181A787B18013246
:105BD0001A701C4B1B780F217A1812789A42DAD36C
:105BE0007B1800221A701DE00F243B191A7813004D
:105BF0009B009B185B00154A9A187B6811001800DF
:105C0000FAF782FA031E07D13B191B781B021BB25D
:105C1000FE2213431BB20BE00F217B181A787B186E
:105C200001321A700F23FB181B78092BDCD964236F
:105C30001800BD4605B090BDA4C60208FC1A00209D
:105C4000A8C602087C00002068190020040A002071
:105C5000B0B586B000AF02003960FB1D1A70132387
:105C6000FB1800221A7000237B6100237B610FE088
:105C70007B699A00404BD2183B6811001800FAF774
:105C800043FA031E01D1062371E07B6901337B6176
:105C90007B69032BECDD01237B6112E07A69130041
:105CA0009B009B185B00354A9A183B68110018004E
:105CB000FAF72AFA031E01D1072358E07B69013362
:105CC0007B612F4B1B781A007B699342E6DB002334
:105CD0007B6112E07A6913009B009B185B00294AE4
:105CE0009A183B6811001800FAF70EFA031E01D14A
:105CF00007233CE07B6901337B617B69092BE9DD8C
:105D0000214B224A1A6019E01F4B1B681B681B6855
:105D1000FB60FB681800FAF701FA0300BB60BA6881
:105D2000F9683B68180021F023FA031E01D108230B
:105D30001DE0154B1B685A68134B1A60124B1B6809
:105D4000002BE1D1FB1D1A7813009B009B185B0010
:105D50000A4A9B183A681100180021F006FB132527
:105D60007C19FDF7E7FE030023707B191B781800F0
:105D7000BD4606B0B0BDC04674BF02086819002019
:105D80007C000020040A00202C1B00203802002088
:105D900080B588B000AF02003960FB1D1A70172370
:105DA000FB1800221A700023FB610023BB61002353
:105DB000FB6129E0FA6913009B009B185B005B4ABA
:105DC0009A183B6811001800FAF79EF9031E18D1C3
:105DD000FB1D1B785A1E564B5200D35A1AB2012192
:105DE000FB6999400B001BB2134319B2FB1D1B78D2
:105DF0005A1E89B24E4B5200D1521723FB181B7802
:105E000090E0FB690133FB61FB69092BD2DD0023C4
:105E1000BB610FE0BB699A00464BD2183B6811008A
:105E20001800FAF771F9031E01D106237AE0BB6965
:105E30000133BB61BB69032BECDD0123BB6112E0C5
:105E4000BA6913009B009B185B003B4A9A183B6899
:105E500011001800FAF758F9031E01D1072361E079
:105E6000BB690133BB61354B1B781A00BB69934298
:105E7000E6DB334B334A1A6019E0314B1B681B6871
:105E80001B683B613B691800FAF748F90300FB60A7
:105E9000FA6839693B68180021F06AF9031E01D1DC
:105EA00008233FE0264B1B685A68254B1A60244B99
:105EB0001B68002BE1D10023FB6118E01B49FA6944
:105EC00013009B009B185B005B5C002B0CD1FA69F4
:105ED00013009B009B185B00144A9B183A68110042
:105EE000180021F042FA05E0FB690133FB61FB6910
:105EF000092BE3DDFB1D1B785A1E0D4B5200D35AB4
:105F00001AB20121FB6999400B001BB2134319B26D
:105F1000FB1D1B785A1E89B2054B5200D152172324
:105F2000FB181B781800BD4608B080BD040A00208D
:105F3000941A002074BF0208681900207C00002019
:105F4000301B00203802002080B586B000AFB96059
:105F50007A6019000F23FB18021C1A700E203B18E0
:105F60000A1C1A701623FB1820221A807A688023D4
:105F70001B059A4200D3D4E07B68DAB2E54B1A7075
:105F8000E44B3A1812785A703B181B78082B00D94A
:105F9000BDE19A00E04BD3181B689F46BB681B7895
:105FA000DAB2DC4B9A700F23FB181B7803222021F6
:105FB000180005F03DF8B4E1BB681B785BB2DAB2BB
:105FC000D44B9A700F23FB181B7803222021180052
:105FD00005F02EF8A5E1BB681B889BB2DAB2CD4B69
:105FE0009A70BB681B889BB21B0A9BB2DAB2C94B82
:105FF000DA700F23FB181B7804222021180005F00B
:1060000017F88EE1BB681B881BB2DAB2C14B9A70DD
:10601000BB681B881BB21B121BB2DAB2BD4BDA7015
:106020000F23FB181B7804222021180005F000F82C
:1060300077E1BB681B68DAB2B64B9A70BB681B6825
:106040001B0ADAB2B34BDA70BB681B681B0CDAB2FE
:10605000B04B1A71BB681B681B0EDAB2AD4B5A719C
:106060000F23FB181B7806222021180004F0E0FF04
:1060700057E1BB681B68DAB2A64B9A70BB681B6815
:106080001B12DAB2A34BDA70BB681B681B14DAB2BE
:10609000A04B1A71BB681B681B16DAB29D4B5A7174
:1060A0000F23FB181B7806222021180004F0C0FFE4
:1060B00037E1BB681B78DAB2964B9A70BB68013344
:1060C0001B78DAB2934BDA70BB6802331B78DAB212
:1060D000904B1A71BB6803331B78DAB28D4B5A713F
:1060E000BB6804331B78DAB28A4B9A71BB680533FC
:1060F0001B78DAB2874BDA71BB6806331B78DAB2E9
:10610000844B1A72BB6807331B78DAB2814B5A7220
:106110000F23FB181B780A222021180004F088FFA7
:10612000FFE07C4B00221A707A4B0E217A1812780D
:106130005A707B681B0EDAB2764B9A707B681B0C28
:10614000DAB2744BDA707B681B0ADAB2714B1A71DF
:106150007B68DAB26F4B5A717B181B78082B00D919
:10616000DEE09A006D4BD3181B689F46BB681B7816
:10617000DAB2684B9A711623FB1819880F23FB18A3
:106180001B780722180004F053FFCAE0BB681B7895
:106190005BB2DAB25F4B9A711623FB1819880F2392
:1061A000FB181B780722180004F042FFB9E0BB6817
:1061B0001B889BB2DAB2574B9A71BB681B889BB2A3
:1061C0001B0A9BB2DAB2534BDA711623FB181988FB
:1061D0000F23FB181B780822180004F029FFA0E009
:1061E000BB681B881BB2DAB24A4B9A71BB681B882A
:1061F0001BB21B121BB2DAB2464BDA711623FB1824
:1062000019880F23FB181B780822180004F010FFD0
:1062100087E0BB681B68DAB23E4B9A71BB681B68AB
:106220001B0ADAB23B4BDA71BB681B681B0CDAB293
:10623000384B1A72BB681B681B0EDAB2354B5A72A8
:106240001623FB1819880F23FB181B780A22180045
:1062500004F0EEFE65E0BB681B68DAB22D4B9A7164
:10626000BB681B681B12DAB22A4BDA71BB681B6869
:106270001B14DAB2274B1A72BB681B681B16DAB202
:10628000244B5A721623FB1819880F23FB181B780E
:106290000A22180004F0CCFE43E0BB681B78DAB297
:1062A0001C4B9A71BB6801331B78DAB2194BDA7157
:1062B000BB6802331B78DAB2164B1A72BB68033321
:1062C0001B78DAB2134B5A72BB6804331B78DAB20C
:1062D000104B9A72BB6805331B78DAB20D4BDA7239
:1062E000BB6806331B78DAB20A4B1A73BB680733F4
:1062F0001B78DAB2074B5A731623FB1819880F2341
:10630000FB181B780E22180004F092FE09E0C0462C
:1063100007E0C046D00B0020ACC60208D0C6020879
:10632000C0463B6A002B13D018F066F903003B61AE
:10633000C0460A4B1B78002B07D018F05DF902000D
:106340003B69D31A3A6A9A42F3D8044B1B7800E0AF
:1063500000231800BD4606B080BDC0461D1B0020AE
:10636000B0B584B002AF1E201FF0B8FA03007B6006
:106370007B681E220021180020F0D7FE0C4B1B7DED
:106380005A1E0C4B9200D258094B9B7D1D00084BA6
:106390005B7D1C00064B1B8B0749786801930094BA
:1063A0002B0020F043FE7B681800BD4602B0B0BD54
:1063B000001B0020000000201CC7020890B587B019
:1063C00004AF0200FB1D1A70BB1D0A1C1A700D4B96
:1063D00019780C4B1C78BB1D1A78FB1D187801230B
:1063E000039301235B42029301235B420193022347
:1063F0000093230005F068F903001800BD4603B0C0
:1064000090BDC046FC1A002080B588B006AF0200DF
:10641000FB1D1A70BB1D0A1C1A7000230493002375
:10642000039300230293002301930023009300238E
:10643000002200210020FDF7E5FBFB1D1B785A1E02
:106440001F4B9200D3581B68002B14D0BB1D1B7828
:106450005A1E1B4B9200D3581B68002B0BD0FB1D00
:106460001B7818000DF07AFEBB1D1B7818000DF08C
:1064700075FE002320E0FB1D1B785A1E104B920076
:10648000D3581B68002B06D0FB1D1B7818000DF09D
:1064900065FE002310E0BB1D1B785A1E084B9200BE
:1064A000D3581B68002B06D0BB1D1B7818000DF0BD
:1064B00055FE002300E068231800BD4602B080BDF1
:1064C0002C31002080B584B000AFF860B960FB1DAE
:1064D0001A70FB68002B2FD0BB68002B2CD0FB1D43
:1064E0001B78033B042B29D89A00164BD3181B6842
:1064F0009F46F968BB680222180020F03EFF1EE0AC
:10650000F968BB680222180020F037FF17E0F9682D
:10651000BB680422180020F030FF10E0F968BB6867
:106520000422180020F029FF09E0F968BB68042262
:10653000180020F022FF02E0C04600E0C046BD4641
:1065400004B080BDF4C6020880B584B000AFF86026
:10655000B960FB1D1A70BB68002B2FD0FB68002BA5
:106560002CD0FB1D1B78033B042B29D89A00164B1B
:10657000D3181B689F46B968FB680222180020F0F8
:10658000FCFE1EE0B968FB680222180020F0F5FE50
:1065900017E0B968FB680422180020F0EEFE10E056
:1065A000B968FB680422180020F0E7FE09E0B9682A
:1065B000FB680422180020F0E0FE02E0C04600E084
:1065C000C046BD4604B080BD08C70208B0B588B05B
:1065D00002AF78600D23FB1800221A701723FB18F6
:1065E00000221A7000233B610E23FB1800221A8040
:1065F00001235B421900012017F01EFA14F024FE5B
:1066000003003B61784B9A68E1231B039A421ED03A
:106610001623FB1801221A7014E0744B1B78162104
:106620007A1812789A4207D0E1231A037B181B7854
:106630001100180010F048FE16217B181A787B18FC
:1066400001321A701623FB181B78052BE5D9684B0D
:106650001B781C00674B1B881A0013005B009B18FB
:106660005B00654A9A18614B1B7864496448009343
:106670001300220020F0DAFC5C4B1C78614B1D6893
:10668000604B1B681800F9F749FD03009AB20A2312
:106690002900200010F0D8FD544B1C78584B1800EE
:1066A000F9F73CFD03009AB255490A23200010F087
:1066B000CBFD554B1B78012B00D091E0534B1A7842
:1066C0000D217B181A70514B00221A704E4B00227C
:1066D0001A70464B18780C0079180A23012210F022
:1066E000B3FD3B191B787F2B3CD050DC0D2B05D024
:1066F0004DDC082B36D00A2B6DD048E03B4B1C7884
:10670000434B1D68424B1B681800F9F707FD030057
:106710009AB20A232900200010F096FD1723FB18D7
:106720001B785BB2002B05D13A4A3B4B1100180095
:1067300020F01BFE2D4B18783B69374A012100F0F1
:106740006FF8354A334B1100180020F00EFE172366
:10675000FB1800221A70304B32220021180020F062
:10676000E4FC3DE017217B181B785BB2002B34DD85
:106770007B181B785BB2DBB2013BDAB27B181A7074
:106780007B181B785BB2244A0021D15425E00D20F0
:106790003B181B785A1C214BD3181B781A009723DF
:1067A00013401CD017217B181B785BB2312B16DCF1
:1067B0003B181A7808007B181B785BB251B2164A56
:1067C000D15401007B181B785BB2DBB20133DAB223
:1067D0007B181A7003E0C04602E0C04600E0C046E5
:1067E00014F0A6FF65E7C046001B0020A00A0020A9
:1067F000FC1A00207A00002048BE02081CCA0208C9
:10680000841B00209C000020A60A0020D129002023
:10681000A0000020481C0020141C002048F302089F
:10682000F0B58DB002AFBA607B600F23FB18021C7D
:106830001A700E23FB180A1C1A701423FB1800226E
:106840001A60043305220021180020F06EFC00239A
:106850003B621E23FB1800221A80BB68180000F060
:106860009DFAC94B1B78002B22D1C849BB68032273
:10687000180020F07DFC031E1AD1BB6803331900F9
:10688000012000F0C1FA031E09D0C14A7B68110043
:10689000180020F0CBFBBC4B00221A7005E0BA4B6D
:1068A00002221A707B680D221A7000237B6217E2A5
:1068B000B54B1B78002B18D0B649BB6806221800D0
:1068C00020F056FC031E10D1AF4B00221A70B24BC1
:1068D0001900032000F098FAB04A7B6811001800F4
:1068E00020F0A4FB00237B62FAE1A74B1B78022B6C
:1068F00013D1BB681900022000F086FA031E06D0EF
:10690000A34A7B681100180020F090FB02E07B682E
:106910000D221A7000237B62E2E1BB682E21180071
:1069200020F018FC03003B623B6A002B00D1CEE153
:106930003B6A033B9A490322180020F019FC031E0E
:1069400000D1C4E13B6A01331B785A1C954BD31824
:106950001B781A000423134000D0B8E13A6ABB68E0
:10696000D31A1A00B96814257B19180020F011FCFD
:106970001E26BC197B191800FFF7BCF80300238002
:10698000BB1900229B5E884A127893420AD13B6A67
:106990000133992292007968180014F0C7FB0300B4
:1069A0007B629DE11E23FB1800229B5E642B08D1B5
:1069B0007E4A7B681100180020F038FB00237B62C0
:1069C0008EE11E23FB1800229B5E662B08D1784ABD
:1069D0007B681100180020F029FB00237B627FE117
:1069E0001E23FB1800229B5EFF2B48D1714B1A22FD
:1069F0000021180020F099FB3B6A5C1CBB68180062
:106A0000F9F78CFB05001426BB191800F9F786FB73
:106A10000300EB1A5A1E684B2100180020F0B9FB46
:106A2000614B1D78BB681800F9F778FB03009CB236
:106A3000BB191800F9F772FB03009BB2E31A9BB273
:106A40001722FF21280004F0A9FA3B6A013399229A
:106A500092007968180014F069FB03007B627B6880
:106A60001800F9F75BFB03001A007B689A18534B78
:106A7000100019001D231A0020F07FFC30E11E22B7
:106A8000BB181B88DBB2FE2B59D1BB1800229B5EC2
:106A90001B121BB2DAB24A4B1A70464B1A22002163
:106AA000180020F042FB3B6A5C1CBB681800F9F739
:106AB00035FB05001423FB181800F9F72FFB030022
:106AC000EB1A5A1E3C4B2100180020F062FB364B9B
:106AD0001D783B4B1E78BB681800F9F71FFB0300BD
:106AE0009CB21423FB181800F9F718FB03009BB2A3
:106AF000E31A9BB217223100280004F04FFA2A4B08
:106B00001B785A1E2F4B5200D35A1A002C4B1B785D
:106B10001A4113000122134009D03B6A0133992224
:106B200092007968180014F001FB03007B621423C3
:106B3000FB187A682449786820F078FAD0E03B6A3C
:106B4000013322490622180020F012FB031E43D114
:106B50001F4B1A7860218A431A701E243B191B8828
:106B6000DBB200221921180004F062FA642014F04C
:106B7000F3F90D4B18783B191B88D9B2154B1A78CD
:106B8000002309F08FFE7FE07A1C002048CA02082B
:106B90004CCA0208A0CA0208A8CA0208ACCA020865
:106BA000F0CA020848F30208FC1A0020F4CA0208DE
:106BB0001CCB0208781A0020D00B002044CB02081E
:106BC0007B1C0020941A002064CB020890CB0208A2
:106BD0001C1B0020A00A00203B6A5C1CBB6818003C
:106BE000F9F79CFA05001426BB191800F9F796FA74
:106BF0000300EB1A5A1E614B2100180020F0C9FA5D
:106C00001E23FB181B88DDB2BB681800F9F786FA53
:106C100003009CB2BB191800F9F780FA03009BB27D
:106C2000E31A9BB2013B9BB21A001721280004F023
:106C3000FFF91E23FB1800229A5E51497B68180059
:106C400020F0F4F97B681B78002B13D00E23FB187F
:106C50001B78002B0ED07B681800F9F75FFA030051
:106C60009AB279680F23FB18187801230093322316
:106C700010F094FA7B681800F9F750FA02007B686C
:106C80000021180020F051FA3E4B1B78602213407F
:106C9000DBB2602B18D1FA239B001900012016F0FB
:106CA000CBFE394B1B78002B0ED0384B1B880133A1
:106CB0009AB2364B1A801E23FB1800229B5E7A681C
:106CC0003349786820F0B2F900237B6208E0992309
:106CD0009A007968BB68180014F028FA03007B62F8
:106CE0007B681B78002B14D00E23FB181B78002B1D
:106CF0000FD07B681800F9F711FA03009AB279688F
:106D00000F23FB18187801235B420093322310F005
:106D100045FA7B681800F9F701FA02007B68002148
:106D2000180020F002FA7B6A002B00D095E51423AE
:106D3000FB1809220021180020F0F7F9154B1B78E9
:106D4000002B17D10E23FB181B78002B12D0124BEF
:106D50001C68114B1B681800F9F7E0F903009AB2A0
:106D60000F23FB18187801235B4200933223210084
:106D700010F014FAC046BD460BB0F0BDD00B002099
:106D800098CB02081C1B00201D1B0020AC1B002000
:106D9000BCCB02087A1C0020A400002080B584B07F
:106DA00000AF78600023FB6020E0FB687A68D218AF
:106DB0000B217B1812781A707B181B785A1C114B08
:106DC000D3181B781A0003231340012B03D17B181F
:106DD0001B78203302E00B23FB181B78FA687968D4
:106DE0008A18DBB21370FB680133FB60FB687A68BA
:106DF000D3181B78002BD8D1C046C046BD4604B07E
:106E000080BDC04648F3020890B587B000AF0200CD
:106E10003960FB1D1A7000237B6100233B613E4BF0
:106E20001B785A1E13009B009B189B003B4A9B1823
:106E3000FB60FB1D1B78032B05D065DC012B08D004
:106E4000022B0CD060E0FB6801221A7409F012FCDE
:106E50005CE03B68180000F063F8030057E0FB6853
:106E6000DB68002B2FD0FB68DB681800F9F756F9B8
:106E700003003B61FB68DC683B681800F9F74EF9DA
:106E800002003B69D3180233190020001EF074FF82
:106E90000300BB60BB68002B01D10E2337E0FB6809
:106EA000BA68DA60FB68DA683B69D31813221A7093
:106EB000FB68DA683B690133D3183A68110018009F
:106EC00020F053FA22E03B681800F9F727F9030095
:106ED000013318001EF002FD03001A00FB68DA609F
:106EE000FB68DB68002B07D1FB6814220021180027
:106EF00020F01BF90E230AE0FB68DB683A681100FA
:106F0000180020F032FA01E0FF2300E0002318000F
:106F1000BD4607B090BDC046A50A0020B01B0020AA
:106F2000B0B58AB000AF78602723FB1800221A7032
:106F300000233B620023FB610023BB611723FB1886
:106F400000221A701623FB1800221A701523FB1852
:106F500000221A70A44B1B78042B01D90E233EE1AA
:106F6000A14B1B781A0013009B009B189B009F4AA3
:106F70009B183B613B690A220021180020F0D5F8DC
:106F80007B681B78622B00D08FE07B6802331B7814
:106F90002E2B00D089E07B6801331B782F2B00D883
:106FA00083E07B6801331B78352B00D97DE07B685B
:106FB00001331A7817243B19303A1A703B690122C1
:106FC0001A703B693A1912789A707B6803338849C2
:106FD0000722180020F0CCF8031E18D13B690522C7
:106FE000DA7020003B181A78824913005B009B1866
:106FF000CB1802331B781A00012313404DD13B18E4
:107000001B780122052118000EF0EEFA45E07B689E
:10701000033379490E22180020F0AAF8031E18D174
:107020003B690622DA7017203B181A787149130061
:107030005B009B18CB1802331B781A000223134005
:107040002BD13B181B780122062118000EF0CCFA38
:1070500023E07B68033369490822180020F088F890
:10706000031E18D13B690722DA7017203B181A78E3
:10707000604913005B009B18CB1802331B781A0081
:107080000323134009D13B181B7801220721180064
:107090000EF0AAFA01E06723A1E0534B1B780133FD
:1070A000DAB2514B1A70002399E07968544B3122BF
:1070B000180020F06EF8524B312200219954514AA9
:1070C0004F4B1100180020F079F803003B624D4B44
:1070D0001900002020F072F80300FB61494B1900F1
:1070E000002020F06BF80300BB613B6A002B01D14C
:1070F000672374E016257C193B6A1800FCF700FF33
:107100000300237029007B181B78002B14D0FB6927
:10711000002B11D1BB69002B0ED13B6902221A70E2
:107120003B697A181278DA702F4B1B780133DAB288
:107130002D4B1A70002352E0FB69002B4ED0BB6927
:10714000002B4BD015257C19BB691800FCF7D8FE25
:107150000300237029007B181B78002B0CD03B699F
:1071600004221A703B691622BA181278DA703B6949
:107170007A181278DA711BE03B6903221A703B69B6
:107180001622BA181278DA70BB6918001EF094FB48
:1071900002000B0010001900FBF708FE031CFB6047
:1071A0003B6906330C22B9180422180020F0E5F8D8
:1071B000FB691800FCF7D6FE03001A003B695A7001
:1071C0003B695B78002B01D1672308E0064B1B78F5
:1071D0000133DAB2044B1A70002300E06723180071
:1071E000BD460AB0B0BDC046A50A0020B01B0020B5
:1071F000DCCB020898320020E4CB0208F4CB020872
:107200007C1C002000CC020890B587B000AF0200C3
:10721000FB1D1A701723FB1800221A7000233B6114
:107220000023FB60FB1D1A78674913009B009B1825
:107230009B005B5C042B00D1BCE000DDBCE0032BB9
:107240002BD000DDB8E0012B03D0022B00D1B5E03C
:10725000B2E0FB1D1A78172439195B4813009B0014
:107260009B189B00C31802331B780B70FB1D1A7808
:10727000554913009B009B189B00CB1803331978CA
:107280003B191A78514813005B009B181B5C99420C
:1072900001D1012394E0002392E0FB1D1A784A49B2
:1072A00013009B009B189B00CB1803331B78102204
:1072B000BA181100180009F09DFEFB1D1A78130082
:1072C0009B009B189B00404A9B18991D0C23FB18A0
:1072D0000422180020F051F8FB1D1A783A491300D7
:1072E0009B009B189B00CB1801331B78062B00D901
:1072F0005EE09A00364BD3181B689F463B69FA68DC
:10730000111C181CF9F7E6F8031E00D151E0012307
:1073100056E03B69FA68111C181CF9F7F5F8031ED2
:1073200000D146E001234BE03B69FA68111C181CB0
:10733000F9F7D6F8031E00D13BE03B690021181C89
:10734000F9F7C8F8031E00D033E0012338E03B69A9
:10735000FA68111C181CF9F7E1F8031E00D128E0A7
:1073600001232DE03B69FA68111C181CF9F7C2F8DB
:10737000031E00D11DE03B690021181CF9F7AAF893
:10738000031E00D015E001231AE03B69FA68111CC6
:10739000181CF9F79FF8031E00D00AE03B69002192
:1073A000181CF9F797F8031E00D002E0012307E04C
:1073B000C04604E0C04602E0C04600E0C0460023EC
:1073C0001800BD4607B090BDB01B002098320020C9
:1073D00004CC020880B582B000AF7B1D00221A7079
:1073E000BB1D00221A8000233B6013F02DFF030019
:1073F0003B60BB1D00221A8043E0BB1D1A88274951
:1074000013009B009B189B00CB1810331B78002B9C
:1074100032D0BB1D1B88DBB21800FFF7F5FE031E40
:107420002AD01F4B1A7860218A43111C20220A435C
:107430001A7010E01B4B18783B681B4A0021FFF7BD
:10744000EFF93B681800F8F769FE02003B6800217D
:1074500018001FF06AFEBB1D1A88104913009B001C
:107460009B189B00CB180C331B680F4A11001800A7
:1074700000F01EF8031EDDD1BB1D1A88BB1D0132B2
:107480001A800A4B1B781A00BB1D1B889342B4D389
:107490007B1D1B781800BD4602B080BDB01B0020CC
:1074A0001C1B0020A00A0020B01C0020A50A002000
:1074B00090B583B000AF78603960314B1B785A1EAD
:1074C000304913009B009B189B00CB180C331B68A2
:1074D000002B01D100234FE02B4B1B68002B02D166
:1074E000294B7A681A60284B1B681B78002B04D143
:1074F000254B00221A6000233EE0234B1B6813211A
:1075000018001FF027FE0200204B1A601F4B1B685B
:10751000002B1BD01C4B19681C4B1A681A4B1B689C
:10752000D31A1A003B6818001FF033FE174B1A6875
:10753000154B1B68D31A1A003B689B1800221A705F
:10754000124B1B685A1C104B1A6014E00E4B196842
:107550003B68312218001FF01CFE3B6831330022CB
:107560001A70094B1C683B681800F8F7D7FD030038
:10757000E218054B1A6001231800BD4603B090BD08
:10758000A50A0020B01B0020E41C0020E81C0020FD
:1075900080B500AFBFF34F8FC046044B044ADA609A
:1075A000BFF34F8FC046C046FDE7C04600ED00E088
:1075B0000400FA0580B500AFC046BD4680BD00009E
:1075C00080B500AF464B180013F088FD454B1800FE
:1075D00013F084FD444B180013F080FD434B18005A
:1075E00013F07CFD424B180013F078FD414B18005E
:1075F00013F074FD404B180013F070FD3F4B180062
:1076000013F06CFD3E4B180013F068FD3D4B180065
:1076100013F064FD3C4B180013F060FD3B4B180069
:1076200013F05CFD3A4B180013F058FD394B18006D
:1076300013F054FD384B180013F050FD374B180071
:1076400013F04CFD364B180013F048FD354B180075
:1076500013F044FD344B180013F040FD334B180079
:1076600013F03CFD324B180013F038FD314B18007D
:1076700013F034FD304B180013F030FD2F4B180081
:1076800013F02CFD2E4B180013F028FD2D4B180085
:1076900013F024FD2C4B180013F020FD2B4B180089
:1076A00013F01CFD2A4B180013F018FD294B18008D
:1076B00013F014FD284B180013F010FD274B180091
:1076C00013F00CFD264B20221A70254B21221A7034
:1076D00009F072FCFFF76EFFC046BD4680BDC04694
:1076E00018CD0208B0CC02084CCD02082CCF0208FD
:1076F0007CCF0208B4CF020804D0020874D002087C
:10770000B0D00208F0D0020894D1020810D20208CA
:1077100068D20208B8D2020850D30208A4D30208E3
:10772000FCD302087CD40208B8D4020808D50208A9
:1077300058D50208B8D5020800D6020848D6020873
:1077400090D60208D0D6020818D70208F8D7020847
:1077500074D80208BCD802080CD902087CD90208E7
:10776000A40A002080B586B000AFF860B9607A60E6
:107770000B4B7B617A69FB68110018001FF0F5FD67
:107780007B691800F8F7CAFC0200FB689B18180018
:1077900016F00EF800231800BD4606B080BDC046A6
:1077A0008CD9020880B586B000AFF860B9607A6005
:1077B0000B4B7B617A69FB68110018001FF0D5FD47
:1077C0007B691800F8F7AAFC0200FB689B181800F8
:1077D00016F094F800231800BD4606B080BDC046E0
:1077E000DCD9020890B585B000AFF860B9607A6066
:1077F0001E4B1B7819001E4A0B009B005B185B0098
:107800009B5C002B09D11B4B1968184B1B781A0085
:10781000FB6818001FF00AFC11E0174B1968134BA6
:107820001B781C00114B1B781A0013009B009B183F
:107830005B000F4A9B18F86822001FF0F7FB8023BB
:107840001B020E480122190019F011FAC82013F08A
:1078500083FB80231B0209480022190019F007FA54
:1078600000231800BD4605B090BDC046FC1A00209C
:1078700068190020A8000020AC000020000400507F
:10788000B0B588B002AFF860B9607A601523FB1814
:1078900000221A70694A7B680121180013F0DCFC91
:1078A0000200674B1A60664B1B68002B2AD1654BA0
:1078B0001968654B1B781A00FB6818001FF0B6FBAF
:1078C000624B1A68FB68110018001FF036FC604B11
:1078D0001C78FB681800F8F721FC03009AB2F968DD
:1078E00001235B420093322320000FF057FC594BD9
:1078F000594A1A60594B01221A700A2013F02CFBC6
:10790000FFF746FE4E4B18684C4B1B681A00544B51
:1079100019001FF02DFC031E00D07AE0514A7B684D
:107920000221180013F098FC02004F4B1A604F4AD6
:107930007B680321180013F08FFC02004C4B1A6087
:10794000494B1B681B785BB2232B0AD1464B1B6843
:10795000013318001DF0BBFF02001723FB181A703B
:1079600003E01523FB1868221A70414B1B681B7833
:107970005BB2702B0AD13E4B1B68013318001DF01F
:10798000A6FF02001623FB181A7003E01523FB184C
:1079900068221A702C4B1B7817257A1912789A4294
:1079A0001FD0344B1A7860218A431A70324B162448
:1079B0003A1912781A707B191B7801221A211800C3
:1079C00003F036FB642013F0C7FA1F4B1878204BE6
:1079D0001A783B191C787B191978230008F062FF8C
:1079E0001BE016243B19187800230093192300226A
:1079F000002103F0F5FB642013F0AEFA124B187867
:107A0000114B1978124B1A783B191B7808F04AFF72
:107A100003E01523FB1868221A701523FB181B7846
:107A2000682B06D1154B1A68FB68110018001FF06F
:107A30009CFC00231800BD4606B0B0BD3C1D0020D4
:107A4000401D0020B0000020FC1A0020680000202B
:107A5000A00A0020F03F0220EFBEADDEA20A002007
:107A600020DA0208441D0020481D00204C1D002083
:107A7000501D00201C1B0020D00B0020B400002053
:107A8000B0B588B002AFF860B9607A6017257B198D
:107A900000221A70324B1A68FB68110018001FF0A0
:107AA00064FC304B1C78FB681800F8F737FB0300C8
:107AB0009AB2F96801235B420093322320000FF051
:107AC0006DFB7C19FCF75EFB030023707B191B78B0
:107AD000002B23D1244B1968244B1B781A00FB6818
:107AE00018001FF0A3FA1F4B1C78FB681800F8F76A
:107AF00015FB03009AB2F96801235B42009332231D
:107B000020000FF04BFB174B1B781800FDF760FCB3
:107B1000144B1B781800FDF787FD16E0144B1A680C
:107B2000FB68110018001FF020FC0E4B1C78FB684E
:107B30001800F8F7F3FA03009AB2F96801235B42E0
:107B40000093322320000FF029FB0A4AFB68110042
:107B500018001FF06BFA00231800BD4606B0B0BD38
:107B6000B8000020A00A0020BC0000207C000020FB
:107B7000C000002024DA020880B584B000AFF860AD
:107B8000B9607A60FFF704FDB0B586B000AFF86069
:107B9000B9607A601723FB1800221A702D4A7B689F
:107BA0000121180013F058FB02002B4B1A60294BDF
:107BB0001B68092B04DD284B1B68093300221A704F
:107BC000264B1A78244B1B6817257C1919001000C6
:107BD000FEF73EF8030023707B191B78002B0AD1B7
:107BE0001F4B19681D4B1B781A001B4B1B68F8684C
:107BF0001FF01CFA28E01723FB181B78062B08D16E
:107C0000184B1968144B1A68FB6818001FF00EFA1D
:107C10001AE01723FB181B78072B08D1124B1968A1
:107C20000D4B1A68FB6818001FF000FA0CE01723D0
:107C3000FB181B78082B07D10C4B1968064B1A68E8
:107C4000FB6818001FF0F2F900231800BD4606B0CB
:107C5000B0BDC046541D0020581D0020FC1A002055
:107C6000C4000020C8000020CC000020D00000206C
:107C7000B0B594B000AFF860B9607A604F23FB18DC
:107C800000221A702023FB1800221A6004332322DA
:107C9000002118001FF049FA4C23FB1800221A801B
:107CA0004A243B1900221A8014257B1900221A60ED
:107CB00004330622002118001FF037FA9C4A7B6823
:107CC0000121180013F0C8FA02009A4B1A60994B70
:107CD0001968974B1B681A007B1918001FF059FA96
:107CE0003B1901221A804923FB1800221A701BE05D
:107CF0004923FB181A7813009B009B185B008E4ADF
:107D00009A181423FB1811001800F8F7FDF9031E48
:107D100004D14A23FB1800221A800AE049217B186B
:107D20001A787B1801321A704923FB181B78092B2B
:107D3000DED9824B02221A70FA68814B10001900BA
:107D40000A231A001FF019FB7C4B1B785BB2190049
:107D50007C4A7B68180013F07FFA02007A4B1A60A5
:107D60005DE0794B1968774B1B681A0020243B199A
:107D700018001FF00EFA734B1B6820003A18002100
:107D8000D1544C257C193B181800FDF7B3FE0300B5
:107D900023807B1900229B5E002B45DB7B191B880F
:107DA000DBB24F257C191422BA1811001800FDF718
:107DB000EFFF030023707B191B78002B36D15F4B3C
:107DC0001B785BB2022B0EDDFB681800F8F7A6F9F2
:107DD00003001A00FB689A185C4B1000190003237B
:107DE0001A001FF0CAFA2023FA18FB6811001800C5
:107DF0001FF0A3F9514B1B785BB2DBB20133DBB24E
:107E00005AB24E4B1A704D4B1B785BB219004D4A5B
:107E10007B68180013F020FA02004B4B1A604A4BA3
:107E20001B68002B9DD102E0C04600E0C0464C23F9
:107E3000FB1800229B5E002B08DA454B19682023B3
:107E4000FA18FB6818001FF0F1F86CE03B4B1B7848
:107E50005BB2022B08D13F4B19681423FA18FB6858
:107E600018001FF0E3F85EE04F23FB181B78002B8F
:107E700015D14A23FB1800229B5E002B0FD0364BF6
:107E800019681423FA1820243B1918001FF0CEF8A3
:107E90003A19FB68110018001FF04FF943E04F2317
:107EA000FB181B78002B15D14A23FB1800229B5E80
:107EB000002B0FD1294B19681423FA1820243B19E1
:107EC00018001FF0B3F83A19FB68110018001FF0F2
:107ED00034F928E04F23FB181B78062B08D1204BE0
:107EE00019681423FA18FB6818001FF09FF81AE0AD
:107EF0004F23FB181B78072B08D11A4B1968142342
:107F0000FA18FB6818001FF091F80CE04F23FB18DB
:107F10001B78082B07D1144B19681423FA18FB6837
:107F200018001FF083F800231800BD4614B0B0BD40
:107F30005C1D0020601D0020040A0020641D00203C
:107F400028DA0208681D00206C1D002034DA0208BF
:107F5000D4000020D8000020DC000020E000002039
:107F6000E4000020E8000020EC00002080B584B090
:107F700000AFF860B9607A600020FDF7E1FB0023F4
:107F80001800BD4604B080BD90B589B002AFF8605E
:107F9000B9607A6017217B1800221A70334B1B7866
:107FA000012B04D97C180FF065FA030023702F4BC6
:107FB0001B781A002E49FB6818001FF037F82D4B6C
:107FC0001C78FB681800F8F7A9F803009AB2F96862
:107FD00001235B420093322320000FF0DFF8264A92
:107FE000FB68110018001FF021F8224B1C78FB6879
:107FF0001800F8F793F803009AB2F96801235B427E
:108000000093322320000FF0C9F81A4B1B78180098
:10801000FDF7DEF9174B1B781800FDF705FB17235A
:10802000FB181B78022B15D1144AFB6811001800AD
:108030001EF0FCFF0F4B1C78FB681800F8F76EF879
:1080400003009AB2F96801235B42009332232000B7
:108050000FF0A4F80A4AFB68110018001EF0E6FFB2
:1080600000231800BD4607B090BDC0467C0000202C
:1080700038DA0208A00A002054DA020868DA020896
:1080800024DA0208F0B58BB002AFF860B9607A600C
:108090001D23FB1800221A700023BB6100237B61A3
:1080A0001F23FB1800221A701E243B1900221A708D
:1080B0001823FA187B680121180013F0CDF802008C
:1080C0002F4B1A602E4B1B68BA692E4918001FF0FF
:1080D0004FF8031E03D13B1901221A700CE0284B04
:1080E0001B68BA69284918001FF042F8031E03D123
:1080F0001E23FB1802221A701423FA187B6802212F
:10810000180013F0A9F80200204B1A601F4B1B68DF
:108110001B785BB2702B09D11C4B1B680133180014
:108120001DF0D5FB02001F23FB181A701D26BC1979
:108130001F257B191A781E23FB181B7811001800C5
:108140000DF054F803002370BB191B78002B12D1DB
:108150000B4B1B68BA699B1800221A700C4B1968EC
:10816000074B1A687B191C787B191B78F8680093F9
:1081700023001EF05BFF00231800BD4609B0F0BDD0
:10818000701D0020ACDA0208B8DA0208741D002065
:10819000F0000020F0B587B000AFF860B9607A60F9
:1081A0001623FB1800221A7000233B6117243B1989
:1081B00000221A701023FA187B680121180013F0AE
:1081C0004BF80200164B1A60154B1B681B785BB20C
:1081D000702B08D1124B1B68013318001DF077FB80
:1081E00002003B191A701626BC1917257B191B783B
:1081F00018000DF02FF903002370BB191B78002B1A
:1082000008D1084B19687B191A787B191B78F86814
:108210001EF00CFF00231800BD4607B0F0BDC0469D
:10822000781D0020F4000020F0B5C64600B592B0DD
:1082300004AFF860B9607A603723FB1800221A7027
:1082400000237B6200233B620023FB610023BB61B0
:1082500000237B613023FB1800221A800023FB627D
:108260003623FB1800221A703523FB1800221A70DF
:108270003423FB1800221A702B23FB1800221A70DB
:108280003323FB1800221A702423FA187B6801217B
:10829000180012F0E1FF0200CB4B1A60CA4B1B68BA
:1082A000CA49042218001EF063FF031E00D020E21A
:1082B0002023FA187B680221180012F0CDFF02007B
:1082C000C34B1A60C04B1B68181D7B6A043B1A0025
:1082D000C04B19001EF04CFF031E00D0A3E0BC4BA6
:1082E0001B683A6ABC4918001EF042FF031E1CD1ED
:1082F000BA4B1A7860210A431A70B84B1B785B0797
:10830000DB0FDBB21B021AB2B44B1B785B069B0F70
:10831000DBB21BB213431BB29AB28A235B0011007B
:1083200018000CF0C1F800F0FDFCA94B1B683A6A7C
:10833000AB4918001EF01CFF031E1FD1A74B1A7873
:1083400060218A43111C20220A431A70A34B1B7818
:108350005B07DB0FDBB21B021AB2A04B1B785B067C
:108360009B0FDBB21BB213431BB29AB28A235B0092
:10837000110018000CF098F800F0D4FC944B1B6826
:108380003A6A984918001EF0F3FE031E1FD1934B62
:108390001A7860218A43111C40220A431A708F4BBD
:1083A0001B785B07DB0FDBB21B021AB28B4B1B780F
:1083B0005B069B0FDBB21BB213431BB29AB28A233C
:1083C0005B00110018000CF06FF800F0ABFC804B64
:1083D0001B683A6A844918001EF0CAFE031E1CD1AD
:1083E0007E4B1A7860218A431A707C4B1B785B079E
:1083F000DB0FDBB21B021AB2784B1B785B069B0FBC
:10840000DBB21BB213431BB29AB28A235B0011008A
:1084100018000CF049F800F085FC3723FB1868229F
:108420001A7000F07FFC684B1B68181D7B6A043BC8
:108430001A006E4B19001EF09BFE031E2BD1644BDD
:108440001B683A6A644918001EF092FE031E1CD194
:10845000624B1A7804210A431A70604B1B785B0741
:10846000DB0FDBB21B021AB25C4B1B785B069B0F67
:10847000DBB21BB213431BB29AB28A235B0011001A
:1084800018000CF011F800F04DFC3723FB1868229F
:108490001A7000F047FC4C4B1B68181D7B6A043BAC
:1084A0001A00534B19001EF063FE031E2DD1484BDA
:1084B0001B6818001DF005FA0300FB62FA6AE1234D
:1084C0001B039A421BD84B4BFA6A9A60494B9B6834
:1084D0009AB28C235B00110018000BF0E5FF454BAE
:1084E0009B681B0C9AB21A23FF33110018000BF083
:1084F000DBFF3623FB1801221A7000F013FC372330
:10850000FB1868221A7000F00DFC2F4B1B68181D19
:108510007B6A043B1A00384B19001EF029FE031E2B
:1085200022D12B4B1B6818001DF0CBF90200302123
:108530007B181A800A00BB181B88002B0ED02D4B0D
:108540001100BA1812881A807B181A881623FF3374
:10855000110018000BF0A8FF00F0E4FB3723FB1814
:1085600068221A7000F0DEFB174B1B68181D7B6A2F
:10857000043B1A00214B19001EF0FAFD031E3FD1E7
:10858000134B1B6818001DF09CF9020030217B186A
:108590001A800A00BB181B88002B0ED0154B110047
:1085A000BA1812885A807B181A888B235B00110036
:1085B00018000BF079FF00F0B5FB3723FB18682299
:1085C0001A7000F0AFFBC0467C1D0020C4DA020820
:1085D000801D0020CCDA0208D8DA02081C1B00201B
:1085E000DCDA0208E4DA0208E8DA0208F0DA020863
:1085F000F8DA0208001B002004DB020810DB020886
:10860000D74B1B68181D7B6A043B1A00D54B190019
:108610001EF0AEFD031E2ED1D34B1B6818001DF0BB
:1086200050F9020030217B181A800A00BB181B8801
:10863000002B1AD0BB181B88FF2B16D8BB181B8821
:10864000DAB2CA4B1A71C94B5B791B021AB2C74B1B
:108650001B791BB213431BB29AB21823FF331100CC
:1086600018000BF021FF00F05DFB3723FB18682298
:108670001A7000F057FBBA4B1B68181D7B6A043B4D
:108680001A00BB4B19001EF073FD031E2CD1B64B14
:108690001B6818001DF015F9020030217B181A80A4
:1086A0000A00BB181B88002B19D0BB181B88FF2B96
:1086B00015D8BB181B88DAB2AC4B5A71AB4B5B793F
:1086C0001B021AB2A94B1B791BB213431BB29AB2FD
:1086D0001823FF33110018000BF0E6FE22E33723C6
:1086E000FB1868221A701DE33723FB1867221A70E3
:1086F00018E39B4B1B689F49042218001EF038FDAD
:10870000031E00D0A2E02023FA187B680221180083
:1087100012F0A2FD0200944B1A601C23FA187B6829
:108720000321180012F098FD0200934B1A601823E1
:10873000FA187B680421180012F08EFD02008F4B9E
:108740001A601423FA187B680521180012F084FDC2
:1087500002008B4B1A60844B1B6818001DF0B1F8A7
:1087600002003523FB181A70834B1B6818001DF09C
:10877000A8F802003423FB181A70804B1B681800FD
:108780001DF09FF802002B23FB181A707C4B1B680E
:10879000002B1FD07A4B1B687A49022218001EF06A
:1087A000E7FC031E04D13323FB1801221A7011E0E9
:1087B000734B1B687449022218001EF0D9FC031E7B
:1087C00004D13323FB1802221A7003E03723FB186D
:1087D00068221A703723FB181B78002B00D0A1E207
:1087E0003523FB181B78172B09D83423FB181B786B
:1087F0003B2B04D82B23FB181B783B2B04D93723A6
:10880000FB1868221A708DE20DF092FF574B987D8D
:10881000564B597D554B1A8B544B1D7D3723FC18F5
:108820003323FB181B7803933523FB181B78029323
:108830003423FB181B7801932B23FB181B78009320
:108840002B000DF0ABFE030023706BE2444B1B6862
:108850004E49042218001EF08BFC031E00D05DE27E
:108860002023FA187B680221180012F0F5FC0200A0
:108870003D4B1A601C23FA187B680321180012F084
:10888000EBFC02003C4B1A601823FA187B680421A9
:10889000180012F0E1FC0200384B1A601423FA1899
:1088A0007B680521180012F0D7FC0200344B1A60D7
:1088B000324B1B6818001DF004F802002B23FB1834
:1088C0001A702F4B1B6818001CF0FBFF02003023AE
:1088D000FB181A80244B1B682D49062218001EF035
:1088E00047FC031E04D13523FB1801221A7079E0DE
:1088F0001D4B1B682749072218001EF039FC031E78
:1089000004D13523FB1802221A706BE0164B1B684A
:108910002149092218001EF02BFC031E04D1352327
:10892000FB1803221A705DE00F4B1B681B490822DD
:1089300018001EF01DFC031E04D13523FB18042271
:108940001A704FE0084B1B681549062218001EF0EC
:108950000FFC031E26D13523FB1805221A7041E0B7
:108960007C1D002020DB0208801D0020001B002051
:1089700034DB020860D30208841D0020881D00201B
:108980008C1D002048DB02084CDB0208B4D302082F
:1089900050DB020858DB020860DB02086CDB0208CF
:1089A00078DB0208BF4B1B68BF49082218001EF085
:1089B000DFFB031E04D13523FB1806221A7011E0D9
:1089C000B84B1B68B949062218001EF0D1FB031EE4
:1089D00004D13523FB1807221A7003E03723FB1854
:1089E00068221A70B24B1B68B249072218001EF0A9
:1089F000BFFB031E08D0AE4B1B68AF490222180014
:108A00001EF0B6FB031E04D13423FB1801221A709A
:108A100000E1A74B1B68A949082218001EF0A8FB1B
:108A2000031E08D0A24B1B68A549022218001EF0A5
:108A30009FFB031E04D13423FB1802221A70E9E0C5
:108A40009B4B1B689F49052218001EF091FB031EDB
:108A500008D0974B1B689C49022218001EF088FB27
:108A6000031E04D13423FB1803221A70D2E0904B6A
:108A70001B689649052218001EF07AFB031E08D0D9
:108A80008B4B1B689249022218001EF071FB031EDB
:108A900004D13423FB1804221A70BBE0844B1B68FA
:108AA0008C49032218001EF063FB031E08D0804B84
:108AB0001B688949022218001EF05AFB031E04D1CC
:108AC0003423FB1805221A70A4E0794B1B688349F4
:108AD000042218001EF04CFB031E08D0744B1B68C8
:108AE0007F49022218001EF043FB031E04D13423E9
:108AF000FB1806221A708DE06D4B1B687949042221
:108B000018001EF035FB031E08D0694B1B68764920
:108B1000022218001EF02CFB031E04D13423FB1884
:108B200007221A7076E0624B1B6870490522180014
:108B30001EF01EFB031E08D05D4B1B686C49022211
:108B400018001EF015FB031E04D13423FB18082265
:108B50001A705FE0564B1B686649092218001EF028
:108B600007FB031E08D0524B1B6863490222180002
:108B70001EF0FEFA031E04D13423FB1809221A70DA
:108B800048E04B4B1B685D49072218001EF0F0FAC5
:108B9000031E08D0464B1B685949022218001EF0DC
:108BA000E7FA031E04D13423FB180A221A7031E0BD
:108BB0003F4B1B685349082218001EF0D9FA031EC8
:108BC00008D03B4B1B685049022218001EF0D0FA17
:108BD000031E04D13423FB180B221A701AE0344B05
:108BE0001B684A49082218001EF0C2FA031E08D06A
:108BF0002F4B1B684649022218001EF0B9FA031ECB
:108C000004D13423FB180C221A7003E03723FB181D
:108C100068221A703723FB181B78002B00D081E0E4
:108C20002B22BB181B78002B0FD0BB181B781F2BD7
:108C30000BD830217B181A88FA23DB009A4204D320
:108C40007B181B88334A934204D93723FB186822C8
:108C50001A7067E00DF06CFD2F4B1B7C2E4A527C86
:108C60002D49897C2C48C07C37243C1935257D1939
:108C70002D78A84630257D192D88AC462B257D19E9
:108C80002E7834257D192D7803900291019200935E
:108C900043466246310028000DF080FC030023703B
:108CA00040E0C046801D002080DB02088CDB02080B
:108CB000841D002094DB02089CDB0208A0DB020874
:108CC000ACDB0208B0DB0208B8DB0208BCDB020840
:108CD000C4DB0208C8DB0208CCDB0208D0DB0208D8
:108CE000D8DB0208DCDB0208E4DB0208E8DB020870
:108CF000F0DB0208F4DB020800DC020804DC0208F6
:108D00000CDC020810DC02081CDC020820DC020873
:108D10002CDC020834080000001B00203723FB185D
:108D200067221A703723FB181B78002B22D1214BA6
:108D30001B687A6A9B1800221A701F4B19681D4B1A
:108D40001A681E4B1B68F8681EF070F93623FB1872
:108D50001B78012B27D11A4B1A68FB6811001800E9
:108D60001EF0EBF9174B1A68FB68110018001EF093
:108D7000E4F918E03723FB181B78672B07D1124B57
:108D80001A68FB68110018001EF0EFFA0BE0372399
:108D9000FB181B78682B06D10C4B1A68FB68110076
:108DA00018001EF0E2FA00231800BD460EB080BC89
:108DB000B846F0BD7C1D0020F8000020801D00207A
:108DC000FC00002000010020040100200801002018
:108DD00080B588B000AFF860B9607A601F23FB18D7
:108DE00000221A700023BB6100237B611E23FB1845
:108DF00000221A701D23FB1800221A701C23FB1876
:108E000000221A701823FA187B680121180012F04A
:108E100023FA0200BB4B1A60BA4B1B68BA49042202
:108E200018001EF0A5F9031E00D0CAE0B54B1B6860
:108E3000181DBB69043B1A00B44B19001EF098F9C9
:108E4000031E31D1B24B1B7860221340DBB2602B82
:108E500007D1B04B1968B04AFB6818001EF0E6F85D
:108E600031E1AB4B1B7860221340DBB2202B07D1E2
:108E7000A84B1968A94AFB6818001EF0D7F822E130
:108E8000A34B1B7860221340DBB2002B07D1A14B10
:108E90001968A34AFB6818001EF0C8F813E11F23E5
:108EA000FB1868221A700EE1964B1B68181DBB69EF
:108EB000043B1A009B4B19001EF05AF9031E13D1F4
:108EC000934B1B7804221340DBB2002B07D0914B4D
:108ED0001968914AFB6818001EF0A8F8F3E01F23F8
:108EE000FB1868221A70EEE0864B1B68181DBB69E0
:108EF000043B1A008C4B19001EF03AF9031E07D1EF
:108F00008A4B9A688A49FB6818001EF08FF8DAE0ED
:108F10007C4B1B68181DBB69043B1A00854B19006C
:108F20001EF026F9031E08D1804B1B881A008049C9
:108F3000FB6818001EF07AF8C5E0724B1B68181D1C
:108F4000BB69043B1A007C4B19001EF011F9031E8B
:108F500008D1764B5B881A007549FB6818001EF033
:108F600065F8B0E0674B1B68181DBB69043B1A002D
:108F7000724B19001EF0FCF8031E08D16B4B1B79D5
:108F80001A006B49FB6818001EF050F89BE05D4B1F
:108F90001B68181DBB69043B1A00694B19001EF0C1
:108FA000E7F8031E08D1614B5B791A006049FB6842
:108FB00018001EF03BF886E01F23FB1867221A708A
:108FC00081E0504B1B685F49052218001EF0D0F865
:108FD000031E00D073E01423FA187B6802211800E6
:108FE00012F03AF90200584B1A601E23FB180022B7
:108FF0001A701D23FB1800221A701AE0524B1868D1
:109000001D23FB181A7813009B009B185B004F4A26
:109010009B181900F7F778F8031E04D11E23FB18DC
:1090200001221A700AE01D217B181A787B18013280
:109030001A701D23FB181B78092BDFD91E23FB1880
:109040001B78002B09D1424B19683F4B1A68FB680B
:1090500018001DF0EBFF002350E03E4B19683A4B1F
:109060001A68FB6818001DF0E1FF1C23FB180122A1
:109070001A701CE01C217B181B785A1E364B5200BC
:10908000D35A1A001D23FB181B781A411300012222
:10909000134006D07B181B78FA683049F8681DF039
:1090A000C5FF1C217B181A787B1801321A702C4BD3
:1090B0001B781C22BA1812789A42DBD903E01F23CE
:1090C000FB1867221A701F23FB181B78672B07D128
:1090D000244B1A68FB68110018001EF046F90CE0DA
:1090E0001F23FB181B78682B07D11F4B1968054BF2
:1090F0001A68FB6818001DF099FF00231800BD4690
:1091000008B080BD901D0020C4DA0208CCDA020845
:109110001C1B00200C010020D8DA020830DC0208F9
:10912000E8DA0208F0DA0208F8DA0208001B002088
:1091300034DC020804DB020810DB020820DB020832
:1091400034DB020814D00208941D0020040A002019
:109150001001002014010020941A00203CDC0208B9
:109160007C000020180100201C01002090B587B071
:1091700000AFF860B9607A601723FB1800221A70FC
:1091800000233B611023FA187B680121180012F0BC
:1091900063F802002A4B1A60294B1B683A69294977
:1091A00018001DF0E5FF031E11D1274B274A13CAF3
:1091B00013C313CA13C312681A60FAF791FD244B44
:1091C0001A68FB68110018001EF0CFF826E01C4B4F
:1091D0001B683A691F4918001DF0CAFF031E19D108
:1091E00000221621FF2001F023FF1B4B02221A70E0
:1091F000642011F0B1FEFAF7CDFD07F037FB6420D3
:1092000011F0AAFE154B1A68FB68110018001EF039
:10921000ACF803E01723FB1868221A701723FB1819
:109220001B78682B06D10E4B1A68FB6811001800DA
:109230001EF09BF800231800BD4607B090BDC04645
:10924000981D002044DC0208001B00208000002044
:10925000200100204CDC0208A20A0020240100208A
:1092600028010020F0B589B004AFF860B9607A60D9
:109270000DF05EFA2C4B5B7B182B14D12B4B19682D
:10928000294B9B7C1C00284B5B7C1D00264B1B7CC8
:109290001A00254BDB89F868019300922B0022000D
:1092A0001DF0C4FE3AE0204B5B7B0C2B36D11E4BED
:1092B000DB7C012B17D11E4B19681B4B9B7C1D00BF
:1092C000194B5B7C1E00184B1B7C1A00164BDB896C
:1092D0001C00F868174B02930194009233002A0097
:1092E0001DF0A4FE1AE0104BDB7C022B16D1104BB4
:1092F00019680D4B9B7C1D000B4B5B7C1E000A4BC1
:109300001B7C1A00084BDB891C00F8680A4B02938F
:109310000194009233002A001DF088FE00231800FB
:10932000BD4605B0F0BDC046001B00202C0100204A
:109330003001002054DC020858DC020890B585B0EA
:1093400000AFF860B9607A600DF0F2F9074B1C6865
:10935000FDF706F80200FB68210018001DF066FE0C
:1093600000231800BD4605B090BDC0463401002062
:1093700090B58BB000AFF860B9607A602723FB1816
:1093800000221A7000237B6100233B611423FA182A
:109390007B680121180011F05FFF03003B623B6A0C
:1093A0001B785BB2702B09D13B6A013318001CF0AB
:1093B0008EFA02002623FB181A7003E02723FB18FD
:1093C00068221A701023FA187B680221180011F025
:1093D00043FF0300FB61FB6918001CF078FA0300EF
:1093E000BB612723FB181B78682B07D10E4B1A682B
:1093F000FB68110018001DF0B8FF0FE0BA692624C1
:109400003B191B78110018000DF05EFF074B19681F
:109410003B191B78BA69F8681DF008FE0023180094
:10942000BD460BB090BDC046380100203C01002075
:1094300090B587B000AFF860B9607A601B4B1A68CE
:109440001B49FB6818001DF0F1FD1723FB180022D3
:109450001A7011E017243B191B789B00154A94469B
:1094600063441B68FA681449F8681DF0DFFD3B1976
:109470001A783B1901321A701723FB181B78022B3C
:10948000E8D9FB681800F6F749FE03001A00FB68EC
:109490009A180A4B1000190003231A001DF06DFFE3
:1094A00000231800BD4607B090BDC0464001002013
:1094B0005CDC02089075FF1F60DC020868DC0208B3
:1094C00090B587B000AFF860B9607A6016243B1998
:1094D00000221A8015F0CAF802003B191A803B19C5
:1094E0001B88114A934207D1104B1968104AFB6838
:1094F00018001DF09BFD07E00C4B19680D4AFB6836
:1095000018001DF093FDC0460B4B1C6815F0A2F827
:1095100003001B0BFA68F86821001DF087FD00238B
:109520001800BD4607B090BD67040000440100204C
:109530006CDC020878DC02084801002080B584B0A9
:1095400000AFF860B9607A60074B1968074B1B6879
:109550001B041A0CFB6818001DF068FD002318009E
:10956000BD4604B080BDC0464C010020E075FF1F21
:10957000F0B58FB004AFF860B9607A601823FB18BB
:10958000B54A13CA13C312881A80B44B1C78B44B63
:109590001D68B34B1B681800F6F7C0FD03009AB2B4
:1095A00001235B4200933223290020000DF0F6FDD9
:1095B0002723FB1801221A702623FB1800221A7099
:1095C00036E126203B181A78A64913009B009B1809
:1095D0009B005B5C002B1AD0A34B1C682723FB1855
:1095E0001D783B181A789F4913009B009B189B001D
:1095F000CB1810331B7819001823FA180B00DB0066
:109600005B1AD318F8682A0021001DF00FFD2623ED
:10961000FB181A78934913009B009B189B005B5C16
:10962000012B03D0032B00D175E0BBE02623FB18F0
:109630001A788C4913009B009B189B00CB180333AE
:109640001B78072B45D064DC052B02D0062B20D0DD
:109650005FE0864B1C6826203B181A78814913006E
:109660009B009B189B00CB1802331B781D003B18F6
:109670001A787C4913009B009B189B00CB180C3375
:109680001B68FA68F86800932B0021001DF0CEFCDF
:1096900040E0774B1C6826203B181A78714913006C
:1096A0009B009B189B00CB1802331B781D003B18B6
:1096B0001A786C4913009B009B189B00CB180C3345
:1096C0001B68FA68F86800932B0021001DF0AEFCBF
:1096D00020E0684B1C6826203B181A78614913006B
:1096E0009B009B189B00CB1802331B781D003B1876
:1096F0001A785C4913009B009B189B00CB180C3315
:109700001B68FA68F86800932B0021001DF08EFC9E
:1097100000E0C04646E026243B191A7813009B005F
:109720009B189B004F4A9B18991D1423FB18042279
:1097300018001DF022FE504B1D6820003B181A78BF
:10974000484913009B009B189B00CB1803331B78E0
:109750005A1E4A4913005B009B189B00CB18083324
:109760001E683B181A783F4913009B009B189B000A
:10977000CB1801331B785A1E13005B009B18404A1C
:109780009C187B69181CF9F7C9FA02000B00F968EC
:10979000F86802920393009433000A0029001DF038
:1097A00045FCC04610E0374B1968374BFA68F8683B
:1097B0001DF03CFC344B1800F6F7B0FC0200324BB5
:1097C000002118001DF0B1FC26257B191A782549C7
:1097D00013009B009B189B00CB180C331B682A4A74
:1097E00011001800FDF764FE031EDCD1274B1A6838
:1097F000FB68110018001DF0A0FC184B1C78FB68DA
:109800001800F6F78BFC03009AB2F96801235B425B
:109810000093322320000DF0C1FC2722BB18BA1898
:10982000127801321A707B191A787B1901321A707A
:10983000174B1B782622BA1812789A4200D2C0E63B
:10984000144B1A68FB68110018001DF08EFD0023F0
:109850001800BD460BB0F0BD80DC0208A00A002055
:1098600050010020B01B00205401002058010020AE
:109870005C0100206001002064010020C80100207C
:1098800028CC0208680100209C1D00206C010020EB
:10989000A50A00207001002080B588B000AFF860F4
:1098A000B9607A6000233B611F23FB1800221A7005
:1098B0001023FA187B680121180011F0CDFC030079
:1098C000BB61BB6918001BF0FCFF020017217B186D
:1098D0001A700A00BB181B78002B05D0184B1B7898
:1098E000BA1812789A4203D91F23FB18FF221A7064
:1098F0001F23FB181B78002B16D11723FB181B788E
:109900005A1E104913009B009B189B00CB18103364
:1099100001221A7006F0AEFE0B4B1A68FB681100AC
:1099200018001DF022FD06E0084B1A68FB681100C4
:1099300018001DF01AFD00231800BD4608B080BDB8
:10994000A50A0020B01B002074010020780100202F
:1099500080B588B000AFF860B9607A6000233B61E1
:109960001F23FB1800221A701023FA187B680121AC
:10997000180011F071FC0300BB61BB6918001BF0FB
:10998000A0FF020017217B181A700A00BB181B7871
:10999000002B05D0184B1B78BA1812789A4203D9BD
:1099A0001F23FB18FF221A701F23FB181B78002BA4
:1099B00016D11723FB181B785A1E104913009B0061
:1099C0009B189B00CB18103300221A7006F052FE31
:1099D0000B4B1A68FB68110018001DF0C6FC06E06E
:1099E000084B1A68FB68110018001DF0BEFC00232C
:1099F0001800BD4608B080BDA50A0020B01B00209D
:109A00007C0100208001002090B589B000AFF86093
:109A1000B9607A6000233B611F23FB1800221A7093
:109A20001023FA187B680121180011F015FC0300BF
:109A3000BB61BB6918001BF044FF020017217B18B3
:109A40001A700A00BB181B78002B05D05F4B1B78DF
:109A5000BA1812789A4203D91F23FB18FF221A70F2
:109A60001F23FB181B78002B00D096E017243B190E
:109A70001B785A1E564913009B009B189B0000221E
:109A80005A543B191B785A1E514913009B009B18CE
:109A90009B00CB18013300221A703B191B785A1E09
:109AA00013009B009B189B00494A9B180233042219
:109AB000002118001DF039FB3B191B785A1E444940
:109AC00013009B009B189B00CB18103300221A70C8
:109AD0003B191B785A1E3E4913009B009B189B00A4
:109AE000CB180C331B6818001BF002FF20003B183A
:109AF0001B785A1E364913009B009B189B00CB18FD
:109B00000C3300221A601E23FB183A1812781A70C0
:109B100034E01E203B181A782D4913009B009B1837
:109B20009B005B5C002B23D001007B181B785A1E26
:109B300013009B009B189B00254A98180C007B186B
:109B40001A7813009B009B189B00214A9B18142233
:109B500019001DF012FC3B191A7813009B009B188A
:109B60009B001B4A9B181422002118001DF0DDFAEF
:109B70001E217B181A787B1801321A70134B1B7840
:109B80001E22BA1812789A42C3D3104B1B78013B9D
:109B9000DAB20E4B1A7006F06DFD1F23FB181B780E
:109BA000002B07D10B4B1A68FB68110018001DF041
:109BB000DCFB06E0084B1A68FB68110018001DF07A
:109BC000D4FB00231800BD4609B090BDA50A0020B3
:109BD000B01B0020840100208801002090B58BB0CC
:109BE00000AFF860B9607A600023BB6100237B613D
:109BF0002723FB1800221A701823FA187B6801210A
:109C0000180011F029FB03003B623B6A1B785BB232
:109C1000702B09D13B6A013318001BF058FE02007B
:109C20002623FB181A7003E02723FB1867221A70FB
:109C30001423FA187B680221180011F00DFB0300B1
:109C4000FB61FB691B785BB2702B09D1FB690133A7
:109C500018001BF03CFE02002523FB181A7003E0DD
:109C60002723FB1867221A702722BB181B78002BAA
:109C70000DD1BC182523FB181A782623FB181B7856
:109C800011001800FCF79AFB0300237003E0272360
:109C9000FB1867221A702723FB181B78002B0BD1A7
:109CA000124B19682623FB181A782523FB181B78FA
:109CB000F8681DF0BBF913E02723FB181B78672B0E
:109CC00007D10B4B1A68FB68110018001DF04DFB03
:109CD00006E0084B1A68FB68110018001DF045FBF0
:109CE00000231800BD460BB090BDC0468C0100207B
:109CF000900100209401002090B58BB000AFF86077
:109D0000B9607A600023BB6100237B612723FB18C5
:109D100000221A701823FA187B680121180011F02C
:109D20009BFA03003B623B6A1B785BB2702B09D144
:109D30003B6A013318001BF0CAFD02002623FB1802
:109D40001A7003E02723FB1867221A701423FA18ED
:109D50007B680221180011F07FFA0300FB61FB69A8
:109D60001B785BB2702B09D1FB69013318001BF023
:109D7000AEFD02002523FB181A7003E02723FB1811
:109D800067221A702722BB181B78002B0DD1BC1834
:109D90002523FB181A782623FB181B7811001800BE
:109DA000FCF732FB0300237003E02723FB18672234
:109DB0001A702723FB181B78002B0BD1124B196844
:109DC0002623FB181A782523FB181B78F8681DF04A
:109DD0002DF913E02723FB181B78672B07D10B4BBA
:109DE0001A68FB68110018001DF0BFFA06E0084B66
:109DF0001A68FB68110018001DF0B7FA002318005C
:109E0000BD460BB090BDC046980100209C010020CB
:109E1000A0010020B0B58EB002AFF860B9607A60E2
:109E20000023FB612F23FB1800221A701823FB1854
:109E3000A54A12781A700023BB621C23FA187B68AB
:109E40000121180011F008FA03007B629F4A7B6A27
:109E500011001800F6F758F9031E00D0AEE0BB6AF7
:109E6000002B00D02BE12E23FB1801221A709EE05C
:109E7000974B1B782E243A1912789A4200D190E021
:109E80001BF060FF0300DAB218257B191A707919EC
:109E90003B191878642300930A2301220DF07EF900
:109EA0003B191B7818000DF02FFA03001B685B6A42
:109EB000DAB214217B181A707B191A787B181B7878
:109EC0009A4204D12F23FB1800221A7003E02F239B
:109ED000FB1806221A702F23FB181B78002B18D1B1
:109EE0007C4B19682E23FB181A78FB6818001DF0AC
:109EF0009DF8774B1C78FB681800F6F70FF9030004
:109F00009AB2F968642300930A2320000DF046F901
:109F10001CE02F23FB181B78062B17D16E4B1968FA
:109F20002E23FB181A78FB6818001DF07FF8684B89
:109F30001C78FB681800F6F7F1F803009AB2F9688C
:109F4000642300930A2320000DF028F9634B1A685C
:109F5000FB68110018001DF008FA5D4B1C78FB68C7
:109F60001800F6F7DBF803009AB2F968642300934F
:109F70000A2320000DF012F902E0012014F046FB44
:109F8000534B1B785A1EBB6A591C554813005B0083
:109F90009B189B01C3185B5C002BEED0BB6A01339E
:109FA000BB622E217B181A787B1801321A702E237F
:109FB000FB181B78052B00D85AE780E07B6A1B78DA
:109FC0005BB2702B00D073E07B6A013318001BF08A
:109FD0007EFC020023243B191A703B191B78002BCE
:109FE00037D03B191B78052B33D82F23FB181B7850
:109FF000002B1CD11BF0A6FE0300DAB218217B183F
:10A000001A7079183B1918786423009332230122BF
:10A010000DF0C4F82E23FB181B7818000DF074F90E
:10A0200003001B685B6ADAB21423FB181A7018234A
:10A03000FB181A781423FB181B789A4204D12F239B
:10A04000FB1800221A7008E02F23FB1806221A7052
:10A0500003E02F23FB1866221A702F23FB181B78AE
:10A06000002B09D11B4B19682323FB181A78FB68B6
:10A0700018001CF0DBFF22E02F23FB181B78662B57
:10A0800007D1184B1A68FB68110018001DF06DF914
:10A0900015E02F23FB181B78062B10D10E4B1968E7
:10A0A0002323FB181A78FB6818001CF0BFFF06E09A
:10A0B0000D4B1A68FB68110018001DF056F90023BB
:10A0C0001800BD460CB0B0BD90DC0208D8DA02081A
:10A0D000A00A0020A4010020A8010020AC0100205B
:10A0E000201E0020B0010020B4010020B0B58CB0CB
:10A0F00000AFF860B9607A600023FB610023BB61A8
:10A1000000237B611C23FA187B680121180011F0E1
:10A11000A3F80300BB621823FA187B680221180019
:10A1200011F09AF803007B622F4ABB6A11001800F5
:10A13000F5F7EAFF031E07D02C4ABB6A110018008E
:10A14000F5F7E2FF031E42D0BB6A013318001BF093
:10A15000B8FB02002323FB181A70254A7B6A110002
:10A160001800F5F7D1FF031E04D12F23FB1800229E
:10A170001A700BE01F4A7B6A11001800F5F7C4FF44
:10A18000031E03D12F23FB1801221A7023243B192D
:10A190001B7818000BF004FB14257A192F23FB18E9
:10A1A00019783B191B7818000BF046FB7A19FB68ED
:10A1B000110018001DF0D9F87B69181CF8F7AEFDE6
:10A1C00002000B000C49F8681CF030FF06E00B4B56
:10A1D0001A68FB68110018001DF0C7F8002318006A
:10A1E000BD460CB0B0BDC04694DC020898DC020845
:10A1F0009CDC0208A0DC0208A8DC0208B8010020F0
:10A2000090B587B000AFF860B9607A6000237B61D9
:10A2100000233B611023FA1814243B191100180085
:10A220000BF0DAFB3A19FB68110018001DF09DF8DD
:10A230007B69181CF8F772FD02000B000449F868EE
:10A240001CF0F4FE00231800BD4607B090BDC046C8
:10A25000C4DC020890B587B000AFF860B9607A60DE
:10A2600000237B6100233B611023FA1814243B195F
:10A27000110018000BF0B0FB3A19FB681100180030
:10A280001DF073F83B69181CF8F748FD02000B003D
:10A290000449F8681CF0CAFE00231800BD4607B048
:10A2A00090BDC046E8DC020890B58DB000AFF86004
:10A2B000B9607A600023FB610023BB6100237B61EE
:10A2C0001C23FA187B680121180010F0C5FF030059
:10A2D000BB621823FA187B680221180010F0BCFF3B
:10A2E00003007B622C4ABB6A11001800F5F70CFFD3
:10A2F000031E07D0294ABB6A11001800F5F704FFB6
:10A30000031E3CD0BB6A013318001BF0DAFA0200CE
:10A310002323FB181A70224A7B6A11001800F5F7F4
:10A32000F3FE031E04D12F23FB1800221A700BE04A
:10A330001C4A7B6A11001800F5F7E6FE031E03D1E4
:10A340002F23FB1801221A7023243B191B781800B5
:10A350000BF026FA1423FA182F23FB1819783B194F
:10A360001B7818000BF026FC7B69181CF8F7D6FC4C
:10A3700002000B000C49F8681CF058FE06E00B4B7D
:10A380001A68FB68110018001CF0EFFF002318008A
:10A39000BD460DB090BDC04694DC020898DC0208B2
:10A3A0009CDC0208A0DC020814DD0208BC010020CD
:10A3B000B0B586B000AFF860B960BB1D1A80172534
:10A3C0007C19FB68180006F0B7FD030023707B19A9
:10A3D0001B78204AD35C002B0BD07B191B781D4ABD
:10A3E000D35C012B05D07B191B781A4AD35C032B55
:10A3F00022D117243B191B78180009F085FE200094
:10A400003B181B785A1E144B9200B968D1503B1868
:10A410001B78104A0221D1543B181B785A1E0F4B4F
:10A4200092000021D150BB1D1A88B968FB68180042
:10A4300009F096FD002309E01723FB181B78054A55
:10A44000D35C022B01D1172300E017231800BD466F
:10A4500006B0B0BDB00A0020E0210020F4210020A9
:10A4600080B584B000AF0200FB1D1A70FB1D1B7885
:10A470003B4AD35C022B09D0FB1D1B785A1E394B7B
:10A480009200D358180015F03FFF64E0FB1D1B78C5
:10A490005A1E344B9200D358180015F035FFFB1D9F
:10A4A0001B785A1E304B9200D358002B09D0FB1D4D
:10A4B0001B78013B2D4A99008A58511C2B4A9B005E
:10A4C0009950FB1D1B785A1E284B9200D258FB1D39
:10A4D0001B78591E244B8900CB589A4208D2FB1D89
:10A4E0001B785A1E224B5200D35ADBB20D2B32D1AD
:10A4F000FB1D1B785A1E1E4B5200D35A1B0A9AB2E0
:10A500000F217B181A70FB1D1B785A1E184B520026
:10A51000D25A0E23FB181A707B181B78002B03D01D
:10A520007B181B78012B08D1FB1D1B78180009F044
:10A5300015FE104B01221A700DE0FB1D1B78180050
:10A5400009F00CFE0E23FB181B78180009F006FE1C
:10A55000084B01221A70C046BD4604B080BDC046FB
:10A56000B00A00202C31002008220020F421002015
:10A5700060230020C001002080B500AF0B4B1B689A
:10A5800008221A620A4B1B6808221A62094B1B68D0
:10A5900008221A62084B1B6808221A62074B1B68C4
:10A5A00008221A62C046BD4680BDC046402C00202D
:10A5B000D42C0020682D0020FC2D0020242F00200A
:10A5C00080B58CB002AFFA239A00694969486A4B9A
:10A5D000019303230093002311F0FBFFFA239A0059
:10A5E00066496748674B019305230093002311F0E8
:10A5F000F0FFFA239A0064496448654B01930323F2
:10A600000093002311F0E5FFFCF7DAFFFA239A002C
:10A6100060496148614B019303230093002311F0CB
:10A62000D8FFFA239A005E495E485F4B01930423EA
:10A630000093012311F0CDFFFA239A005B4959489A
:10A640005B4B019304230093022311F0C2FFFA2312
:10A650009A0058495348584B01930423009303230D
:10A6600011F0B7FFFA239A0054494E48544B019316
:10A6700004230093042311F0ACFFFA239A005149FC
:10A680004848514B019304230093052311F0A1FF87
:10A6900000237B622423FB180121180010F070FCBA
:10A6A00002004A4B5A6000233B622023FB18012121
:10A6B000180010F065FC0200454B5A600023FB6156
:10A6C0001C23FB180121180010F05AFC02003F4B1C
:10A6D0009A600023BB611823FB180121180010F0B9
:10A6E0004FFC02003A4B9A6000237B611423FB1855
:10A6F0000121180010F044FC0200344BDA60002302
:10A700003B611023FB180121180010F039FC0200F6
:10A710002F4BDA600023FB600C23FB18012118008B
:10A7200010F02EFC0200294B1A610023BB600823A5
:10A73000FB180121180010F023FC0200244B1A61C1
:10A7400000237B603B1D0121180010F019FC020062
:10A750001E4B5A6100233B603B000121180010F0A2
:10A760000FFC02001A4B5A61C046BD460AB080BDBC
:10A77000A8E60208D5A7000890220020B4E6020847
:10A7800001BA000898220020C0E602080358020817
:10A7900094220020CCE60208CD6500089C2200200F
:10A7A000D4E60208B9C500087C220020E0E60208D1
:10A7B00080220020ECE6020884220020F8E602084D
:10A7C0008822002004E702088C220020A02200201A
:10A7D000BC22002080B582B000AF78603A4B1B7875
:10A7E000032B2FD043DC012B02D0022B15D03EE0EF
:10A7F00080231B0235480122190016F038FA502038
:10A8000010F0AAFB80231B0230480022190016F02A
:10A810002EFA2D4B00221A702AE080231B022B48AF
:10A820000122190016F023FA642010F095FB802312
:10A830001B0226480022190016F019FA224B0022AA
:10A840001A7015E080231B0220480122190016F01F
:10A850000EFA1E2010F080FB80231B021B480022F2
:10A86000190016F004FA184B00221A7000E0C046D6
:10A870000AF03AFAFCF7AEFD154B1B78002B15D009
:10A8800005F0E4FC124B00221A7080231B020F48D3
:10A890000122190016F0EBF9C82013F0B7FE80234F
:10A8A0001B020A480022190016F0E1F9094B1B7837
:10A8B00001225340DBB2002B02D0074B00221A705A
:10A8C00010F036FF8AE7C046A20A002000040050BC
:10A8D000742200205D3200205C32002080B500AF81
:10A8E000064B1B6806491800F5F734FC03001A00F4
:10A8F000044B1A60C046BD4680BDC04630020020F1
:10A90000102700007822002080B588B000AF002317
:10A91000FB610023BB6100237B611E4B1B68FA2295
:10A9200091001800F5F716FC0300013B3B611A4B40
:10A93000FB601A4BBB608023DB047B60FB681B68F9
:10A940003A69D31AFB6112F07DF90300BB61BB6861
:10A950001B687A68134007D0BB690133BB61FB6891
:10A960001B683A69D31AFB61BA6913009B009B18F4
:10A970005B007B610A4B1B681900F869F5F7EAFB7D
:10A9800003001A007B699B187B617B691800BD4638
:10A9900008B080BD3002002018E000E004ED00E0C7
:10A9A00078220020F0B589B002AFB9607A60190052
:10A9B0000F23FB18021C1A700E203B180A1C1A7079
:10A9C00000237B6101007B181A78282308201B18BC
:10A9D000DB191B789A4207D17B181B781A00DD4BD4
:10A9E000022199546723B0E10E23FB181B78002B3A
:10A9F00006D0282308229B18DB191B78002B01D1D5
:10AA00006723A2E10F23FB181B78002B5BD12825BD
:10AA10000826AB19DB191B780D2B18D10E23FB1858
:10AA20001B7818000CF070FC0400AB19DB191B78C4
:10AA300018000CF069FC0100BB689BB21A002000F2
:10AA4000FFF7B6FC0300172B1BD117237DE10E2364
:10AA5000FB181B7818000CF057FC04002823082270
:10AA60009B18DB191B7818000CF04EFC0300012228
:10AA700019002000FFF79CFC0300172B01D11723BE
:10AA800063E17A6813005B019B1A9B009B18DB0053
:10AA90001A00FA2399001000F5F75CFB0300190077
:10AAA0000E243A19AC48AD4B00931300002213F06A
:10AAB0000DFA03007B613B191B785A1EA84B9200CC
:10AAC000B968D150C1E00F23FB181B78012B3DD191
:10AAD000282308229B18DB191B7818000CF014FCA3
:10AAE00004000E23FB181B7818000CF00DFC03006B
:10AAF000012219002000FFF75BFC0300172B01D196
:10AB0000172322E17A6813005B019B1A9B009B18B4
:10AB1000DB001A00FA2399001000F5F71BFB030075
:10AB20001900282408256319DB198B488B4A0092E9
:10AB3000002213F0CBF903007B616319DB191B784A
:10AB40005A1E874B9200B968D1507EE00F23FB1844
:10AB50001B78022B77D10E23FB181B7818000CF002
:10AB6000D3FB0400282308229B18DB191B7818004C
:10AB70000CF0CAFB0300012219002000FFF718FCAB
:10AB80000300172B01D11723DFE07A6813005B0164
:10AB90009B1A9B009B18DB001A00FA2399001000F7
:10ABA000F5F7D8FA030019000E257A196A486B4B9D
:10ABB00000931300002213F089F903007B617B19D5
:10ABC0001B785A1E664B9200B968D1502823082280
:10ABD0009B18DB191B7818000CF096FB04007B19FE
:10ABE0001B7818000CF090FB0300012219002000D4
:10ABF000FFF7DEFB0300172B01D11723A5E07A68CE
:10AC000013005B019B1A9B009B18DB001A00FA23C0
:10AC100099001000F5F79EFA030019002824082572
:10AC20006319DB194C484D4A0092002213F04EF98B
:10AC300003007B616319DB191B785A1E484B920095
:10AC4000B968D15001E067237FE00F22BB181B7861
:10AC5000002B14D1BB181B789BB21B0299B228237E
:10AC600008229B18DB191B7818000E23FB181B7891
:10AC70005A1E0B1899B23B4B5200D15244E00F229E
:10AC8000BB181B78012B14D1BB181B789BB21B027D
:10AC900099B20E23FB181B781800282308229B1852
:10ACA000DB191B785A1E0B1899B22E4B5200D15249
:10ACB0002AE00F243B191B78022B25D13B191B7866
:10ACC0009BB21B0299B228250823EA18D3191B78D6
:10ACD00018000E26BB191B785A1E0B1899B2214B6F
:10ACE0005200D1523B191B789BB21B0299B2BB197F
:10ACF0001B7818000823EB18DB191B785A1E0B1859
:10AD000099B2184B5200D1520F23FB181B781A042A
:10AD1000282308215B18DB191B781B02D3180E228D
:10AD2000BA1812789B181A000F4B1A607B69002B17
:10AD30000AD011F079FF0200786901235B42009389
:10AD40000023012113F012F900231800BD4607B0BB
:10AD5000F0BDC046B00A002018E702086DAD00083B
:10AD600008220020602300206C23002090B585B0CD
:10AD700000AF78600F203B1800221A700E243B1998
:10AD800000221A700D217B1800221A701E4B1B68BE
:10AD90001A0C7B181A701C4B1B681A0A3B191A7084
:10ADA000194B1A683B181A707B181B78022B16D0A7
:10ADB00025DC002B02D0012B07D020E00F23FB184D
:10ADC0001B78180009F0CAF91AE00E23FB181B784B
:10ADD000180009F0C3F90D4B01221A7010E00F237F
:10ADE000FB181B78180009F0B9F90E23FB181B7823
:10ADF000180009F0B3F9054B01221A7000E0C046B3
:10AE0000C046BD4605B090BD6C230020C0010020A7
:10AE1000F0B587B002AF0200FB1D1A700F23FB18BC
:10AE200000221A700E243B1900221A700D257B197E
:10AE300000221A70164B00221A70FB1D1B785A1E36
:10AE4000791914481300DB009B1ADB001B5C0B70A4
:10AE5000114B1A7826003C197B191B781900100039
:10AE6000FAF7DEF803002370FB1D1B789BB27A19FA
:10AE70001178BA191078009300230A00002100F01D
:10AE8000AFF90F23FB181B781800BD4605B0F0BDC5
:10AE9000020A0020B80A0020FC1A002080B586B003
:10AEA00002AF0200FB1D1A70BB1D0A1C1A700F2393
:10AEB000FB1800221A70134B00221A70124BFA1D55
:10AEC00012781A70FB1D1B78FF2B0AD1BB1D1B7853
:10AED0009BB200930023FF220021002000F080F9A4
:10AEE00009E0BB1D1B789BB200930023FE220021CA
:10AEF000002000F075F90F23FB181B781800BD46E1
:10AF000004B080BD020A00207800002080B582B025
:10AF100000AF0200FB1D1A70FB1D1B78052B2CD8FF
:10AF20009A00184BD3181B689F46174B18680023CC
:10AF30000222002112F0C2FD20E0144B1868002309
:10AF40000222002112F0BAFD18E0114B186800230C
:10AF50000222002112F0B2FD10E00E4B186800230F
:10AF60000222002112F0AAFD08E00B4B1868002312
:10AF70000222002112F0A2FD00E0C046C046BD46FC
:10AF800002B080BD24E702087C220020802200203D
:10AF900084220020882200208C220020B0B584B0BA
:10AFA00002AF05000C0010001900FB1D2A1C1A70CE
:10AFB000BB1D221C1A703B1D021C1A80BB1C0A1CE4
:10AFC0001A80184B01221A70174BBA1D12781A708A
:10AFD000BB1D1B78FF2B0CD13B1D1A88FB1D19785C
:10AFE000BB1C1B8800931300FF22002000F0F8F820
:10AFF0000BE03B1D1A88FB1D1978BB1C1B880093B6
:10B000001300FE22002000F0EBF8BB1C1A88074B4F
:10B01000002118001CF089F800231800BD4602B07A
:10B02000B0BDC046020A002078000020D00B0020EE
:10B03000B0B586B002AF040008001100FB1D221C51
:10B040001A703B1D021C1A80BB1C0A1C1A800F239D
:10B05000FB1800221A700E257B1900221A70FB1DA6
:10B060001B78FF2B20D0194B1A787C19FB1D1B78FD
:10B0700019001000F9F7D4FF03002370134B19785F
:10B080003B1D1C88FB1D1A787B191878BB1C1B887C
:10B090000093230000F0A4F8BB1C1A880C4B00217D
:10B0A00018001CF042F809E0084B1878BB1C1988FE
:10B0B0003B1D1A880B00FF21FFF770FF0F23FB18C1
:10B0C0001B781800BD4604B0B0BDC046FC1A002075
:10B0D000D00B0020F0B587B000AF04000800BA60C4
:10B0E00019000F257B19221C1A700C23FB18021C57
:10B0F0001A80BB1D0A1C1A801623FB18BA1D128861
:10B100001A801423FB1800221A801223FB18002235
:10B110001A8011217B1800221A701023FB180022BC
:10B120001A702C4B1A787C187B191B7819001000A8
:10B13000F9F776FF0300237041E01223FA18162373
:10B14000FB181B8899B22E2900D92E2313801424B2
:10B150003B191B88BA68D11812257B191A881E4B17
:10B1600018001CF00AF91626BB19B91928003A185C
:10B17000098812888A1A1A803B1939193A180988DD
:10B1800012888A181A80BB191B88002B06D0134B13
:10B190001A78802149420A431A7004E00F4B1A784A
:10B1A0007F210A401A701223FB181A880C23FB18FF
:10B1B00019880F23FB181B781800FFF739FF162397
:10B1C000FB181B88002BB8D100231800BD4607B020
:10B1D000F0BDC046FC1A0020D00B00201C1B002034
:10B1E000B0B586B000AF05000C0010001900FB1DC3
:10B1F0002A1C1A70BB1D221C1A707B1D021C1A709F
:10B20000BB1C0A1C1A801023FB1800221A700F2383
:10B21000FB1800221A700E23FB1800221A70172345
:10B22000FB1800221A701623FB1800221A7015232F
:10B23000FB1800221A70FB1D1B78002B03D17B1D0D
:10B240001B78002B17D0FB1D1B78002B07D17B1D13
:10B250001B78FF2B03D07B1D1B78FE2B0BD1FB1D16
:10B260001B78002B09D0BB1D1B78002B05D07B1D44
:10B270001B78002B01D1672318E2002011F066FB38
:10B280000300BB600521002011F07AFBCA4B482265
:10B290001A70C94B5A225A70FB1D1B78002B0BD118
:10B2A000BB1D1B78002B07D17B1D1B78FF2B07D004
:10B2B0007B1D1B78FE2B03D0BB1C1B88002B18D1D9
:10B2C00028203B181B885A1E16243B19BB498A5C50
:10B2D0001A703B181B885A1E1300DB009B1ADB00F8
:10B2E000B74A99183B191A78B64B18001CF045F864
:10B2F00029E1BB1D1B78002B03D1BB1DB24A12787C
:10B300001A70B24B1B7801221340DBB2002B05D020
:10B310001722BB18BA18127801321A70BB1C1B888E
:10B32000FF2B04D9A94B1A7802210A431A70A24BA9
:10B330001622BA1812789A709F4B7A1D1278DA701A
:10B340009D4BBA1D12781A71A04B1A789A4B5A71FC
:10B3500017203B181B780633BA1C1288D1B2964AC4
:10B36000D1549A4B1B7802221340DBB2002B0ED033
:10B370003B183A18127801321A70BB1C1B881B0A42
:10B380009AB23B181B780633D1B28B4AD154282489
:10B390003B191B882E2B1AD817257B191B78DA1D11
:10B3A000854BD0188A4B1B881A008A4BD1183B1941
:10B3B0001B881A001BF0E1FF3B191B88DAB27B19CE
:10B3C0001B78D318DAB21623FB1804321A70824B9A
:10B3D0001B78002B00D1B6E0804B1B78FF2B52D09E
:10B3E0001223FB1801221A8035E012203B181B881B
:10B3F0005A1E7B4B5200D35A1A00784B1B781A41C5
:10B4000013000122134020D015217B187A181278DE
:10B4100001321A7028243B191A887B181B78D3181C
:10B420002C2B10DC1723FB181B78DA1D3B191B880B
:10B43000D2187B181B78D318013B3A181288D1B266
:10B440005D4AD15401E0692330E112217B181A884A
:10B450007B1801321A80634B1B781A001223FB18E9
:10B460001B889342C1D91723FB181B78DA1D2823A8
:10B47000FB181B88D21815217B181B78D3184E4A4D
:10B4800079180978D154554B1B78FF2B16D12821F8
:10B490007B181B882C2B11D8534B1B780133DAB245
:10B4A000514B1A701723FB181B78DA1D7B181B8869
:10B4B000D3184D4A1178404AD1542EE0474B1B789F
:10B4C000FF2B01D16923F1E0444B1B78FF2B1ED0E9
:10B4D00028217B181A8815203B181B78D3182B2B92
:10B4E00015DC414B1B780133DAB23F4B1A7017233E
:10B4F000FB181B78DA1D7B181B88D2183B181B78A9
:10B50000D3180133384A11782B4AD15405E0334B14
:10B510001B78FF2B01D06923C8E0304B1B78FF2B31
:10B5200006D11622BB18BA18127801321A700AE036
:10B530001523FA1816217B1812781B78D318DAB263
:10B540007B1802321A701C4B16257A1912789A70E1
:10B550007B191B7803331A001749244B18001BF082
:10B560000CFF7B191B789BB203339AB27B191B78B3
:10B57000DC1C1E4B1100180008F08EFE03001A00A0
:10B580000D4B1A55194B3822002118001BF0CDFD28
:10B590007B1D1B78FF2B2BD07B1D1B78FE2B27D010
:10B5A0007B191B789BB204339AB20349FB1D1878B0
:10B5B00032230BF049FE6AE0680A0020A80A002046
:10B5C000B80A00206B0A0020FC1A00201C1B002077
:10B5D0009E230020D00B0020020A002078000020CB
:10B5E000941A00207C000020A10A002028230020BB
:10B5F000BB1C1B88002B07D1BB1D1B78002B03D164
:10B60000BB1D2C4A12791A70BB1D1B781800F9F764
:10B610002FFB1123FB1801221A7033E0264B1B78F5
:10B620005A1E264B5200D35A1A0011203B181B7881
:10B63000013B1A411300012213401AD016243B1972
:10B640001B789BB204339AB21A493B1818783223FC
:10B650000BF0FAFD1A4B1B78002B0AD03B191B7814
:10B660009BB204339AB21349FB1D187832230BF0B6
:10B67000EBFD0A200BF09AF911217B181A787B1840
:10B6800001321A701123FB181B78052BC6D9BB6831
:10B690001900002011F074F90A4B1B78002B02D01E
:10B6A000084B02221A701023FB181B781800BD46A5
:10B6B00006B0B0BD680A0020FC1A00202816002041
:10B6C000010A00201D1B0020F0B58BB006AF05005D
:10B6D0000C0010001900FB1D2A1C1A70BB1D221C37
:10B6E0001A707B1D021C1A703B1D0A1C1A700B2459
:10B6F0003B1900221A700F23FB1800221A700E2328
:10B70000FB1800221A700D23FB1800221A70B04B90
:10B710001B78BA1D12789A4248D0FB6ADAB2AD4B58
:10B720001A70FB6A1B0ADAB2AA4B5A70FB6A1B0C2E
:10B73000DAB2A84B9A70FB6A1B0EDAB2A54BDA702C
:10B740003B6BDAB2A34B1A713B6B1B0ADAB2A14B0B
:10B750005A713B6B1B0CDAB29E4B9A713B6B1B0E02
:10B76000DAB29C4BDA719B4A202308215B18DB1963
:10B770001B781372974BFA1D12785A72954B3A1D2B
:10B7800012789A72934B7A1D1278DA722C235B1816
:10B79000DB191A788F4B1A73BB1D1B780D221C21E5
:10B7A0001800FFF745FC3B191B780CE10C23FB1834
:10B7B00000221A70B6E03B1D1A78BB1D1B781100E1
:10B7C0001800F9F72DFC0C217B181B78824AD35CFA
:10B7D000002B00D1A0E07B181B7801337E4AD35C9C
:10B7E000002B10D07B181B787B4AD05C7B181B7811
:10B7F0000133794AD35C0E22BC181900F9F710FC0A
:10B80000030023700EE00C23FB181B78724AD25CF5
:10B810000E23FC18BB1D1B7819001000F9F700FC63
:10B82000030023703B1D1A78BB1D1B781100180004
:10B83000F9F7F6FB0C23FB181B78674AD35C3A1D1B
:10B8400012789A4205D10D23FB187A1D12781A70CE
:10B8500010E00C217B181B785F4AD05C7B181B78AA
:10B86000013B5D4AD35C0D22BC181900F9F7D8FBE7
:10B8700003002370FB6ADAB2564B1A70FB6A1B0A8C
:10B88000DAB2544B5A70FB6A1B0CDAB2514B9A7005
:10B89000FB6A1B0EDAB24F4BDA703B6BDAB24D4BE0
:10B8A0001A713B6B1B0ADAB24A4B5A713B6B1B0C89
:10B8B000DAB2484B9A713B6B1B0EDAB2454BDA7128
:10B8C000444A202308215B18DB191B781372414B73
:10B8D0000E22BA1812785A723E4B0D22BA181278FC
:10B8E0009A722C235B18DB191A783A4BDA723B1DDB
:10B8F0001A78BB1D1B7811001800F9F791FB0C2377
:10B90000FB181B78344AD35C0C221B211800FFF76C
:10B910008FFB0A200FF020FB0C217B181A787B1874
:10B9200001321A700C23FB181B78192B00D842E740
:10B93000FB1D1B780D2B43D0BA1D3B1D12781B78C5
:10B940009A4205D10F23FB187A1D12781A700BE06A
:10B950000F23FC183B1D1A78BB1D1B781100180023
:10B96000F9F75EFB03002370FB1D1C783A6BF96A44
:10B97000202508202B18DB1918780F26BB191B78F7
:10B9800000932300FFF70EF82C2308201B18DB1967
:10B990001B78002B14D0FB1D1C783A6BF96A2B180E
:10B9A000DB191878002304930023039300230293E8
:10B9B00000230193BB191B7800932300F8F722F9A9
:10B9C0000B23FB181B781800BD4605B0F0BDC04620
:10B9D000FC1A0020D00B00208423002080B500AF8B
:10B9E000BFF34F8FC046044B044ADA60BFF34F8F5A
:10B9F000C046C046FDE7C04600ED00E00400FA0581
:10BA0000F0B58BB000AF78602723FB1800221A70C6
:10BA10001023FB1800221A6000221A710823FB1859
:10BA200000221A6000221A711A23FB1800221A70D1
:10BA300001235B421900012011F0FEFFD54B0022CB
:10BA40001A7000F0A8FD1923FB18D24A12781A7058
:10BA5000D04B1B781A00D04B9200D3581B68DBB236
:10BA6000CC4A1278110040225242D31ADAB2CB4BA0
:10BA70005A54C84B1B781A00C84B9A5CC54B1B78AC
:10BA80001900C74B5B5C9A4200D125E2C14B1A7882
:10BA900018243B1901321A703B191B785A1EBD4BF2
:10BAA0001B781900BE4B5B5C1800BE4913005B009D
:10BAB0009B189B01CB181B5C0D2B4BD13B191B78A2
:10BAC000B94AD35C002B45D100233B620DE0B64A56
:10BAD0003B6AD3181B78032B04D1B34A3B6AD318B3
:10BAE00000221A703B6A01333B623B6A052BEEDD94
:10BAF00018203B181B78AC4A0321D154AB4B3A18A1
:10BB000012781A70AA4B3A1812781A703B181B78E0
:10BB10005A1EA04B1B781900A14B5B5C1800A14971
:10BB200013005B009B189B01CB181A5CA14B1A7089
:10BB3000A14B186800230222002111F0BFFF9F4B88
:10BB40001B78012B02D19E4B01221A709B4B0122C4
:10BB50001A70ABE118217B181B78934AD35C032B36
:10BB600015D17B181B785A1E8A4B1B7819008C4BF9
:10BB70005B5C18008B4913005B009B189B01CB1882
:10BB80001A5C8C4B1A708E4B01221A708EE11824AD
:10BB90003B191B785A1E7F4B1B781900804B5B5C4E
:10BBA0001800804913005B009B189B01CB181B5C9D
:10BBB000482B0BD13B191B787B4AD35C002B05D15A
:10BBC0003B191B78784A0721D1546FE118243B199F
:10BBD0001B785A1E6F4B1B781900714B5B5C180069
:10BBE000704913005B009B189B01CB181B5C5A2B00
:10BBF0000BD13B191B786C4AD35C072B05D13B1941
:10BC00001B78694A0821D15450E118243B191B784C
:10BC10005A1E604B1B781900614B5B5C1800614930
:10BC200013005B009B189B01CB181B5C5A2B0BD09D
:10BC30003B191B785C4AD35C072B05D13B191B7859
:10BC4000594A0021D15431E11826BB191B78564AB4
:10BC5000D35C082B4CD1BB191B78534A0121D1541A
:10BC6000BB191B785A1E4B4B1B7819004C4B5B5C65
:10BC70001D0019243B1919783B191B785148C35CE6
:10BC80001C00484813005B009B189B01C3185D5DB6
:10BC90004D482300DB001B1BDB000A0092005218FA
:10BCA000D100891ACA0011005B18C31802332A1C7C
:10BCB0001A7019243B191B780822BA180321D15491
:10BCC000BB191B785A1E334B1B781900344B5B5C35
:10BCD0001800344913005B009B189B01CB181A5CB9
:10BCE0003B191B780132D1B21022BA18D154DDE0D1
:10BCF00018217B181B782C4AD35C012B00D0D5E08F
:10BD000019203B181B781022BA18D35C012B5DD97F
:10BD10007B181B785A1E1F4B1B781900204B5B5C4D
:10BD20001E003B18197805003B181B782548C35C9A
:10BD30001C007B191B7808257819C35C1D00194865
:10BD400013005B009B189B01C3189E5D1E482300D7
:10BD5000DB001B1BDB000A0092005218D100891A7D
:10BD6000CA0011005B18C318321C5A5519203B1821
:10BD70001B7808243A19D25C0132D1B23A19D15455
:10BD80003B181B7810203A18D25C013AD1B23A180D
:10BD9000D1548BE0D2290020D4160020CC290020D9
:10BDA000C4290020201E0020B00A0020A00A002084
:10BDB000211B0020D12900209C22002030240020BB
:10BDC000A60A00203C240020442400201823FB184D
:10BDD0001B785A1EE04B1B781900E04B5B5C1E0081
:10BDE00019257B1919787B191B78DD48C35C1C0069
:10BDF0007B191B7808203818C35C1D00D948130034
:10BE00005B009B189B01C3189E5DD7482300DB0095
:10BE10001B1BDB000A0092005218D100891ACA00CD
:10BE200011005B18C318321C5A5519203B181B7897
:10BE300008243A19D25C0132D1B23A19D1543B18D4
:10BE40001B7810243A19D25C013AD1B23A19D15474
:10BE50003B181B78C24AD25C0132D1B2C04AD154DD
:10BE60003B181B78BE4AD35C052B04D13B181B78CA
:10BE7000BB4A0021D154BD4B1B781900BC4B182282
:10BE8000BA1812785A54B94B1B780133DAB2B74B4F
:10BE90001A70B64B1B78052B02D1B44B00221A70D6
:10BEA0001823FB181B78B34A0021D154AA4B1B78E6
:10BEB000AA4AD25C0132D1B2A84AD154A64B1B780F
:10BEC0001A00A64B9B5CC02B18D1A34B1B781A0001
:10BED000A24B0021995411E09F4B1B781A00A64BEE
:10BEE0009A5C9D4B1B7819009C4B5B5C9A4205D178
:10BEF000994B1B780133DAB2974B1A709B4B1A7827
:10BF00009E4B1B789A4200D145E39C4B1B7819004D
:10BF100018203B18964A525C1A7019257B193A185A
:10BF20001278013A1A707B1919787B191B78944A98
:10BF3000D35C1A008C481300DB009B1ADB000A005C
:10BF400092005218D100891ACA0011005B184822C9
:10BF50001A547B1919787B191B78894AD35C1A000B
:10BF600081481300DB009B1ADB000A009200521884
:10BF7000D100891ACA0011005B18C31801335A2274
:10BF80001A707B1919787B191B787D4AD35C1A00CB
:10BF900017243819744C1300DB009B1ADB000A00CD
:10BFA00092005218D100891ACA0011005B18E318D8
:10BFB00002331B7803707B1919787B191B78704A40
:10BFC000D35C1A001626B819674C1300DB009B1AC5
:10BFD000DB000A0092005218D100891ACA00110031
:10BFE0005B18E31803331B780370664B1B78BA1990
:10BFF00012789A4263D0BB191B78002B5FD0BB1913
:10C000001B78FF2B5BD0BB191B78FE2B57D07B19FD
:10C010001B785D4A172439190978D1547B191A788D
:10C020001300DB009B1ADB00584A98187B1919781B
:10C030007B191B78524AD35C1A001300DB009B1A51
:10C04000DB000A0092005218D100891ACA001100C0
:10C050005B18DA1C444BD1183B191B781A001BF0F3
:10C060008CF918203B181B785A1E48491300DB0036
:10C070009B1ADB00CB1802331B789B08DBB21A1C1F
:10C0800001231340DAB2424B01210A4090001A7892
:10C0900004218A43111C021C0A431A703C4B1B7872
:10C0A00004221340DBB2002B02D03A4B03221A7059
:10C0B0001823FB181B781800FEF7AAFE4AE2192481
:10C0C0003B1919783B191B782D4AD35C1A00264876
:10C0D0001300DB009B1ADB000A0092005218D1000B
:10C0E000891ACA0011005B181A5C2B4B1A703B1995
:10C0F00019783B191B78224AD35C1A001A4813009E
:10C10000DB009B1ADB000A0092005218D100891A4A
:10C11000CA0011005B18C31801331A781E4B5A70FD
:10C120003B1919783B191B78154AD35C1A000E4845
:10C130001300DB009B1ADB000A0092005218D100AA
:10C14000891ACA0011005B18C31802331A78124BFF
:10C150009A700023FB6141E0D2290020C42900200D
:10C160003C240020201E002044240020C22900205E
:10C17000BC290020B00A0020CC290020C1290020C1
:10C1800034240020FC1A0020A80A0020B80A00204D
:10C190001C1B0020A20A0020F82300201922BB1833
:10C1A0001978BB181B78DE4AD35C1A00FB69DC1CCB
:10C1B000FB69D81CDB4D1300DB009B1ADB000A0077
:10C1C00092005218D100891ACA0011005B18EB18AE
:10C1D0001A5DD54B1A54FB690133FB611726BB1955
:10C1E0001B78FA699A42D9DBBB191B789BB20333DF
:10C1F0009AB21523FC18CC4B1100180008F04CF82B
:10C2000003002370C94B1B8801339AB2C74B1A80B5
:10C2100019257B1919787B191B78C14AD35C1A0040
:10C22000BB191B78D81CBF4C1300DB009B1ADB002A
:10C230000A0092005218D100891ACA0011005B1836
:10C24000E3181B5C1522BA1812789A4200D07BE1E1
:10C25000B74B1B8801339AB2B54B1A807B191B78F8
:10C26000B44A3400B9190978D1547B191A781300EB
:10C27000DB009B1ADB00B04A98187B1919787B19F0
:10C280001B78A74AD35C1A001300DB009B1ADB0063
:10C290000A0092005218D100891ACA0011005B18D6
:10C2A000DA1CA04BD1183B191B781A001BF065F85B
:10C2B0002723FB1800221A701622BB181B78FF2BAD
:10C2C00004D0BB181B78FE2B00D01CE11623FB18F2
:10C2D0001B78FF2B42D118243B191B785A1E3B199F
:10C2E0001B78013B9349CB5C591E93481300DB003C
:10C2F0009B1ADB00C3185A5C904B1B78DBB29A4246
:10C300002CD03B191B785A1E3B191B78013B8949DD
:10C31000CB5C591E88481300DB009B1ADB00C31856
:10C320005A5C864B111C1970854B1A703B191B788F
:10C330001900FF20FEF7B2FD3B191B785A1E3B196E
:10C340001B78013B7B49CB5C591E7B481300DB000B
:10C350009B1ADB00C31800225A541EE01623FB1858
:10C360001B78FF2B19D118217B181B785A1E7B18BC
:10C370001B78013B6F49CB5C591E6F481300DB00F3
:10C380009B1ADB00C3185A5C6C4B1B78DBB29A42D9
:10C3900003D12723FB1803221A701623FB181B78DE
:10C3A000FE2B00D090E018243B191B785A1E3B1935
:10C3B0001B78013B5F49CB5C591E5F481300DB00D3
:10C3C0009B1ADB00C3185A5C5C4B1B78DBB29A42A9
:10C3D00000D179E03B191B785A1E3B191B78013BB1
:10C3E0005449CB5C591E54481300DB009B1ADB00F8
:10C3F000C3185A5C514B111C1970514B1A703B19E0
:10C400001B781900FE20FEF749FD3B191B785A1EC8
:10C410003B191B78013B4749CB5C591E464813002A
:10C42000DB009B1ADB00C31800225A543B191B780F
:10C430005A1E3B191B78013B3E49CB5C981E1A23C0
:10C44000F9183D4C1300DB009B1ADB00E3181B5C62
:10C450000B702723FB1866221A701B23FB1800227F
:10C460001A7028E018217B181B785A1E7B181B783D
:10C47000013B3049CB5C991E1A23FB181B78C91A63
:10C480001B23FB181B78C9182B481300DB009B1AD1
:10C49000DB00C3185A5C2B4B1B789A4205D127232B
:10C4A000FB1800221A70C0462DE01B217B181A7859
:10C4B0007B1801321A701B23FA181A23FB18127802
:10C4C0001B789A42CED31EE01623FB181B78FE2B56
:10C4D00019D118217B181B785A1E7B181B78013B39
:10C4E0001449CB5C591E14481300DB009B1ADB0077
:10C4F000C3185A5C114B1B78DBB29A4203D1272335
:10C50000FB1803221A702723FB181B78002B21D15C
:10C510001823FB181B781800FEF7F8FC1AE0C04639
:10C520003424002044240020F8230020D8290020AF
:10C53000D4290020A80A0020B80A0020C32900201E
:10C54000A10A0020FC1A0020174B1B8801339AB265
:10C55000154B1A8019203B181B78144AD25C013203
:10C56000D1B2124AD1543B181B78104AD35C052B28
:10C5700004D13B181B780D4A0021D1540C4B1B7879
:10C580000133DAB20A4B1A70094B1B78052B02D122
:10C59000074B00221A70074B1B78042B01D8FFF7BA
:10C5A00052FAFFF745FAC046D6290020342400206D
:10C5B000C1290020D2290020B0B586B000AF786034
:10C5C0001723FB1800221A701123FB1800221A707F
:10C5D0007A681023FB181A701723FB1800221A70B0
:10C5E00001235B421900012011F026FA10243B19A7
:10C5F0001B78013BE34AD35C002B00D126E33B19B7
:10C600001B785A1E0F23F918DF481300DB009B1A12
:10C61000DB001B5C0B703B191B785A1E1623F918A4
:10C62000D9481300DB009B1ADB00C31801331B78C9
:10C630000B7015257B1900221A703B191B785A1EA6
:10C64000D249D1481300DB009B1ADB00C318023328
:10C650001B780B70CD4B1B7801221340DBB2002BF3
:10C6600008D01123FB1801221A707B197A1912784D
:10C6700001321A70C54B1B7802221340DBB2002B2B
:10C6800029D010257B191B785A1E15243B191B78BD
:10C69000191DBD481300DB009B1ADB00C3185B5C4F
:10C6A0001B0299B27B191B785A1E25003B191B7877
:10C6B000D81CB54C1300DB009B1ADB00E3181B5C95
:10C6C0001A001223FB188A181A807B197A1912781B
:10C6D00001321A7011E01023FB181B785A1E152323
:10C6E000FB181B78D91CA8481300DB009B1ADB0041
:10C6F000C3185A5C1223FB181A80A44B1B7808221B
:10C700001340DBB2002B0CD0A04B1A7808218A43CF
:10C710001A701623FB181B7800222C211800FEF734
:10C7200087FC1522BB18BA18127804321A70172326
:10C73000FB181B78002B00D088E21223FB181B8803
:10C74000312B0ADC002B00DA6BE2312B00D968E2D6
:10C750009A008F4BD3181B689F468E4A93425CD039
:10C760005FE21723FC181523FB181A781023FB1817
:10C7700019781623FB181B78180000F0CFFA030075
:10C78000237063E21723FC181523FB181A78102373
:10C79000FB1819781623FB181B78180000F0F8FA1C
:10C7A0000300237052E280231B027B480122190000
:10C7B00014F05DFA4AE280231B0277480022190038
:10C7C00014F055FA42E280231B02734A190010004C
:10C7D00014F06AFA3AE21723FC181523FB181A78AA
:10C7E0001023FB1819781623FB181B78180000F08B
:10C7F00039FB0300237029E21723FC181523FB18CB
:10C800001A781023FB1819781623FB181B781800C8
:10C8100000F0B0FB0300237018E21723FC18152367
:10C82000FB181A781023FB1819781623FB181B78AD
:10C83000180000F003FC0300237007E21723FC1824
:10C840001523FB181A781023FB1819781623FB18E8
:10C850001B78180000F0E6FD03002370F6E11723B3
:10C86000FC181523FB181A781023FB1819781623C7
:10C87000FB181B78180000F047FE03002370E5E169
:10C880001723FC181523FB181A781023FB181978A6
:10C890001623FB181B78180000F0B4FE0300237069
:10C8A000D4E11723FC181523FB181A781023FB1862
:10C8B00019781623FB181B78180000F009FF0300F5
:10C8C0002370C3E11723FC181523FB181A781023D3
:10C8D000FB1819781623FB181B78180000F06EFF60
:10C8E00003002370B2E11723FC181623FB181B78F2
:10C8F00018000AF013FE03002370A7E11723FC18A9
:10C900001523FB181A781023FB1819781623FB1827
:10C910001B78180000F0E8FF0300237096E117234E
:10C92000FC181523FB181A781023FB181978162306
:10C93000FB181B78180001F03FF80300237085E115
:10C940001723FC181523FB181A781023FB181978E5
:10C950001623FB181B78180001F0F6F8030023706B
:10C9600074E11723FC181523FB181A781023FB1801
:10C9700019781623FB181B78180001F00BF9030037
:10C98000237063E1A80A0020B80A00201C1B0020C5
:10C9900044E70208B2050000000400501723FC1809
:10C9A0001523FB181A781023FB1819781623FB1887
:10C9B0001B78180001F016F90300237046E11723D5
:10C9C000FC181523FB181A781023FB181978162366
:10C9D000FB181B78180001F0D9F90300237035E12A
:10C9E0001723FC181523FB181A781023FB18197845
:10C9F0001623FB181B78180001F052FA030023706D
:10CA000024E11723FC181523FB181A781023FB18B0
:10CA100019781623FB181B78180001F065FA03003B
:10CA2000237013E11723FC181523FB181A78102321
:10CA3000FB1819781623FB181B78180001F09EFAD2
:10CA40000300237002E11723FC181523FB181A7842
:10CA50001023FB1819781623FB181B78180001F017
:10CA60002FFD03002370F1E01723FC181523FB189A
:10CA70001A781023FB1819781623FB181B78180056
:10CA800001F0C4FD03002370E0E01723FC18152318
:10CA9000FB181A781023FB1819781623FB181B783B
:10CAA000180002F00DF803002370CFE01723FC18E4
:10CAB0001523FB181A781023FB1819781623FB1876
:10CAC0001B78180002F0AAF903002370BEE01723B8
:10CAD000FC181523FB181A781023FB181978162355
:10CAE000FB181B78180002F04FFE03002370ADE026
:10CAF0001723FC181523FB181A781023FB18197834
:10CB00001623FB181B78180002F06AFE030023703E
:10CB10009CE01723FC181523FB181A781023FB1828
:10CB200019781623FB181B78180002F0ADFE0300DD
:10CB300023708BE01723FC181523FB181A78102399
:10CB4000FB1819781623FB181B78180002F002FF57
:10CB5000030023707AE01723FC181523FB181A78BA
:10CB60001023FB1819781623FB181B78180002F005
:10CB700015FF0300237069E01723FC181523FB1829
:10CB80001A781023FB1819781623FB181B78180045
:10CB900002F022FF0300237058E01723FC1815232E
:10CBA000FB181A781023FB1819781623FB181B782A
:10CBB000180002F02FFF0300237047E01723FC1832
:10CBC0001523FB181A781023FB1819781623FB1865
:10CBD0001B78180003F0FEF90300237036E01723DA
:10CBE000FC181523FB181A781023FB181978162344
:10CBF000FB181B78180003F027FA0300237025E0C8
:10CC00001723FC181523FB181A781023FB18197822
:10CC10001623FB181B78180003F050FA030023704A
:10CC200014E01723FC181523FB181D781223FB189A
:10CC30001A881023FB1819781623FB1818782B0074
:10CC400003F0AEFA0300237000E0C04617243B193E
:10CC50001B78012B0AD11623FB181B780022002118
:10CC60001800FEF7E5F93B1900221A7010217B1815
:10CC70001B785A1E1300DB009B1ADB00154A98181C
:10CC80000C007B181B78013B134AD35C1A0000216F
:10CC90001AF04BFA3B191B78013B0F4A0021D15483
:10CCA0003B191B780D4AD35C022B10D03B191B7823
:10CCB0000A4AD35C032B0AD03B191B78074AD35C82
:10CCC000042B04D03B191B78044A0021D1540EF0E8
:10CCD0002FFD81E4B80A0020A80A0020B00A002035
:10CCE000B0B584B000AF05000C0010001900BB1DEA
:10CCF0002A1C1A807B1D221C1A703B1D021C1A70F4
:10CD0000FB1C0A1C1A700F217B1801221A707B1859
:10CD10001B781800BD4604B0B0BD000090B585B0CA
:10CD200000AF040008001100FB1D221C1A70BB1D7F
:10CD3000021C1A707B1D0A1C1A700F23FB1800229C
:10CD40001A70114B01221A70104B1B78602213408D
:10CD5000DBB2602B06D00D4B1B7860221340DBB298
:10CD6000202B0AD10F23FC18FB1D1B780022022167
:10CD70001800FEF75DF9030023700F23FB181B78E2
:10CD80001800BD4605B090BDA20A00201C1B002063
:10CD900090B587B002AF040008001100FB1D221CF3
:10CDA0001A70BB1D021C1A707B1D0A1C1A700F23FF
:10CDB000FB1800221A70244B1B78002B3AD1234B0E
:10CDC0001B781900224A0B009B005B185B009B5CE0
:10CDD000002B07D1FB1D1A781E491F4B18001AF0B3
:10CDE00025F90EE0FB1D1C78FB1D1A7813009B0033
:10CDF0009B185B00164A9B181849174822001AF026
:10CE000015F9114B1C78144B1800F3F787F9030040
:10CE10009AB2114901235B420093322320000AF0A9
:10CE2000BDF9031E06D00F217B18FF221A707B1854
:10CE30001B7805E00A4B00221A700F23FB181B78A1
:10CE40001800BD4605B090BDA00A0020FC1A0020C5
:10CE5000681900200CE80208A823002020E8020836
:10CE60001D1B0020B0B586B002AF04000800110001
:10CE7000FB1D221C1A70BB1D021C1A707B1D0A1C94
:10CE80001A700F257B1900221A70FB1D1B789BB2AC
:10CE90001B0299B2BB1D1B785A1E7B1D1B78981C68
:10CEA0002F4C1300DB009B1ADB00E3181B5C1800FF
:10CEB000BB1D1B785A1E0B1899B22A4B9200D152F7
:10CEC000BB1D1B785A1E7B1D197825481300DB00FB
:10CED0009B1ADB00C3185B5C1B0299B2BB1D1B785D
:10CEE0005A1E7B1D1B78581C1D4C1300DB009B1A1F
:10CEF000DB00E3181B5C1A00BB1D1B78013B8A1882
:10CF000091B2184A9B00D31802330A1C1A80164BA0
:10CF100002221A70154B1B881B0A9BB2DAB2144B03
:10CF20001A70124B1B88DAB2114B5A70104BBA1D93
:10CF300012789A7002200EF00FF87C19BB1D187839
:10CF4000032300930B2300220021FEF749F903007D
:10CF500023707B191B781800BD4604B0B0BDC046D5
:10CF6000B80A002000160020A20A00207A00002043
:10CF7000D00B0020B0B584B000AF04000800110051
:10CF8000FB1D221C1A70BB1D021C1A707B1D0A1C83
:10CF90001A700F257B1900221A70FB1D1B789BB29B
:10CFA0001B0299B2BB1D1B785A1E7B1D1B78981C57
:10CFB0001F4C1300DB009B1ADB00E3181B5C1800FE
:10CFC000BB1D1B785A1E0B1899B21A4B9200D152F6
:10CFD000BB1D1B785A1E7B1D197815481300DB00FA
:10CFE0009B1ADB00C3185B5C1B0299B2BB1D1B784C
:10CFF0005A1E7B1D1B78581C0D4C1300DB009B1A1E
:10D00000DB00E3181B5C1A00BB1D1B78013B8A1870
:10D0100091B2084A9B00D31802330A1C1A80064BAF
:10D0200000221A707B191B781800BD4604B0B0BDF1
:10D03000B80A0020001600201D1B002090B585B006
:10D0400000AF040008001100FB1D221C1A70BB1D5C
:10D05000021C1A707B1D0A1C1A700F243B19002237
:10D060001A70BB1D1B785A1E7B1D1978EB481300E4
:10D07000DB009B1ADB00C3185A5CE94B1A70BB1D1E
:10D080001B785A1E7B1D1B78591CE4481300DB00DB
:10D090009B1ADB00C3185A5CE14B5A70BB1D1B780E
:10D0A0005A1E7B1D1B78991CDC481300DB009B1A61
:10D0B000DB00C3185A5CDA4B9A70BB1D1B785A1EF2
:10D0C0007B1D1B78D91CD5481300DB009B1ADB00A5
:10D0D000C3185A5CD24BDA70BB1D1B785A1E7B1DDD
:10D0E0001B78191DCD481300DB009B1ADB00C31809
:10D0F0005A5CCB4B1A71BB1D1B785A1E7B1D1B78CB
:10D10000591DC6481300DB009B1ADB00C3185A5C8C
:10D11000C34B5A71BB1D1B785A1E7B1D1B78991D72
:10D12000BE481300DB009B1ADB00C3185A5CBC4BE3
:10D130009A71BB1D1B785A1E7B1D1B78D91DB748E1
:10D140001300DB009B1ADB00C3185A5CB44BDA7186
:10D15000BB1D1B785A1E7B1D1B7808331900AF4876
:10D160001300DB009B1ADB00C3185A5CAC4B1A722D
:10D17000BB1D1B785A1E7B1D1B7809331900A7485D
:10D180001300DB009B1ADB00C3185A5CA44B5A72D5
:10D19000BB1D1B785A1E7B1D1B780A3319009F4844
:10D1A0001300DB009B1ADB00C3185A5C9C4B9A727D
:10D1B000BB1D1B785A1E7B1D1B780B33190097482B
:10D1C0001300DB009B1ADB00C3185A5C944BDA7225
:10D1D000BB1D1B785A1E7B1D1B780C3319008F4812
:10D1E0001300DB009B1ADB00C3185A5C8C4B1A73CC
:10D1F000BB1D1B785A1E7B1D1B780D3319008748F9
:10D200001300DB009B1ADB00C3185A5C844B5A7373
:10D21000BB1D1B785A1E7B1D1B780E3319007F48DF
:10D220001300DB009B1ADB00C3185A5C7C4B9A731B
:10D23000BB1D1B785A1E7B1D1B780F3319007748C6
:10D240001300DB009B1ADB00C3185A5C744BDA73C3
:10D25000BB1D1B785A1E7B1D1B78103319006F48AD
:10D260001300DB009B1ADB00C3185A5C6C4B1A746A
:10D27000BB1D1B785A1E7B1D1B7811331900674894
:10D280001300DB009B1ADB00C3185A5C644B5A7412
:10D29000BB1D1B785A1E7B1D1B78123319005F487B
:10D2A0001300DB009B1ADB00C3185A5C5C4B9A74BA
:10D2B000BB1D1B785A1E7B1D1B7813331900574862
:10D2C0001300DB009B1ADB00C3185A5C544BDA7462
:10D2D000BB1D1B785A1E7B1D1B78143319004F4849
:10D2E0001300DB009B1ADB00C3185A5C4C4B1A7509
:10D2F000BB1D1B785A1E7B1D1B7815331900474830
:10D300001300DB009B1ADB00C3185A5C444B5A75B0
:10D31000BB1D1B785A1E7B1D1B78163319003F4816
:10D320001300DB009B1ADB00C3185A5C3C4B9A7558
:10D33000BB1D1B785A1E7B1D1B78173319003748FD
:10D340001300DB009B1ADB00C3185A5C344BDA7500
:10D35000BB1D1B785A1E7B1D1B78183319002F48E4
:10D360001300DB009B1ADB00C3185A5C2C4B1A76A7
:10D37000BB1D1B785A1E7B1D1B78193319002748CB
:10D380001300DB009B1ADB00C3185A5C244B5A764F
:10D39000BB1D1B785A1E7B1D1B781A3319001F48B2
:10D3A0001300DB009B1ADB00C3185A5C1C4B9A76F7
:10D3B000BB1D1B785A1E7B1D1B781B331900174899
:10D3C0001300DB009B1ADB00C3185A5C144BDA769F
:10D3D000BB1D1B785A1E7B1D1B781C3319000F4880
:10D3E0001300DB009B1ADB00C3185A5C0C4B1A7746
:10D3F000BB1D1B785A1E7B1D1B781D331900074867
:10D400001300DB009B1ADB00C3185A5C044B5A77ED
:10D410003B191B781800BD4605B090BDB80A002026
:10D42000F0290020B0B584B000AF0400080011005E
:10D43000FB1D221C1A70BB1D021C1A707B1D0A1CCE
:10D440001A700D23FB1800221A700F23FB180022FC
:10D450001A70BB1D1B781800F7F7C2FB274B02227E
:10D460001A7032200DF078FD0E23FB1801221A707D
:10D470002AE00E217B181B785A1E214B9200D35AAA
:10D48000002B1BD00F243B191B781E4A0D00791866
:10D490000978D1543B191B785A1C1A4BD0187B19A8
:10D4A0001B78013B9A00164BD3180422190019F07F
:10D4B00064FF3B193A19127805321A700E217B1855
:10D4C0001A787B1801321A700E23FB181B78052B73
:10D4D000CFD90F23FB181B789AB20D257C19FB1DA1
:10D4E0001B780D211800FDF7A3FD030023707B19A5
:10D4F0001B781800BD4604B0B0BDC046A20A00208B
:10D5000000160020D00B0020B0B584B000AF04009E
:10D5100008001100FB1D221C1A70BB1D021C1A7092
:10D520007B1D0A1C1A700E23FB1800221A700D2096
:10D530003B1800221A70BB1D1B78013B2D4AD15CA1
:10D540000C257B197A1D12788A1A1A703C187B19DF
:10D550001B7805211800F2F7FDFD030023700F234F
:10D56000FB1800221A7033E0BB1D1B785A1E7B1D6E
:10D5700018780F257B1919780B009B005B18C118D0
:10D580001D481300DB009B1ADB00C3185B5C013BEA
:10D590009A001A4BD418BB1D1B785A1E7B1D1B7892
:10D5A000581C7B1919780B009B005B18C1181300DD
:10D5B000DB009B1ADB005A180F4BD318042219000A
:10D5C000200019F0DAFE7B191A787B1901321A70E3
:10D5D0000F23FA180D23FB1812781B789A42C3D335
:10D5E000074B00221A700E23FB181B781800BD464B
:10D5F00004B0B0BDA80A0020B80A0020141600200C
:10D600001D1B0020B0B584B000AF0400080011005D
:10D61000FB1D221C1A70BB1D021C1A707B1D0A1CEC
:10D620001A700E23FB1800221A700F23FB18012218
:10D630001A7026E00F257A19BB1D12781B789A42C2
:10D6400019D07B191B78180009F05EFE0400BB1D81
:10D650001B785A1E7B1D19787B191B78CB18591E15
:10D660001A481300DB009B1ADB00C3185B5C19002F
:10D67000200009F073FE0F217B181A787B18013205
:10D680001A700F23FB181B78052BD3D9BB1D1B78F1
:10D69000180009F039FE0400BB1D1B785A1E7B1DC3
:10D6A0001B780A33190009481300DB009B1ADB00C2
:10D6B000C3185B5C1900200009F050FE0E23FB1814
:10D6C0001B781800BD4604B0B0BDC046B80A0020A3
:10D6D00090B587B002AF040008001100FB1D221CAA
:10D6E0001A70BB1D021C1A707B1D0A1C1A700F23B6
:10D6F000FB1800221A70BB1D1B785A1E7B1D19785F
:10D700002B481300DB009B1ADB00C3185B5C002B6B
:10D710000FD1BB1D1B785A1E7B1D1B78591C24483A
:10D720001300DB009B1ADB00C3185A5C214B1A70F4
:10D7300037E0BB1D1B785A1E7B1D19781C4813004F
:10D74000DB009B1ADB00C3185B5C012B29D11A4B51
:10D7500000221A70BB1D1B785A1E7B1D1B78591C9A
:10D7600013481300DB009B1ADB00C3185A5C124BF2
:10D770005A70BB1D1B785A1E7B1D1B78991C0C48C8
:10D780001300DB009B1ADB00C318585C0F23FC1846
:10D7900003230093102300220021FDF721FD030045
:10D7A00023700F23FB181B781800BD4605B090BDF1
:10D7B000B80A0020FC1A0020D00B002090B585B0DC
:10D7C00000AF040008001100FB1D221C1A70BB1DD5
:10D7D000021C1A707B1D0A1C1A700F23FB180022F2
:10D7E0001A70BB1D1B78013B374AD15C0E243B19D4
:10D7F0007A1D12788A1A1A70344B1B787F22934351
:10D80000DBB2002B1FD0324B1B881A00314BD018D3
:10D81000BB1D1B785A1E7B1D19781300DB009B1A59
:10D82000DB005A182C4BD1183B191B781A0019F041
:10D83000A4FD3B191B789AB2254B1B88D3189AB2CA
:10D84000234B1A8038E0224B1B881A00214BD0183A
:10D85000BB1D1B785A1E7B1D19781300DB009B1A19
:10D86000DB005A181C4BD1180E243B191B781A00E8
:10D8700019F083FD3B191B789AB2154B1B88D318FE
:10D880009AB2134B1A80124B1B8816211800F2F71C
:10D8900061FC03009BB2DAB2104B1A700C4B1B8870
:10D8A0001A000C490E4B180019F067FD084B0022B6
:10D8B0001A800C4B02221A700F23FB181B781800D9
:10D8C000BD4605B090BDC046A80A00201C1B002024
:10D8D000562B0020382A0020B80A00207C000020A7
:10D8E000F4160020A20A0020B0B584B000AF0400F6
:10D8F00008001100FB1D221C1A70BB1D021C1A70AF
:10D900007B1D0A1C1A700E23FB1800221A70BB1D07
:10D910001B78013B244AD15C0D23FB187A1D127839
:10D920008A1A1A700F23FB1800221A702AE0FB1DB6
:10D930001B785A1E1D4B5200D35A19B2BB1D1B78BF
:10D940005A1E7B1D18780F257B191B78C018184CA0
:10D950001300DB009B1ADB00E3181B5C013B8022F9
:10D9600012021A4113001BB20B4319B2FB1D1B78A4
:10D970005A1E89B20D4B5200D1527B191A787B196D
:10D9800001321A700F23FA180D23FB1812781B7836
:10D990009A42CCD3074B00221A700E23FB181B7837
:10D9A0001800BD4604B0B0BDA80A0020C81A002067
:10D9B000B80A00201D1B0020B0B586B000AF0400DF
:10D9C00008001100FB1D221C1A70BB1D021C1A70DE
:10D9D0007B1D0A1C1A701523FB1800221A70BB1D30
:10D9E0001B78013B564AD15C1423FB187A1D127830
:10D9F0008A1A1A7000233B610F23FB1800221A7049
:10DA0000BB1D1B785A1E7B1D19784E481300DB0086
:10DA10009B1ADB00C3185B5C1906BB1D1B785A1EE2
:10DA20007B1D1B78581C474C1300DB009B1ADB0046
:10DA3000E3181B5C1B04C918BB1D1B785A1E7B1DF9
:10DA40001B78981C3F4C1300DB009B1ADB00E3188B
:10DA50001B5C1B02C918BB1D1B785A1E7B1D1B7843
:10DA6000D81C384C1300DB009B1ADB00E3181B5C4E
:10DA7000CB183B61BB1D1B785A1E7B1D1B78191DE3
:10DA800030481300DB009B1ADB00C3185B5CFF2BE4
:10DA900018D11723FB1801221A700DE03A691724D8
:10DAA0003B191B781100180009F00EFC21007B18AF
:10DAB0001A787B1801321A701723FB181B78052B74
:10DAC000ECD935E01623FB1800221A7028E0BB1DA4
:10DAD0001B785A1E7B1D1B78191D1623FB181B78FB
:10DAE000C8180F257919174C1300DB009B1ADB00AF
:10DAF000E3181B5C0B707B191B78002B0AD07B1979
:10DB00001B78052B06D83A697B191B781100180081
:10DB100009F0DAFB16217B181A787B1801321A708B
:10DB20001623FA181423FB1812781B789A42CED3C6
:10DB30001523FB181B781800BD4606B0B0BDC046C3
:10DB4000A80A0020B80A0020B0B584B000AF0400D5
:10DB500008001100FB1D221C1A70BB1D021C1A704C
:10DB60007B1D0A1C1A700F257B1900221A7002F007
:10DB7000A3FC7C19F5F7A2FF03002370044B0122DC
:10DB80001A707B191B781800BD4604B0B0BDC046A2
:10DB9000A20A0020B0B584B000AF04000800110054
:10DBA000FB1D221C1A70BB1D021C1A707B1D0A1C57
:10DBB0001A700F257B1900221A707C19F6F7EAF803
:10DBC0000300237002F052FE64200DF0C5F9044BEF
:10DBD00002221A707B191B781800BD4604B0B0BD34
:10DBE000A20A0020B0B588B000AF04000800110000
:10DBF000FB1D221C1A70BB1D021C1A707B1D0A1C07
:10DC00001A701F23FB1800221A701C23FB18002215
:10DC10001A80BB1D1B78013B564AD15C1B243B1963
:10DC20007A1D12788A1A1A70BB1D1B785A1E1A2583
:10DC3000791951481300DB009B1ADB001B5C0B7049
:10DC40000DF002FB03007B617B191B78FF2B14D1C5
:10DC5000BB1D1B785A1E7B1D19781300DB009B1A15
:10DC6000DB005A18444BD1183B191B78013B1A00B2
:10DC7000424B180019F081FB31E01A23FB181B7886
:10DC8000FE2B19D1BB1D1B785A1E7B1D1978130062
:10DC9000DB009B1ADB005A18374BD1181B23FB18EB
:10DCA0001A781323FB181B78D31A023B1A00334B44
:10DCB000180019F062FB12E0BB1D1B785A1E7B1D79
:10DCC00019781300DB009B1ADB005A182A4BD11875
:10DCD0001B23FB181A78294B180019F04EFB13244C
:10DCE0003B19274A12781A70254BBA1D12781A7000
:10DCF00099239A007969214B18000DF017FA030057
:10DD0000FB601F4B3A1912781A701E4B1B78602269
:10DD10001340DBB2602B1DD17B691800F2F7FEF9CE
:10DD200002007969184B180019F027FB7B6918006D
:10DD3000F2F7F4F9030099B21F23FC187A69FB1D6E
:10DD400018780B001821FDF7C5F9030023700A208D
:10DD50000DF002F9FB68002BC1D1084B32220021E3
:10DD6000180019F0E2F91F23FB181B781800BD46B4
:10DD700008B0B0BDA80A0020B80A0020582B002027
:10DD8000A00A00201C1B0020D00B0020B0B586B0DC
:10DD900000AF040008001100FB1D221C1A70BB1DFF
:10DDA000021C1A707B1D0A1C1A701723FB18002214
:10DDB0001A7014243B1900221A80BB1D1B78013BEA
:10DDC000324AD15C13257B197A1D12788A1A1A708F
:10DDD0000DF03AFA0300FB60FB681800F2F79EF9B9
:10DDE0000200FB680021180019F09FF9284B1B78EE
:10DDF0007F229343DBB2002B1DD03B191B88FA68AE
:10DE0000D018BB1D1B785A1E7B1D19781300DB0030
:10DE10009B1ADB005A181F4BD1187B191B781A006C
:10DE200019F0ABFA7B191B7899B23B193A19128891
:10DE30008A181A8023E014243B191B88FA68D0182A
:10DE4000BB1D1B785A1E7B1D19781300DB009B1A23
:10DE5000DB005A180F4BD1181323FB181B781A003C
:10DE600019F08BFA3B1900221A800B4B00221A7012
:10DE70000A4B18680023002200210FF01FFE172311
:10DE8000FB181B781800BD4606B0B0BDA80A0020DC
:10DE90001C1B0020B80A00201D1B00209C22002013
:10DEA00090B585B000AF040008001100FB1D221CD6
:10DEB0001A70BB1D021C1A707B1D0A1C1A700F23DE
:10DEC000FB1800221A70054B054A1A60054B012207
:10DED0001A700A200DF040F8FDF780FDF03F022097
:10DEE000EFBEADDEA20A0020B0B586B002AF0400DE
:10DEF00008001100FB1D221C1A70BB1D021C1A70A9
:10DF00007B1D0A1C1A700F257B1900221A70BB1D7D
:10DF10001B785A1E7B1D197816481300DB009B1ACC
:10DF2000DB00C318585C0023009319230022002152
:10DF3000FDF756F964200DF00FF80F4B1C78BB1D50
:10DF40001B785A1E7B1D19780A481300DB009B1AA8
:10DF5000DB00C318595CBB1D1A78FB1D18780B0039
:10DF6000210002F09FFC7B191B781800BD4604B00D
:10DF7000B0BDC046B80A0020FC1A0020F0B589B038
:10DF800002AF040008001100FB1D221C1A70BB1D0B
:10DF9000021C1A707B1D0A1C1A701623FB18002223
:10DFA0001A70BB1D1B78013BB64AD15C15257B1945
:10DFB0007A1D12788A1A1A70BB1D1B785A1E7B1D97
:10DFC0001B780B3318001726B919AF4C1300DB0070
:10DFD0009B1ADB00E3181B5C0B707B191B780F2B63
:10DFE0000FD1BB1D1B785A1E7B1D1B780D331800EB
:10DFF000B919A54C1300DB009B1ADB00E3181B5C6E
:10E000000B701523FB181B78112B10D1BB1D1B782F
:10E010005A1E7B1D1B780F3318001723F9189A4CD2
:10E020001300DB009B1ADB00E3181B5C0B70BB1DAD
:10E030001B785A1E7B1D19781300DB009B1ADB002E
:10E040005A18914BD1181023FB1805221800F8F725
:10E050007BFABB1D1B785A1E7B1D1B78191D1300F4
:10E06000DB009B1ADB005A18874BD1180C23FB18D6
:10E0700005221800F8F768FA1723FB181B78002B05
:10E0800000D003E1BB1D1B785A1E7B1D1B78093392
:10E0900019007D481300DB009B1ADB00C3185B5C92
:10E0A000002B43D0BB1D1B785A1E7B1D1B780A33E7
:10E0B000190075481300DB009B1ADB00C3185B5C7A
:10E0C000002B33D0BB1D1B785A1E7B1D1B780833D9
:10E0D00019006D481300DB009B1ADB00C3185C5C61
:10E0E0003D69FE68BB1D1B785A1E7B1D1B780933DA
:10E0F000190065481300DB009B1ADB00C3185B5C4A
:10E100009C46BB1D1B785A1E7B1D1B780A331900C9
:10E110005D481300DB009B1ADB00C3185B5C0093B7
:10E120006346320029002000FCF73CFCBB1D1B7835
:10E130005A1E7B1D1B780B33190053481300DB005C
:10E140009B1ADB00C3185B5C002B43D0BB1D1B7804
:10E150005A1E7B1D1B780C3319004B481300DB0043
:10E160009B1ADB00C3185B5C002B33D0BB1D1B78F4
:10E170005A1E7B1D1B780833190043481300DB002F
:10E180009B1ADB00C3185C5C3D69FE68BB1D1B78F5
:10E190005A1E7B1D1B780B3319003B481300DB0014
:10E1A0009B1ADB00C3185B5C9C46BB1D1B785A1E88
:10E1B0007B1D1B780C33190033481300DB009B1ABE
:10E1C000DB00C3185B5C009363463200290020002B
:10E1D000FCF7E8FBBB1D1B785A1E7B1D1B780D331B
:10E1E000190029481300DB009B1ADB00C3185B5C95
:10E1F000002B00D15BE1BB1D1B785A1E7B1D1B78D9
:10E200000E33190020481300DB009B1ADB00C318F3
:10E210005B5C002B00D14AE1BB1D1B785A1E7B1DA5
:10E220001B780833190018481300DB009B1ADB0029
:10E23000C3185C5C3D69FE68BB1D1B785A1E7B1DC4
:10E240001B780D33190010481300DB009B1ADB000C
:10E25000C3185B5C9C46BB1D1B785A1E7B1D1B783C
:10E260000E33190008481300DB009B1ADB00C318AB
:10E270005B5C00936346320029002000FCF792FBB0
:10E2800015E1C046A80A0020B80A0020BB1D1B7873
:10E290005A1E7B1D1B780833190088481300DB00C9
:10E2A0009B1ADB00C3185B5C1900E42006F0FCF845
:10E2B000BB1D1B785A1E7B1D197880481300DB009C
:10E2C0009B1ADB00C3185B5C1B0299B2BB1D1B7859
:10E2D0005A1E7B1D1B78581C784C1300DB009B1AC0
:10E2E000DB00E3181B5CCB189BB21900E52006F09D
:10E2F000DBF8BB1D1B785A1E7B1D1B78991C6F48D1
:10E300001300DB009B1ADB00C3185B5C1B0299B295
:10E31000BB1D1B785A1E7B1D1B78D81C674C130035
:10E32000DB009B1ADB00E3181B5CCB189BB21900C7
:10E33000E62006F0B9F8BB1D1B785A1E7B1D1B7822
:10E34000191D5E481300DB009B1ADB00C3185B5CE1
:10E350001B0299B2BB1D1B785A1E7B1D1B78581DD2
:10E36000564C1300DB009B1ADB00E3181B5CCB1838
:10E370009BB21900E72006F097F8BB1D1B785A1EC8
:10E380007B1D1B78991D4D481300DB009B1ADB0099
:10E39000C3185B5C1B0299B2BB1D1B785A1E7B1D08
:10E3A0001B78D81D454C1300DB009B1ADB00E318DB
:10E3B0001B5CCB189BB21900E82006F075F8BB1D5A
:10E3C0001B785A1E7B1D1B78093319003B4813002C
:10E3D000DB009B1ADB00C3185B5C1B0299B2BB1D00
:10E3E0001B785A1E7B1D1B780A331800334C130010
:10E3F000DB009B1ADB00E3181B5CCB189BB21900F7
:10E40000E92006F051F81523FB181B78132B23D1B4
:10E41000BB1D1B785A1E7B1D1B780B331900274828
:10E420001300DB009B1ADB00C3185B5C1B0299B274
:10E43000BB1D1B785A1E7B1D1B780C3318001F4C0C
:10E440001300DB009B1ADB00E3181B5CCB189BB2AC
:10E450001900EA2006F028F81523FB181B78152B65
:10E4600023D1BB1D1B785A1E7B1D1B780D33190051
:10E4700012481300DB009B1ADB00C3185B5C1B0215
:10E4800099B2BB1D1B785A1E7B1D1B780E331800DA
:10E490000A4C1300DB009B1ADB00E3181B5CCB1853
:10E4A0009BB21900EB2005F0FFFFFDF797FA16234A
:10E4B000FB181B781800BD4607B0F0BDB80A002055
:10E4C000F0B5D6464F464646C0B58AB004AF040004
:10E4D00008001100FB1D221C1A70BB1D021C1A70C3
:10E4E0007B1D0A1C1A701723FB1800221A70BB1D13
:10E4F0001B785A1E7B1D19781300DB009B1ADB006A
:10E500005A18404BD1181022BB1805221800F8F7F2
:10E510001BF8BB1D1B785A1E7B1D1B78191D130091
:10E52000DB009B1ADB005A18364BD1180C22BB18A3
:10E5300005221800F8F708F8BB1D1B785A1E7B1D32
:10E540001B78190009312F481300DB009B1ADB00F0
:10E55000C3185A5C94462C4B1A789046BB1D1B7806
:10E560005A1E7B1D1B7819000B3126481300DB0057
:10E570009B1ADB00C3185A5C9146BB1D1B785A1EC0
:10E580007B1D1B7819000A311E481300DB009B1A03
:10E59000DB00C3185A5C9246BB1D1B785A1E7B1DBC
:10E5A0001B781900083117481300DB009B1ADB00A9
:10E5B000C318595C3869FC68BB1D1B785A1E7B1D4B
:10E5C0001B781D000C350F4E1300DB009B1ADB007F
:10E5D000F3185B5D5A1E9341DBB2039302940190E2
:10E5E000009153464A4641466046FDF76DF81723B1
:10E5F000FB181B781800BD4606B0E0BCBA46B14611
:10E60000A846F0BDB80A0020FC1A0020B0B586B0BC
:10E6100000AF040008001100FB1D221C1A70BB1D76
:10E62000021C1A707B1D0A1C1A701723FB1800228B
:10E630001A70BB1D1B785A1E7B1D1978EB481300FE
:10E64000DB009B1ADB00C3185B5C002B00D0AFE043
:10E65000BB1D1B785A1E7B1D1B78991CE3481300B9
:10E66000DB009B1ADB00C3185B5C1906BB1D1B7823
:10E670005A1E7B1D1B78D81CDC4C1300DB009B1A38
:10E68000DB00E3181B5C1B04C918BB1D1B785A1E5A
:10E690007B1D1B78181DD54C1300DB009B1ADB007B
:10E6A000E3181B5C1B02C918BB1D1B785A1E7B1D7F
:10E6B0001B78581DCD4C1300DB009B1ADB00E318C0
:10E6C0001B5CCB183B61BB1D1B785A1E7B1D1B7846
:10E6D000591CC6481300DB009B1ADB00C3185B5CA7
:10E6E000082B00D9DCE19A00C14BD3181B689F4668
:10E6F0003B691A78BF4B1A70FB1D1B7801221F2142
:10E700001800FCF795FCD0E13B691B785BB2DAB2EC
:10E71000B84B1A70FB1D1B7801221F211800FCF753
:10E7200087FCC2E13B69B34903221800F7F7CAFE30
:10E73000FB1D1B7802221F211800FCF779FCB4E1B5
:10E740003B69AC4904221800F7F7BCFEFB1D1B789F
:10E7500002221F211800FCF76BFCA6E13B69A549CA
:10E7600005221800F7F7AEFEFB1D1B7804221F21BF
:10E770001800FCF75DFC98E13B699E4906221800F1
:10E78000F7F7A0FEFB1D1B7804221F211800FCF7E1
:10E790004FFC8AE13B69974907221800F7F792FE80
:10E7A000FB1D1B7808221F211800FCF741FC7CE1AF
:10E7B000BB1D1B785A1E7B1D19788C481300DB008B
:10E7C0009B1ADB00C3185B5C022B00D0B2E0BB1DC0
:10E7D0001B785A1EBB1D1B78013B8749CB5C591E19
:10E7E00082481300DB009B1ADB00C31800225A5436
:10E7F000BB1D1B785A1E7B1D1B78591C1300DB00A8
:10E800009B1ADB005A18794BD3180F257C19180076
:10E81000F5F776FB030023707B191B78002B07D1DB
:10E82000FB1D1B7801221F211800FCF701FC3CE1B5
:10E830000F203B181B785A1E704913005B009B1871
:10E840009B005B583B613B181B785A1E6B491300B9
:10E850005B009B189B00CB1804331A78654B1A7029
:10E86000644B1B78082B00D91CE19A00644BD31829
:10E870001B689F463B691A785E4B5A70FB1D1B78DC
:10E8800002221F211800FCF7D3FB0EE13B691B7825
:10E890005BB2DAB2574B5A70FB1D1B7802221F2164
:10E8A0001800FCF7C5FB00E13B695649032218003C
:10E8B000F7F708FEFB1D1B7803221F211800FCF749
:10E8C000B7FBF2E03B694F4904221800F7F7FAFD65
:10E8D000FB1D1B7803221F211800FCF7A9FBE4E0B5
:10E8E0003B69484905221800F7F7ECFDFB1D1B7832
:10E8F00005221F211800FCF79BFBD6E03B6941492C
:10E9000006221800F7F7DEFDFB1D1B7805221F21EC
:10E910001800FCF78DFBC8E03B693A490722180054
:10E92000F7F7D0FDFB1D1B7809221F211800FCF70B
:10E930007FFBBAE0BB1D1B785A1E7B1D19782B4844
:10E940001300DB009B1ADB00C3185B5C022B00D8B2
:10E95000ABE0BB1D1B785A1E7B1D197823481300A2
:10E96000DB009B1ADB00C3185B5C1A1F264B92006E
:10E97000D358DBB20F221340DAB21E4B1A701D4B74
:10E980001B78002B07D1FB1D1B7801221F211800CB
:10E99000FCF74EFB89E0BB1D1B785A1E7B1D1978C6
:10E9A00012481300DB009B1ADB00C3185B5C1A1FC4
:10E9B000154B9200D3581B0C144A944663443B6198
:10E9C0000C4B1B78082B6FD89A00114BD3181B687F
:10E9D0009F463B691A78074B5A70FB1D1B78022231
:10E9E0001F211800FCF724FB5FE0C046B80A002096
:10E9F0003CE80208D00B0020A80A0020C801002033
:10EA000060E80208D10B00205C1600200000012005
:10EA100084E802083B691B785BB2DAB2264B5A7075
:10EA2000FB1D1B7802221F211800FCF701FB3CE0B4
:10EA30003B69224903221800F7F744FDFB1D1B78B0
:10EA400003221F211800FCF7F3FA2EE03B691B4953
:10EA500004221800F7F736FDFB1D1B7803221F2147
:10EA60001800FCF7E5FA20E03B691449052218007C
:10EA7000F7F728FDFB1D1B7805221F211800FCF766
:10EA8000D7FA12E03B690D4907221800F7F71AFD83
:10EA9000FB1D1B7809221F211800FCF7C9FA04E0AE
:10EAA000C04602E0C04600E0C0461723FB181B78B2
:10EAB0001800BD4606B0B0BDD00B0020D10B002021
:10EAC000F0B58BB000AF0600080011001F23FB1843
:10EAD000321C1A701E23FB18021C1A701D23FB180F
:10EAE0000A1C1A700F2318229B18DB1900221A70B7
:10EAF000C34B1A685B68032A01D1002B08D0C04BB6
:10EB00001A685B68022A00D0C6E0002B00D0C3E080
:10EB10001E257B191B785A1E1D243B191978B948EC
:10EB20001300DB009B1ADB00C3185A5CB64B1A704B
:10EB30007B191B785A1E3B191978B2481300DB0069
:10EB40009B1ADB00C3185B5C082B00D9A2E09A007B
:10EB5000AE4BD3181B689F46AD4B10221A709AE03B
:10EB60001E23FB181B785A1E1D23FB181B78591CEB
:10EB7000A4481300DB009B1ADB00C3185B5C3B61FD
:10EB800000237B619E4B39697A6919605A6082E083
:10EB90001E23FB181B785A1E1D23FB181B78591CBB
:10EBA00098481300DB009B1ADB00C3185B5C5BB268
:10EBB000BB60DB17FB60924BB968FA6819605A605A
:10EBC00069E01E23FB181B785A1E1D23FB181B78B7
:10EBD000591C1300DB009B1ADB005A18894BD11813
:10EBE000874B03221800F7F7AFFC54E01E23FB18F5
:10EBF0001B785A1E1D23FB181B78591C1300DB00C1
:10EC00009B1ADB005A187F4BD1187D4B0422180049
:10EC1000F7F79AFC3FE01E23FB181B785A1E1D23B2
:10EC2000FB181B78591C1300DB009B1ADB005A18D9
:10EC3000744BD118724B05221800F7F785FC2AE0B7
:10EC40001E23FB181B785A1E1D23FB181B78591C0A
:10EC50001300DB009B1ADB005A186A4BD118684B73
:10EC600006221800F7F770FC15E01E23FB181B782E
:10EC70005A1E1D23FB181B78591C1300DB009B1A1E
:10EC8000DB005A185F4BD1185D4B07221800F7F7CD
:10EC90005BFC00E0C046A2E0594B1A685B681100BB
:10ECA000194300D09BE05B4B1B78082B00D995E003
:10ECB0009A00594BD3181B689F461E23FB181B78DC
:10ECC0005A1E1D23FB1819784E481300DB009B1AAF
:10ECD000DB00C3185B5C3B6000237B60484B3968FA
:10ECE0007A6819605A607AE01E23FB181B785A1E56
:10ECF0001D23FB18197843481300DB009B1ADB0027
:10ED0000C3185B5C5BB21C00DB171D003C4B1C6036
:10ED10005D6064E01E23FB181B785A1E1D23FB1840
:10ED200019781300DB009B1ADB005A18354BD118F9
:10ED3000334B03221800F7F707FC50E01E23FB18A3
:10ED40001B785A1E1D23FB1819781300DB009B1A31
:10ED5000DB005A182B4BD118294B04221800F7F767
:10ED6000F3FB3CE01E23FB181B785A1E1D23FB18E7
:10ED700019781300DB009B1ADB005A18214BD118BD
:10ED80001F4B05221800F7F7DFFB28E01E23FB18B6
:10ED90001B785A1E1D23FB1819781300DB009B1AE1
:10EDA000DB005A18174BD118154B06221800F7F73D
:10EDB000CBFB14E01E23FB181B785A1E1D23FB18E7
:10EDC00019781300DB009B1ADB005A180D4BD11881
:10EDD0000B4B07221800F7F7B7FB00E0C0460C4BBF
:10EDE0001B78102B02D00A4B00221A700F23182216
:10EDF0009B18DB191B781800BD460BB0F0BDC04650
:10EE0000E8160020B80A00207D000020A8E80208CB
:10EE10001D1B0020F0160020CCE80208F0B585B0DC
:10EE200000AF060008001100FB1D321C1A70BB1D4C
:10EE3000021C1A707B1D0A1C1A700B23FB1800227F
:10EE40001A70DB4B00221A70BB1D1B785A1E7B1DEB
:10EE50001978D8481300DB009B1ADB00C3185B5CF1
:10EE6000002B00D13CE3BB1D1B785A1E7B1D19787B
:10EE7000D0481300DB009B1ADB00C3185B5C1E2B21
:10EE800000D91EE3BB1D1B785A1E7B1D1978C9488B
:10EE90001300DB009B1ADB00C3185B5C5A1EC64BD9
:10EEA0009200D3581B0CC54A94466344FB60BB1DBB
:10EEB0001B785A1E7B1D1B78591CBE481300DB00B3
:10EEC0009B1ADB00C3185B5C082B00D991E29A0007
:10EED000BB4BD3181B689F46BB1D1B785A1E7B1D5E
:10EEE0001978B4481300DB009B1ADB00C3185B5C85
:10EEF0005A1EB14B9200D3580F22134030D101203B
:10EF000016F0ECFC0300FB60FB68002B25D0FB68CF
:10EF1000E0221206944663441904BB1D1B785A1E56
:10EF20007B1D1B78581CA34C1300DB009B1ADB00D5
:10EF3000E3181B5C1D00BB1D1B785A1E7B1D187837
:10EF40009C4C1300DB009B1ADB00E3181B5C5A1E71
:10EF50004919994B9200D15002E0954B12221A7038
:10EF6000934B1B78122B00D145E2BB1D1B785A1E18
:10EF70007B1D1B78981CF9688E4C1300DB009B1AD4
:10EF8000DB00E3181B5C0B7035E2BB1D1B785A1EBF
:10EF90007B1D197887481300DB009B1ADB00C31820
:10EFA0005B5C5A1E844B9200D3580F22134030D121
:10EFB000012016F093FC0300FB60FB68002B25D0BA
:10EFC000FB68E0221206944663441904BB1D1B78BB
:10EFD0005A1E7B1D1B78581C764C1300DB009B1AB5
:10EFE000DB00E3181B5C1D00BB1D1B785A1E7B1D3C
:10EFF0001878704C1300DB009B1ADB00E3181B5CD5
:10F000005A1E49196C4B9200D15002E0684B1222F3
:10F010001A70674B1B78122B00D1EEE1BB1D1B78D9
:10F020005A1E7B1D1B78991C62481300DB009B1A3B
:10F03000DB00C3185A5CFB6852B21A70DDE1BB1DDD
:10F040001B785A1E7B1D19785A481300DB009B1A47
:10F05000DB00C3185B5C5A1E574B9200D3580F223B
:10F06000134030D1022016F039FC0300FB60FB682E
:10F07000002B25D0FB68E022120694466344190455
:10F08000BB1D1B785A1E7B1D1B78581C494C130056
:10F09000DB009B1ADB00E3181B5C1D00BB1D1B780B
:10F0A0005A1E7B1D1878434C1300DB009B1ADB00B3
:10F0B000E3181B5C5A1E49193F4B9200D15002E0E5
:10F0C0003B4B12221A703A4B1B78122B00D196E15F
:10F0D000F868BB1D1B785A1E7B1D1B78991C1300FA
:10F0E000DB009B1ADB005A18324BD318032219009D
:10F0F000F7F72AFA83E1BB1D1B785A1E7B1D19788E
:10F100002C481300DB009B1ADB00C3185B5C5A1E03
:10F11000294B9200D3580F22134030D1022016F011
:10F12000DDFB0300FB60FB68002B25D0FB68E022C1
:10F130001206944663441904BB1D1B785A1E7B1D9E
:10F140001B78581C1B4C1300DB009B1ADB00E318D8
:10F150001B5C1D00BB1D1B785A1E7B1D1878154CAF
:10F160001300DB009B1ADB00E3181B5C5A1E4919D5
:10F17000114B9200D15002E00D4B12221A700C4B31
:10F180001B78122B00D13CE1F868BB1D1B785A1E7E
:10F190007B1D1B78991C1300DB009B1ADB005A189F
:10F1A000044BD31804221900F7F7CEF929E1C04621
:10F1B0001D1B0020B80A00205C1600200000012062
:10F1C000F0E80208BB1D1B785A1E7B1D1978BF484A
:10F1D0001300DB009B1ADB00C3185B5C5A1EBC4BA0
:10F1E0009200D3580F22134030D1042016F076FB42
:10F1F0000300FB60FB68002B25D0FB68E0221206B1
:10F20000944663441904BB1D1B785A1E7B1D1B7852
:10F21000581CAE4C1300DB009B1ADB00E3181B5C90
:10F220001D00BB1D1B785A1E7B1D1878A74C1300B0
:10F23000DB009B1ADB00E3181B5C5A1E4919A44B28
:10F240009200D15002E0A34B12221A70A14B1B78FE
:10F25000122B00D1D7E0F868BB1D1B785A1E7B1D0E
:10F260001B78991C1300DB009B1ADB005A18974B84
:10F27000D31805221900F7F767F9C4E0BB1D1B7806
:10F280005A1E7B1D197891481300DB009B1ADB0086
:10F29000C3185B5C5A1E8E4B9200D3580F2213404A
:10F2A00030D1042016F01AFB0300FB60FB68002B32
:10F2B00025D0FB68E0221206944663441904BB1D66
:10F2C0001B785A1E7B1D1B78581C804C1300DB00DA
:10F2D0009B1ADB00E3181B5C1D00BB1D1B785A1E2C
:10F2E0007B1D1878794C1300DB009B1ADB00E318B8
:10F2F0001B5C5A1E4919764B9200D15002E0754BA7
:10F3000012221A70734B1B78122B00D17DE0F86823
:10F31000BB1D1B785A1E7B1D1B78991C1300DB003C
:10F320009B1ADB005A18694BD31806221900F7F70D
:10F330000BF96AE0BB1D1B785A1E7B1D19786348C8
:10F340001300DB009B1ADB00C3185B5C5A1E604B8A
:10F350009200D3580F22134030D1042016F0BEFA89
:10F360000300FB60FB68002B25D0FB68E02212063F
:10F37000944663441904BB1D1B785A1E7B1D1B78E1
:10F38000581C524C1300DB009B1ADB00E3181B5C7B
:10F390001D00BB1D1B785A1E7B1D18784B4C13009B
:10F3A000DB009B1ADB00E3181B5C5A1E4919484B13
:10F3B0009200D15002E0474B12221A70454B1B7845
:10F3C000122B24D0BB1D1B785A1E7B1D1B78991C49
:10F3D0001300DB009B1ADB005A183C4BD1183E4B44
:10F3E00007221800F7F7B0F83B4AFB6812681A606A
:10F3F0000DE0C0460CE0C0460AE0C04608E0C0464A
:10F4000006E0C04604E0C04602E0C04600E0C04658
:10F41000BB1D1B785A1E7B1D19782C481300DB007E
:10F420009B1ADB00C3185B5C5A1E294B9200D35811
:10F430000F2213401900BB1D1B785A1E7B1D1B7821
:10F44000581C224C1300DB009B1ADB00E3181B5CEA
:10F45000994200D169E1BB1D1B785A1E7B1D1978AA
:10F460001A481300DB009B1ADB00C3185B5C5A1EB2
:10F47000174B9200D158BB1D1B785A1E7B1D1B7861
:10F48000581C124C1300DB009B1ADB00E3181B5CBA
:10F49000124A944663441D00BB1D1B785A1E7B1DF7
:10F4A00018780A4C1300DB009B1ADB00E3181B5C86
:10F4B0005A1E2940064B9200D150064B14221A7056
:10F4C00033E1044B13221A702FE1C046B80A002022
:10F4D0005C1600201D1B0020E8160020F0FF000035
:10F4E000BB1D1B785A1E7B1D1B78991C9F4813005F
:10F4F000DB009B1ADB00C3185B5C1906BB1D1B7885
:10F500005A1E7B1D1B78D81C984E1300DB009B1ADB
:10F51000DB00F3181B5C1B04C918BB1D1B785A1EAB
:10F520007B1D1B78181D914E1300DB009B1ADB001E
:10F53000F3181B5C1B02C918BB1D1B785A1E7B1DD0
:10F540001B78581D894E1300DB009B1ADB00F31853
:10F550001B5CCB18FB60FA6880239B059A4200D2A3
:10F56000E0E0FB68824A934200D9DBE0BB1D1B78D8
:10F570005A1E7B1D1B78591C7C481300DB009B1A0C
:10F58000DB00C3185B5C082B00D9C9E09A00794BFB
:10F59000D3181B689F46BB1D1B785A1E7B1D1B780A
:10F5A000981DF968714C1300DB009B1ADB00E3180F
:10F5B0001B5C0B70B5E0BB1D1B785A1E7B1D1B78B6
:10F5C000991D6A481300DB009B1ADB00C3185A5CC4
:10F5D000FB6852B21A70A4E0F868BB1D1B785A1E73
:10F5E0007B1D1B78991D1300DB009B1ADB005A184A
:10F5F0005E4BD31803221900F6F7A6FF91E0BB1D5E
:10F600001B785A1E7B1D1B78991D58481300DB0080
:10F610009B1ADB00C3185B5C1C00BB1D1B785A1EC9
:10F620007B1D1B78D91D51481300DB009B1ADB00A2
:10F63000C3185B5C1B029BB2E3189AB2FB6812B260
:10F640001A806EE0F868BB1D1B785A1E7B1D1B7864
:10F65000991D1300DB009B1ADB005A18434BD3188B
:10F6600005221900F6F770FF5BE0F868BB1D1B78F8
:10F670005A1E7B1D1B78991D1300DB009B1ADB00B3
:10F680005A183A4BD31806221900F6F75DFF48E0E6
:10F69000BB1D1B785A1E7B1D1B78991D3348130018
:10F6A000DB009B1ADB00C3185B5C1E00BB1D1B78D4
:10F6B0005A1E7B1D1B78D91D2C481300DB009B1A9A
:10F6C000DB00C3185B5C1B02F118BB1D1B785A1EC4
:10F6D0007B1D1B7808331800244E1300DB009B1A97
:10F6E000DB00F3181B5C1B04C918BB1D1B785A1EDA
:10F6F0007B1D1B78093318001C4E1300DB009B1A7E
:10F70000DB00F3181B5C1B06CB181C0000231D003C
:10F71000194B1C605D60184AFB6812681A6000E0B3
:10F72000C04602E0154B15221A70154B1B7860225B
:10F730001340DBB2602B06D0114B1B7860221340C4
:10F74000DBB2202B0AD10D4B1A780E4B1A70FB1D21
:10F750001B78012221211800FBF76AFC0B23FB1800
:10F760001B781800BD4605B0F0BDC046B80A0020A1
:10F77000FFFF012014E90208E81600201D1B0020ED
:10F780001C1B0020D00B002090B585B000AF0400FA
:10F7900008001100FB1D221C1A70BB1D021C1A70F0
:10F7A0007B1D0A1C1A700F243B1900221A70BB1D06
:10F7B0001B785A1E7B1D197807481300DB009B1A23
:10F7C000DB00C3185A5C054B1A703B191B781800F4
:10F7D000BD4605B090BDC046B80A00201D1B0020E4
:10F7E000B0B586B002AF040008001100FB1D221C5A
:10F7F0001A70BB1D021C1A707B1D0A1C1A700F2484
:10F800003B1900221A70BB1D1B78013B1C4AD15CBE
:10F810000E257B197A1D12788A1A1A70BB1D1B7867
:10F820005A1E7B1D197817481300DB009B1ADB005A
:10F83000C318585CBB1D1B785A1E7B1D1B78591CB6
:10F840001300DB009B1ADB005A180E4BD1187B19F2
:10F850001B789BB2013B9AB20A2300930A2307F05C
:10F860009DFC031E05D03B19FF221A703B191B7823
:10F8700002E00F23FB181B781800BD4604B0B0BD92
:10F88000A80A0020B80A002090B585B000AF040097
:10F8900008001100FB1D221C1A70BB1D021C1A70EF
:10F8A0007B1D0A1C1A700F23FB1800221A70BB1D47
:10F8B0001B785A1E7B1D197822481300DB009B1A07
:10F8C000DB00C3185B5C1A001F4B1A80BB1D1B7842
:10F8D0005A1E7B1D1B78591C1A481300DB009B1A0B
:10F8E000DB00C3185B5C1A00184B1A80174B1B888F
:10F8F000002B0ED1144B1B88DBB2180005F050FF13
:10F90000114B1B88DBB2124A0021180005F094FF4E
:10F9100011E00E4B1B88012B0DD10B4B1B88DBB26A
:10F92000180005F03DFF084B1B88DBB2084A012197
:10F93000180005F081FF0F23FB181B781800BD4647
:10F9400005B090BDB80A0020DC290020DE29002087
:10F95000E029002090B585B000AF04000800110038
:10F96000FB1D221C1A70BB1D021C1A707B1D0A1C79
:10F970001A700F243B1900221A70064A064B110018
:10F98000180006F029F83B191B781800BD4605B091
:10F9900090BDC046EC290020E829002090B585B034
:10F9A00000AF040008001100FB1D221C1A70BB1DD3
:10F9B000021C1A707B1D0A1C1A700F217B18002272
:10F9C0001A70044B01221A707B181B781800BD4670
:10F9D00005B090BD000A002090B585B000AF0400CE
:10F9E00008001100FB1D221C1A70BB1D021C1A709E
:10F9F0007B1D0A1C1A700F217B1800221A70044B01
:10FA000001221A707B181B781800BD4605B090BD06
:10FA1000010A002090B585B000AF04000800110075
:10FA2000FB1D221C1A70BB1D021C1A707B1D0A1CB8
:10FA30001A700F23FB1800221A70D84B01221A707B
:10FA4000BB1D1B785A1E7B1D1B78D91CD448130084
:10FA5000DB009B1ADB00C3185B5C19B2BB1D1B7873
:10FA60005A1E7B1D1B78181DCD4C1300DB009B1A02
:10FA7000DB00E3181B5C1B021BB20B431AB20C2306
:10FA8000FB181A80BB1D1B785A1E7B1D1978C448B1
:10FA90001300DB009B1ADB00C3185B5C082B00D94A
:10FAA00086E29A00BF4BD3181B689F46BB1D1B788C
:10FAB0005A1E7B1D1B78591CB9481300DB009B1A8A
:10FAC000DB00C3185B5C002B07D10F23FB1800225F
:10FAD0001A70B54B10221A706BE20F23FB18FF222D
:10FAE0001A7066E2BB1D1B785A1E7B1D1B78591CC1
:10FAF000AB481300DB009B1ADB00C3185B5C002BD8
:10FB000022D10F23FB1800221A70BB1D1B785A1E2E
:10FB10007B1D1B78991CA2481300DB009B1ADB009D
:10FB2000C3185A5CA14B1A70BB1D1B785A1E7B1D53
:10FB30001B78591D9A481300DB009B1ADB00C31881
:10FB40005A5C9B4B1A6034E20F23FB18FF221A7099
:10FB50002FE2BB1D1B785A1E7B1D1B78591C904839
:10FB60001300DB009B1ADB00C3185B5C002B40D149
:10FB70000F23FB1800221A70BB1D1B785A1E7B1D19
:10FB80001B78991C86481300DB009B1ADB00C31806
:10FB90005A5C864B1A70BB1D1B785A1E7B1D1B7846
:10FBA000591D7F481300DB009B1ADB00C3185A5C09
:10FBB0007F4B1A60BB1D1B785A1E7B1D1B78991D3D
:10FBC00077481300DB009B1ADB00C3185A5C794BA3
:10FBD0001A60BB1D1B785A1E7B1D1B78D91D7048EF
:10FBE0001300DB009B1ADB00C3185A5C724B1A60CF
:10FBF000DFE10F23FB18FF221A70DAE1BB1D1B782F
:10FC00005A1E7B1D1B78591C65481300DB009B1A8C
:10FC1000DB00C3185B5C002B22D10F23FB180022F2
:10FC20001A70BB1D1B785A1E7B1D1B78991C5C48E3
:10FC30001300DB009B1ADB00C3185A5C5B4B1A7085
:10FC4000BB1D1B785A1E7B1D1B78591D5448130081
:10FC5000DB009B1ADB00C3185A5C554B1A60A8E105
:10FC60000F23FB18FF221A70A3E1BB1D1B785A1E3D
:10FC70007B1D1B78591C4A481300DB009B1ADB00D4
:10FC8000C3185B5C002B4AD10F23FB1800221A70AB
:10FC9000BB1D1B785A1E7B1D1B78991C4048130006
:10FCA000DB009B1ADB00C3185A5C404B1A70BB1D6B
:10FCB0001B785A1E7B1D1B78591D1300DB009B1AF5
:10FCC000DB005A18364BD118394B03221800F6F7CF
:10FCD0003BFCBB1D1B785A1E7B1D1B78D91D1300D6
:10FCE000DB009B1ADB005A182D4BD118314B032235
:10FCF0001800F6F729FCBB1D1B785A1E7B1D1B78CC
:10FD0000093319001300DB009B1ADB005A18244B3F
:10FD1000D118294B03221800F6F716FC49E10F23EE
:10FD2000FB18FF221A7044E1BB1D1B785A1E7B1D75
:10FD30001B78591C1A481300DB009B1ADB00C31800
:10FD40005B5C002B25D10F23FB1800221A70BB1D12
:10FD50001B785A1E7B1D1B78991C11481300DB0071
:10FD60009B1ADB00C3185A5C104B1A70BB1D1B7822
:10FD70005A1E7B1D1B78591D1300DB009B1ADB00EC
:10FD80005A18074BD1180A4B03221800F6F7DCFB70
:10FD90000FE10F23FB18FF221A700AE170230020E5
:10FDA000B80A002038E902081D1B0020712300203A
:10FDB00074230020782300207C230020BB1D1B78A7
:10FDC0005A1E7B1D1B78591C7D481300DB009B1AB3
:10FDD000DB00C3185B5C002B25D10F23FB1800222E
:10FDE0001A70BB1D1B785A1E7B1D1B78991C74480A
:10FDF0001300DB009B1ADB00C3185A5C714B1A70AE
:10FE0000BB1D1B785A1E7B1D1B78591D1300DB0080
:10FE10009B1ADB005A186A4BD1186B4B052218004D
:10FE2000F6F792FBC5E00F23FB18FF221A70C0E023
:10FE3000BB1D1B785A1E7B1D1B78591C6048130084
:10FE4000DB009B1ADB00C3185B5C002B4BD10F233C
:10FE5000FB1800221A70BB1D1B785A1E7B1D1B78D5
:10FE6000991C57481300DB009B1ADB00C3185A5C2F
:10FE7000544B1A70BB1D1B785A1E7B1D1B78591DD5
:10FE80001300DB009B1ADB005A184D4BD1184E4B68
:10FE900005221800F6F758FBBB1D1B785A1E7B1D68
:10FEA0001B78093319001300DB009B1ADB005A187A
:10FEB000434BD118454B05221800F6F745FBBB1DF7
:10FEC0001B785A1E7B1D1B780D3319001300DB00B5
:10FED0009B1ADB005A183A4BD1183D4B05221800EB
:10FEE000F6F732FB65E00F23FB18FF221A7060E083
:10FEF000BB1D1B785A1E7B1D1B78591C30481300F4
:10FF0000DB009B1ADB00C3185B5C002B4BD10F237B
:10FF1000FB1800221A70BB1D1B785A1E7B1D1B7814
:10FF2000991C27481300DB009B1ADB00C3185A5C9E
:10FF3000244B1A70BB1D1B785A1E7B1D1B78591D44
:10FF40001300DB009B1ADB005A181D4BD1181E4B07
:10FF500005221800F6F7F8FABB1D1B785A1E7B1D08
:10FF60001B78093319001300DB009B1ADB005A18B9
:10FF7000134BD118154B05221800F6F7E5FABB1DF7
:10FF80001B785A1E7B1D1B780D3319001300DB00F4
:10FF90009B1ADB005A180A4BD1180D4B052218008A
:10FFA000F6F7D2FA05E00F23FB18FF221A7000E0E3
:10FFB000C0460F23FB181B781800BD4605B090BD46
:10FFC000B80A002071230020742300207823002029
:10FFD0007C23002090B585B000AF0400080011001C
:10FFE000FB1D221C1A70BB1D021C1A707B1D0A1CF3
:10FFF0001A700F243B1900221A70BB1D1B785A1E61
:020000040801F1
:100000007B1D19780E481300DB009B1ADB00C31818
:100010005A5C0C4B1A700B4B1B78180000F070F9EF
:1000200003001A003B191B78934202D03B19FF22B0
:100030001A700F23FB181B781800BD4605B090BD41
:10004000B80A0020DA29002090B585B000AF04007E
:1000500008001100FB1D221C1A70BB1D021C1A7027
:100060007B1D0A1C1A700F243B1900221A70BB1D3D
:100070001B785A1E7B1D19780E481300DB009B1A53
:10008000DB00C3185A5C0C4B1A700B4B1B78180022
:1000900000F092F903001A003B191B78934202D03A
:1000A0003B19FF221A700F23FB181B781800BD465E
:1000B00005B090BDB80A0020DB29002090B585B0BE
:1000C00000AF040008001100FB1D221C1A70BB1DAC
:1000D000021C1A707B1D0A1C1A700F23FB180022C9
:1000E0001A70BB1D1B78013B264AD15C0E243B19BC
:1000F0007A1D12788A1A1A70234B1B881A00234B18
:10010000D018BB1D1B785A1E7B1D19781300DB000D
:100110009B1ADB005A181E4BD1183B191B781A008A
:1001200017F02BF93B191B789AB2174B1B88D31881
:100130009AB2154B1A80174B1B787F229343DBB280
:10014000002B18D1BB1D1B78013B5A02124BD01853
:100150000D4B1B881A000D4B190017F00EF90B4BB5
:1001600064220021180016F0E0FF074B00221A80DD
:100170000A4B02221A700F23FB181B781800BD4689
:1001800005B090BDA80A00208A2B00208C2B0020EF
:10019000B80A00201C1B0020000C0020A20A00202E
:1001A000F0B587B002AF05000C0010001900FB1D70
:1001B0002A1C1A70BB1D221C1A703B1D021C1A80BF
:1001C000FB1C0A1C1A700F203B1800221A70BB1D62
:1001D0001B785A1E1C491300DB009B1ADB005A5C7B
:1001E0000C217B181A807B181B88DDB206003C1896
:1001F000FB1D1A78BB1D19783B1D1888FB1C1B784A
:1002000000932B00FCF76CFD03002370BB191B78D7
:10021000012B12D10C217B181B88DDB2BC19FB1DF0
:100220001A78BB1D19783B1D1888FB1C1B7800939E
:100230002B0000F0E3FC030023700F23FB181B7856
:100240001800BD4605B0F0BDB80A002090B595B0C5
:1002500000AF14243B1918003C231A00002116F0AB
:1002600064FF3B1D180010231A00002116F05DFFEB
:1002700080239B00180011F013FC3B1903221A6025
:100280003B19802252025A603B1980225200DA60E8
:1002900021007B1800221A617B1840225A617B18CA
:1002A00002221A627B1803225A627B1800229A6289
:1002B0007B181022DA627B18802292021A637B1864
:1002C000802292045A637B18802292059A637B18DD
:1002D000180011F031FC3B1D07221A603B1D022261
:1002E0005A603B1D00229A603B1D0022DA603B1DD4
:1002F0000221180011F080FFC046BD4615B090BD28
:1003000080B586B000AF0200FB1D1A70FB1D1B7884
:10031000180006F0F9FF03007B617B691B68234A24
:10032000934209D07B691B68214A934204D07B69C0
:100330001B68204A934234D1C0467B691B68DA6946
:1003400080235B021A4080235B029A42F5D0C046AC
:100350007B691B68DA698023DB031A408023DB0397
:100360009A42F5D10C217B18802292031A607B18E7
:10037000786919685A6814F0CFFF7B691B689A681E
:100380007B691B688021C9030A439A607B69180056
:1003900015F02AF88023DB010121180011F020FB61
:1003A00000E0FF231800BD4606B080BD00380140C4
:1003B000004400400048004080B582B000AF020019
:1003C000FB1D1A70124B134A9A61FB1D1B78042BFC
:1003D00015D89A00104BD3181B689F46012011F0C6
:1003E000CBFA0CE0082011F0C7FA08E0202011F049
:1003F000C3FA04E0022011F0BFFA00E0C04611F099
:1004000041FB11F025FB00231800BD4602B080BD62
:10041000007000403F00010090EB020880B582B000
:1004200000AF0200FB1D1A701F4B1A6980235B008E
:100430001A4080235B009A4230D11B4B1B4A9A61C1
:10044000FB1D1B78042B15D89A00194BD3181B6879
:100450009F46012011F0B0FA0CE0082011F0ACFA30
:1004600008E0202011F0A8FA04E0022011F0A4FA1C
:1004700000E0C04680231B020E480122190010F044
:10048000F6FBFA239B0018000EF0C0F880231B0235
:1004900008480022190010F0EAFB00E000231800D1
:1004A000BD4602B080BDC0460070004000010100A2
:1004B000A4EB020800040050F0B585B000AF0B2695
:1004C000BB1900221A700E23FB1808221A80082379
:1004D000FB1800221A8010F0DDF87623FF331A0093
:1004E00080231B021100180010F00CFABE19FA2329
:1004F0009B00180010F014F9030033700B26BB1991
:100500001B78002B03D0554B5B68DBB2A2E0544B49
:100510005A69534B02218A435A61524B1B78002B74
:1005200000D195E0504B1B781B029AB24D4B1B78C3
:10053000190008203B1852181A803B181B889BB2E0
:100540003B6000237B6049493A687B68012010F0DA
:1005500053F80B23FE18FA239B00180010F0E0F864
:10056000030033700B23FB181B78002B03D03B4B8D
:100570005B68DBB26EE03A4B5A69394B01218A4322
:100580005A610D23FB1801221A705AE00C23FB1844
:1005900000221A704AE00D203B181B785A1E344B7B
:1005A00016214A43D35A002B3AD00E23FB181B883E
:1005B0002E4A9E183B181B785A1E0C23FB181878DD
:1005C0002B4913009B009B185B009B181B185B00BA
:1005D0005B5A1C0000231D0022002B00310001206B
:1005E00010F00AF80B23FE18FA239B00180010F0F5
:1005F00097F8030033700B23FB181B78002B03D0F4
:10060000164B5B68DBB225E0154B5A69144B012190
:100610008A435A610E22BB18BA18128808321A800F
:100620000C217B181A787B1801321A700C23FB18E6
:100630001B780A2BAFD90D217B181A787B18013251
:100640001A70094B1B780D22BA1812789A429DD95C
:1006500010F044F81800BD4605B0F0BDD49B012051
:1006600000200240FC1A00207C00002000A807089F
:10067000F4160020B0B588B000AF18243B19002252
:100680001A703B0000221A60043311220021180066
:1006900016F04BFD0FF0FEFFBB235A0080231B0218
:1006A0001100180010F02EF925003C19FA239B00C8
:1006B000180010F035F8030023707B191B78002B0D
:1006C00003D0654B5B68DBB2C1E0644B5A69634B96
:1006D00002218A435A61624BFB611B23FB180022F3
:1006E0001A70AAE01B203B181A785E4913009B0081
:1006F0009B189B005B5C002B00D198E03B00FE2226
:100700001A703B181A7813009B009B189B00554ADF
:1007100099183B0001331422180016F02EFE1A23FC
:10072000FB1800221A702BE0F9691A23FB181B78BA
:10073000DB003A00D3181A685B6801200FF05CFFF9
:1007400018257C19FA239B0018000FF0E9FF03001D
:1007500023707B191B78002B03D03F4B5B68DBB207
:1007600075E03E4B5A693D4B01218A435A61FB6952
:100770000833FB611A217B181A787B1801321A7032
:100780001A23FB181B78042BCED91923FB1800223F
:100790001A7036E0F8691B23FB181A7831491300E8
:1007A0009B009B189B00CB180C331B681922BA18AE
:1007B000127892009B181A685B68010001200FF004
:1007C0001BFF18257C19FA239B0018000FF0A8FFC7
:1007D000030023707B191B78002B03D01E4B5B6832
:1007E000DBB234E01D4B5A691C4B01218A435A612C
:1007F000FB690833FB6119217B181A787B180132D9
:100800001A701923FB181C781B23FB181A7815493A
:1008100013009B009B189B00CB180C331B6818001F
:10082000EFF77CFC030001339B089C42B2D31B21F1
:100830007B181A787B1801321A700B4B1B781B221D
:10084000BA1812789A4200D24CE70FF047FF18000E
:10085000BD4608B0B0BDC046D49B01200020024078
:1008600000B00708B01B0020A50A002080B500AF2B
:100870008F239A00084B0021180016F056FC074BF6
:1008800001221A70064B00221A70FFF715FE0300B2
:100890001800BD4680BDC046F41600207C00002034
:1008A000FC1A0020F0B589B004AF05000C00100060
:1008B0001900FB1D2A1C1A70BB1D221C1A707B1DFF
:1008C000021C1A703B1D0A1C1A700F257B1900228E
:1008D0001A700E26BB1900221A704A4B1A787C191E
:1008E000BB1D1B7819001000F4F79AFB030023705E
:1008F0003B1D1B78002B0ED0424B1B78BA1D127883
:100900009A4208D17B193A1D12781A70BB193D4AD8
:1009100012781A701BE03B1D1B78002B17D1BB1DF2
:100920001B78013B384AD35C012B05D10E23FB1801
:10093000344A12781A700AE0BB1D1B78013B324A18
:10094000D35C5A1E0E23FB1830498A5C1A702D4B5B
:100950001B78FA1D12789A422FD10AF075FC030019
:10096000BB603B1D1B78002B08D1294B1968BB1DB0
:100970001A78BB68180016F059FB08E0254B196877
:10098000BB1D1A783B1D1B78B86816F04FFB224B35
:100990001A68BB681100180016F0CFFBBB6818007E
:1009A000EFF7BCFB03009AB2B9687B1D18783223BD
:1009B00006F04AFC64200DF029FE7B1D1B78180010
:1009C00000F02CF80F257B191B78180000F026F892
:1009D0000C4B19780B4B1C787B191A787B1D1878F7
:1009E0000023039301235B42029301235B420193A3
:1009F000022300932300FAF767FEC046BD4605B008
:100A0000F0BDC046FC1A00203019002084230020CD
:100A10006C000020740000207000002080B584B0BD
:100A200000AF0200FB1D1A70FB1D1B78180006F0BA
:100A30006BFC0300FB60FB68180012F0AFFDFB6865
:100A40008022D2001A61FB68802252019A60FB6802
:100A5000180012F04DFDFB681B681A68FB681B68E4
:100A600020210A431A60C046BD4604B080BD000084
:100A700080B584B002AF05F0E1FF06F01DF806F086
:100A800059F806F095F806F0C3F803F0DDFD03F021
:100A90009FFF03F025F800F055FF012001F02AF830
:100AA00001237B6061E07B68DBB2180006F02CFC60
:100AB00002003E4B9A4206D17B685A1E3C4B920084
:100AC0003C49D1504EE07B68DBB2180006F01CFCBC
:100AD0000200394B9A4206D17B685A1E344B920071
:100AE0003649D1503EE07B68DBB2180006F00CFCC2
:100AF0000200334B9A4206D17B685A1E2C4B92005F
:100B00003049D1502EE07B68DBB2180006F0FCFBC8
:100B100002002D4B9A4206D17B685A1E244B92004C
:100B20002A49D1501EE07B68DBB2180006F0ECFBCE
:100B30000200274B9A4206D17B685A1E1C4B92003A
:100B40002449D1500EE07B68DBB2180006F0DCFBD4
:100B50000200214B9A4205D17B685A1E144B920029
:100B60001E49D1507B6801337B607B68052B9ADD81
:100B70001B4B1B68002B09D11A4A1B491B48184BF9
:100B800001930323009300230BF023FDFA23990024
:100B90001748184B0093012301220DF097F902002A
:100BA000154B1A60C046BD4602B080BD402C0020E7
:100BB000D41600200C000240D42C0020200002405B
:100BC000682D002034000240FC2D00204800024027
:100BD000902E00205C000240242F00207000024074
:100BE000E42F0020C4090000B8EB02080916010830
:100BF000C8EB0208A9160108E02F0020B0B584B0A8
:100C000000AF05000C0010001900BB1D2A1C1A8043
:100C10007B1D221C1A703B1D021C1A70FB1C0A1C37
:100C20001A700F23FB1800221A70BB1D1B88FA3B99
:100C30000E2B00D970E19A00BD4BD3181B689F465C
:100C40007B1D1B785A1E20257B191978B948130083
:100C5000DB009B1ADB00C3185C5C7B1D1B785A1EF3
:100C60007B191B78591CB3481300DB009B1ADB006F
:100C7000C3185B5C00221900200001F067FC50E102
:100C80007B1D1B785A1E20257B191978A948130053
:100C9000DB009B1ADB00C3185C5C7B1D1B785A1EB3
:100CA0007B191B78591CA3481300DB009B1ADB003F
:100CB000C3185B5C01221900200001F047FC30E101
:100CC0007B1D1B785A1E20257B1919789948130023
:100CD000DB009B1ADB00C3185C5C7B1D1B785A1E73
:100CE0007B191B78591C93481300DB009B1ADB000F
:100CF000C3185B5C02221900200001F027FC10E100
:100D00007B1D1B785A1E20257B19197889481300F2
:100D1000DB009B1ADB00C3185C5C7B1D1B785A1E32
:100D20007B191B78591C83481300DB009B1ADB00DE
:100D3000C3185B5C03221900200001F007FCF0E0FF
:100D40007B1D1B785A1E20257B19197879481300C2
:100D5000DB009B1ADB00C3185C5C7B1D1B785A1EF2
:100D60007B191B78591C73481300DB009B1ADB00AE
:100D7000C3185B5C04221900200001F0E7FBD0E0FF
:100D80007B1D1B785A1E20257B1919786948130092
:100D9000DB009B1ADB00C3185C5C7B1D1B785A1EB2
:100DA0007B191B78591C63481300DB009B1ADB007E
:100DB000C3185B5C06221900200001F0C7FBB0E0FD
:100DC0007B1D1B785A1E20257B1919785948130062
:100DD000DB009B1ADB00C3185C5C7B1D1B785A1E72
:100DE0007B191B78591C53481300DB009B1ADB004E
:100DF000C3185B5C07221900200001F0A7FB90E0FC
:100E00007B1D1B785A1E20257B1919784948130031
:100E1000DB009B1ADB00C3185C5C7B1D1B785A1E31
:100E20007B191B78591C43481300DB009B1ADB001D
:100E3000C3185B5C05221900200001F087FB70E0FD
:100E40007B1D1B785A1E20257B1919783948130001
:100E5000DB009B1ADB00C3185C5C7B1D1B785A1EF1
:100E60007B191B78591C33481300DB009B1ADB00ED
:100E7000C3185B5C08221900200001F067FB50E0FA
:100E80007B1D1B785A1E20257B19197829481300D1
:100E9000DB009B1ADB00C3185C5C7B1D1B785A1EB1
:100EA0007B191B78591C23481300DB009B1ADB00BD
:100EB000C3185B5C09221900200001F047FB30E0F9
:100EC0007B1D1B785A1E20257B19197819481300A1
:100ED000DB009B1ADB00C3185C5C7B1D1B785A1E71
:100EE0007B191B78591C13481300DB009B1ADB008D
:100EF000C3185B5C0A221900200001F027FB10E0F8
:100F000001F0C2F80DE001F08FF80AE001F0D2F82C
:100F100007E001F0A1F804E00F23FB1801221A708A
:100F2000C0460F23FB181B781800BD4604B0B0BDA7
:100F3000D4EB0208B80A002080B582B000AF786018
:100F40007B681B68164A934201D1012323E07B682A
:100F50001B68144A934201D102231CE07B681B6882
:100F6000114A934201D1032315E07B681B680F4AA5
:100F7000934201D104230EE07B681B680C4A934224
:100F800001D1052307E07B681B680A4A934201D11F
:100F9000062300E000231800BD4602B080BDC04615
:100FA000004C004000440040004800400038014030
:100FB000003C01400050004080B500AF094B1800D4
:100FC0000AF08CF8084B18000AF088F8074B180054
:100FD0000AF084F8064B18000AF080F8C046BD46B7
:100FE00080BDC04638EA0208E4EA020830EB020895
:100FF00080EB0208F0B585B000AF02003960FB1D40
:101000001A700F23FB1800221A70FB1D1B78082B87
:1010100000D97FE09A00484BD3181B689F460F23E6
:10102000FC183B68180000F089FD030023703B6842
:10103000424A1A6078E00F23FC183B68180000F061
:10104000B7FD030023706FE00F23FC183B68180006
:1010500000F000FE0300237066E00F23FC183B68DD
:10106000180000F043FE030023705DE00F23FC181E
:101070003B68180000F07CFE0300237054E00E254E
:101080007B1900221A700F26BC197B19180000F07A
:10109000ABFE03002370BB191B78002B3FD17B19DB
:1010A0001B781800EFF73CFF021C3B681A6036E023
:1010B0000D257B1900221A700F26BC197B19180008
:1010C00000F0BFFE03002370BB191B78002B28D152
:1010D0007B191B781800EFF723FF021C3B681A608E
:1010E0001FE00A257B1900221A800F26BC197B19E4
:1010F000180000F0D3FE03002370BB191B78002BEF
:1011000011D17B191B881800EFF70AFF021C3B68FE
:101110001A6008E00F23FB1867221A7004E0C0462B
:1011200002E0C04600E0C0460F23FB181B78180001
:10113000BD4605B0F0BDC04610EC02080000A0415D
:1011400090B587B002AF786039600C23FB181800A7
:1011500000F0F4FCFB68181CF1F7E0FD02000B0046
:10116000054C3968786800920193220015F02AFF37
:10117000C046BD4605B090BD34EC020890B587B0BE
:1011800002AF786039600C23FB18180000F010FDE6
:10119000FB68181CF1F7C2FD02000B00054C396812
:1011A000786800920193220015F00CFFC046BD46FE
:1011B00005B090BD50EC020890B587B002AF7860E2
:1011C00039600C23FB18180000F044FDFB68181C64
:1011D000F1F7A4FD02000B00054C39687868009215
:1011E0000193220015F0EEFEC046BD4605B090BD4D
:1011F0006CEC020890B587B002AF786039600C23C0
:10120000FB18180000F072FDFB68181CF1F786FD52
:1012100002000B00054C39687868009201932200A7
:1012200015F0D0FEC046BD4605B090BD88EC020862
:1012300090B587B002AF786039600C23FB181800B6
:1012400000F096FDFB68181CF1F768FD02000B002A
:10125000054C3968786800920193220015F0B2FEBF
:10126000C046BD4605B090BDA8EC020890B585B05B
:1012700000AF786039600F243B19180000F0E1FDE1
:101280003B191B78044A3968786815F09BFEC04604
:10129000BD4605B090BDC046C8EC020890B585B00B
:1012A00000AF786039600E243B19180000F0F6FD9D
:1012B0003B191B88044A3968786815F083FEC046DC
:1012C000BD4605B090BDC046E0EC020890B585B0C3
:1012D00000AF786039600F243B19180000F084FDDE
:1012E0003B191B78044A3968786815F06BFEC046D4
:1012F000BD4605B090BDC046F8EC020890B585B07B
:1013000000AF786039600F243B19180000F0E8FE48
:101310003B191B78002B05D10A4B0B4A39687868BA
:1013200015F050FE0F23FB181B78012B05D1074B3E
:10133000054A3968786815F045FEC046BD4605B0D7
:1013400090BDC04610ED02081CED020834ED020805
:1013500090B587B002AF786039600C23FB18180095
:1013600000F01AFEFB68181CF1F7D8FC02000B0015
:10137000054C3968786800920193220015F022FE2E
:10138000C046BD4605B090BD40ED020890B587B09F
:1013900002AF786039600C23FB18180000F0AAFD3A
:1013A000FB68181CF1F7BAFC02000B00054C396809
:1013B000786800920193220015F004FEC046BD46F5
:1013C00005B090BD58ED020880B584B000AF7860DC
:1013D0000C23FB18180000F0B1FBFA687B681A6058
:1013E000C046BD4604B080BD80B584B000AF786013
:1013F0000C23FB18180000F0DBFBFA687B681A600E
:10140000C046BD4604B080BD80B584B000AF7860F2
:101410000C23FB18180000F01DFCFA687B681A60AA
:10142000C046BD4604B080BD80B584B000AF7860D2
:101430000C23FB18180000F059FCFA687B681A604E
:10144000C046BD4604B080BD80B584B000AF7860B2
:101450000C23FB18180000F08BFCFA687B681A60FC
:10146000C046BD4604B080BD90B585B000AF786081
:101470000F243B19180000F0E4FC3B191B781800FE
:10148000EFF74EFD021C7B681A60C046BD4605B0F2
:1014900090BD90B585B000AF78600E243B19180060
:1014A00000F0FCFC3B191B881800EFF739FD021C0B
:1014B0007B681A60C046BD4605B090BD90B585B04A
:1014C00000AF78600F243B19180000F08DFC3B1929
:1014D0001B781800EFF724FD021C7B681A60C046D9
:1014E000BD4605B090BD90B585B000AF78600F24C3
:1014F0003B19180000F0F4FD3B191B781800EFF7BA
:101500000FFD021C7B681A60C046BD4605B090BD49
:1015100080B584B000AF78600C23FB18180000F091
:10152000E9FCFA687B681A60C046BD4604B080BD1D
:1015300080B584B000AF78600C23FB18180000F071
:101540002BFDFA687B681A60C046BD4604B080BDBA
:1015500080B588B000AFF860B9607A603B601F2347
:10156000FB1800221A701C23FB1800221A80B9688D
:101570007868EEF7EFFD0300BB61BB69632B01D810
:1015800008233AE01F4B00221A702BE01423FA18AC
:101590003B68100098471C217B181B889B00FA6849
:1015A000D3187A691A607B181A887B1801321A805E
:1015B000BA6913005B019B1A9B009B18DB001A00A1
:1015C000FA2399001000EEF7C5FD030018000BF098
:1015D00037F90C4B1B78002B04D01F23FB18072274
:1015E0001A7007E0BB685A1EBA60002BCED17B6828
:1015F0000133CBD01F23FB181B781800BD4608B061
:1016000080BDC046E82F002080B582B000AF786072
:10161000204B180000F064FD1F4B180000F0C8FAC2
:101620001C4B1B78002B29D11B4B1B68181CF1F796
:1016300075FB1A4A1A4BEEF72DFF031E1ED0194BED
:10164000180000F0D1FB174B1B78612B0DD88023BD
:101650005A00A023DB05110018000FF025FBFA2328
:101660005B0018000CF0D2FF10E080235900A0238B
:10167000DB05012218000FF0FAFA07E08023590079
:10168000A023DB05002218000FF0F1FA0AF050F851
:10169000BEE7C046C4010020143000207B14AE47D2
:1016A000E17A84BF1230002080B584B002AF786048
:1016B000274B1B685A1C264B1A60264B1B78012BA4
:1016C0001FD1234B1A68244B1B689A4203D9224B23
:1016D0001B68002B09D1214B1878214B1978214B1D
:1016E0001B781A0000F032FF2EE0194B00221A601E
:1016F0007868002300930023002203210CF036FCBD
:1017000022E0144B1B78022B1ED1114B1A68164B8A
:101710001B689A4203D9144B1B68002B08D1134B4A
:101720001A78134B1B781900100000F013FD0BE022
:10173000074B00221A6078680023009300230022E0
:1017400003210CF013FCFFE7C046BD4602B080BD8C
:10175000F02F0020EB2F0020F42F0020E92F002095
:10176000EA2F0020B82F0020F82F0020EC2F0020B7
:10177000B92F002090B585B000AF0200BB1D1A80C4
:101780003B1D0A1C1A800D23FB1800221A70082129
:101790007B1800221A600F203B1800221A700E24BA
:1017A0003B1900221A70BB1D1B88FF2B17D8BB1DCD
:1017B0001B88DAB27B181A703B1D1B88DAB27B18C3
:1017C0005A703B1D1B881B0A9BB2DAB27B189A70B9
:1017D0003B1803221A703B196C221A7019E0BB1DCA
:1017E0001B88DAB208217B181A703B1D1B88DAB2FD
:1017F0007B185A703B1D1B881B0A9BB2DAB27B1800
:101800009A700F23FB1803221A700E23FB1816225E
:101810001A700E23FB181B7899B20F23FB181B7844
:101820009BB20822BA18074803F06AF9031E01D0D8
:10183000FF2302E00D23FB181B781800BD4605B0FE
:1018400090BDC046B831002080B584B000AF39608B
:101850001100BB1D021C1A807B1D0A1C1A700C2172
:101860007B1800221A700823FB1800221A800F230D
:10187000FB1800221A700E23FB1800221A700D2389
:10188000FB1800221A703B68002B02D17B181B78D2
:1018900052E0BB1D1B88FF2B12D8BB1D1B88DAB280
:1018A0000823FB181A700F23FB1801221A700E234D
:1018B000FB186C221A700D23FB186D221A7018E0A9
:1018C000BB1D1B88DAB208217B181A70BB1D1B8850
:1018D0001B0A9BB2DAB27B185A700F23FB18022244
:1018E0001A700E23FB1816221A700D23FB181722EC
:1018F0001A700E23FB181B7899B20F23FB181B7864
:101900009BB20822BA180E4803F0FAF8031E01D061
:10191000FF2311E00D23FB181B7899B27B1D1B7868
:101920009BB23A68064803F024F9031E01D0FF2356
:1019300002E00C23FB181B781800BD4604B080BDE4
:10194000B8310020B0B584B000AF0F257B1900225C
:101950001A700C243B1900221A803B1D1800062324
:101960001A00002115F0E1FB3B19802252011A8078
:101970003B191A88B623FF3311001800FFF7FAFE4F
:10198000031E02D07B1900221A70FA239A00D0237A
:10199000FF3311001800FFF7EDFE031E01D0FF23F7
:1019A00080E0424AE5235B0011001800FFF7E2FEE9
:1019B000031E01D0FF2375E00C217B183C4A1A80DE
:1019C0007B181A88C6235B0011001800FFF7D2FEAF
:1019D000031E01D0FF2365E00C217B18354A1A80D5
:1019E0007B181A88C7235B0011001800FFF7C2FE9E
:1019F000031E01D0FF2355E00C217B182E4A1A80CC
:101A00007B181A888E23FF3311001800FFF7B2FEEF
:101A1000031E03D00F23FB1800221A700C217B1821
:101A2000254A1A807B181A889023FF33110018006A
:101A3000FFF7A0FE031E01D0FF2333E00C217B182B
:101A400004221A807B181B8819000B20FFF792FED6
:101A5000031E01D0FF2325E0391DB623FF330222E8
:101A60001800FFF7F1FE031E01D0FF231AE03B1D13
:101A7000991CD023FF3302221800FFF7E5FE031E56
:101A800001D0FF230EE03B1D191DE5235B00022260
:101A90001800FFF7D9FE031E01D0FF2302E00F2339
:101AA000FB181B781800BD4604B0B0BDE8710000FB
:101AB000646400000A6400001064000080B582B015
:101AC00000AF02003960BB1D1A80BB1D00229B5E67
:101AD000002B05DABB1D00229A5E3B681A8004E0E9
:101AE000BB1D00229A5E3B681A8000231800BD4689
:101AF00002B080BD80B584B000AF0200FB1D1A703B
:101B00000F23FB1800221A70FB1D1B78012B06D136
:101B1000094B0122042118000FF0A9F805E0064B3B
:101B20000022042118000FF0A2F80F23FB181B78E5
:101B30001800BD4604B080BD0004005080B584B0DC
:101B400000AF78600F23FB1800221A700C23FB18DB
:101B500000221A807B68002B01D1022320E00C2395
:101B6000FB18022219001A20FFF76EFE031E01D097
:101B7000FF2315E00C23FB181B881800F1F77CF8F5
:101B8000094A0A4BF0F7B6F902000B0010001900E1
:101B9000F1F70CF9021C7B681A600F23FB181B7805
:101BA0001800BD4604B080BD7B14AE47E17A143FF7
:101BB00080B584B000AF78600F23FB1800221A7044
:101BC0000C23FB1800221A800A23FB1800221A801B
:101BD0007B68002B01D1022334E00C23FB18022286
:101BE00019001C20FFF730FE031E01D0FF2329E05F
:101BF0000C23FB181B880A22BA1811001800FFF7E3
:101C00005DFF031E01D0FF231CE00C23FB181B8883
:101C10001AB20A217B181A807B1800229B5E1800DA
:101C2000F1F72AF8094A0A4BF0F764F902000B00B1
:101C300010001900F1F7BAF8021C7B681A600F2334
:101C4000FB181B781800BD4604B080BD4F1BE8B4DC
:101C5000814E0B3F90B585B000AF78600F23FB1825
:101C6000FF221A700C23FB1800221A800A23FB188B
:101C700000221A807B68002B01D102232DE00C2367
:101C8000FB1802221900B120FFF7DEFD031E03D16D
:101C90000F23FB1800221A700C23FB181B880A2440
:101CA0003A1911001800FFF709FF031E12D13B1962
:101CB00000229B5E1800F0F7DFFF0A4A0A4BF0F79C
:101CC00019F902000B0010001900F1F76FF8021C5F
:101CD0007B681A600F23FB181B781800BD4605B0FF
:101CE00090BDC0462D431CEBE2364A3F90B585B00F
:101CF00000AF78600F23FB18FF221A700C23FB182B
:101D000000221A800A23FB1800221A807B68002B0D
:101D100001D1022328E00C23FB18022219001B200A
:101D2000FFF792FD031E03D10F23FB1800221A7048
:101D30000C23FB181B880A243A1911001800FFF71E
:101D4000BDFE031E0DD13B1900229B5E002B00DA65
:101D5000FF331B121BB21800EFF796F8021C7B68CA
:101D60001A600F23FB181B781800BD4605B090BD04
:101D700080B584B000AF78600F23FB18FF221A7083
:101D80000C23FB1800221A807B68002B01D1022350
:101D900022E00C23FB18022219001020FFF754FD4B
:101DA000031E03D10F23FB1800221A700C23FB180B
:101DB0001B881800F0F760FF094A0A4BF0F79AF801
:101DC00002000B0010001900F0F7F0FF021C7B6806
:101DD0001A600F23FB181B781800BD4604B080BDA5
:101DE000A5E2ECC367D8253F80B584B000AF78602A
:101DF0000F23FB18FF221A700C23FB1800221A80F5
:101E00007B68002B01D1022317E00C23FB18022270
:101E100019000620FFF718FD031E03D10F23FB183E
:101E200000221A700C23FB181B881B0A9BB2DAB223
:101E30007B681A700F23FB181B781800BD4604B08E
:101E400080BD80B584B000AF78600F23FB18FF22FF
:101E50001A700C23FB1800221A807B68002B01D11A
:101E6000022317E00C23FB18022219000720FFF7BA
:101E7000EBFC031E03D10F23FB1800221A700C2366
:101E8000FB181B881B0A9BB2DAB27B681A700F23FF
:101E9000FB181B781800BD4604B080BD80B584B027
:101EA00000AF78600F23FB18FF221A700C23FB1879
:101EB00000221A807B68002B01D1022316E00C233C
:101EC000FB18022219001720FFF7BEFC031E03D1E6
:101ED0000F23FB1800221A700C23FB181B88DB0849
:101EE0009AB27B681A800F23FB181B781800BD4636
:101EF00004B080BD90B585B000AF78600F243B1969
:101F0000FF221A700023BB600823FA181C486423C0
:101F1000082101F003FF031E02D13B1900221A70B1
:101F2000BB681800F0F7D6FE0022164BEFF7E2FF71
:101F300002000B00100019000022134BEFF796FB74
:101F400002000B00100019000022104BEFF78EFB6F
:101F500002000B00100019000D4A0E4BEFF786FB34
:101F600002000B0010001900F0F720FF021C7B6834
:101F70001A600F23FB181B781800BD4605B090BDF2
:101F800078300020000004400000B04000004940CC
:101F90007B14AE47E17A843F90B585B000AF78609E
:101FA0000F243B19FF221A700023BB600823FA1884
:101FB00018486423092101F0B1FE031E02D13B1928
:101FC00000221A70BB681800F0F784FE0022124B42
:101FD000EFF790FF02000B001000190000220F4BDA
:101FE000EFF744FB02000B00100019000C4A0D4BE8
:101FF000EFF780FF02000B0010001900F0F7D6FE8B
:10200000021C7B681A600F23FB181B781800BD4662
:1020100005B090BD78300020000004400000B040C2
:10202000CDCCCCCCCCCC0A4080B582B000AFFB1D6F
:10203000FF221A7080235B010648012219000EF06E
:1020400016FEFB1D00221A70FB1D1B781800BD46F2
:1020500002B080BD0004005080B582B000AFFB1D0F
:10206000FF221A7080235B010648002219000EF03F
:10207000FEFDFB1D00221A70FB1D1B781800BD46DB
:1020800002B080BD0004005080B582B000AFFB1DDF
:10209000FF221A70A023DB050022102118000EF089
:1020A000E6FDFB1D00221A70FB1D1B781800BD46C3
:1020B00002B080BD80B582B000AFFB1DFF221A7058
:1020C000A023DB050122102118000EF0D0FDFB1D1E
:1020D00000221A70FB1D1B781800BD4602B080BD9F
:1020E00080B584B000AF78600A217B1800221A8086
:1020F0000E23FB1800221A800D23FB1800221A70F1
:102100007B1802221900DA20FFF79EFB031E01D084
:10211000062319E00A23FB181B885B099AB20E20DC
:102120003B1801210A401A803B181B88002B03D161
:10213000074B00221A7002E0054B01221A70044B73
:102140001A787B681A7000231800BD4604B080BD61
:10215000BC2F0020B0B5A2B002AF0200FB1D1A7068
:10216000BB1D0A1C1A707F23FB1800221A70002363
:10217000BB671423FB1800221A600433602200217D
:10218000180014F0D2FF00233B610F23FB1800223C
:102190001A700C23FB1800221A800B23FB18002254
:1021A0001A7009F051F80300BB67BB1D1B780A2B9E
:1021B00000D90EE19A00954BD3181B689F46102357
:1021C000FB181800FFF7BAFC031E01D0FF2318E12B
:1021D0003B69181CF0F7A2FD02000B008C4914208B
:1021E0003818009201930A00322114F0EBFEF3E05C
:1021F0001023FB181800FFF7DBFC031E01D0FF23A0
:10220000FFE03B69181CF0F789FD02000B008149D3
:1022100014203818009201930A00322114F0D2FEE3
:10222000DAE01023FB181800FFF714FD031E01D09D
:10223000FF23E6E03B69181CF0F770FD02000B007D
:10224000754914203818009201930A00322114F0C5
:10225000B9FEC1E01023FB181800FFF747FD031E6D
:1022600001D0FF23CDE03B69181CF0F757FD0200B9
:102270000B006A4914203818009201930A00322199
:1022800014F0A0FEA8E01023FB181800FFF770FD63
:10229000031E01D0FF23B4E03B69181CF0F73EFD9C
:1022A00002000B005E4914203818009201930A00C6
:1022B000322114F087FE8FE00B23FB181800FFF784
:1022C00093FD031E01D0FF239BE00B23FB181B781B
:1022D000544A14217818322114F074FE7CE00F2344
:1022E000FB181800FFF7ADFD031E01D0FF2388E0A7
:1022F0000F23FB181B784C4A14217818322114F054
:1023000061FE69E00C23FB181800FFF7C7FD031EF0
:1023100001D0FF2375E00C23FB181B88434A1421CE
:102320007818322114F04EFE56E00A23FB181800EC
:10233000FFF7D6FE031E01D0FF2362E00A23FB183D
:102340001B78002B06D13A4B3A4A142178183221D7
:1023500014F038FE0A23FB181B78012B3BD1364BB7
:10236000344A14217818322114F02CFE33E0102363
:10237000FB181800FFF710FE031E01D0FF2340E0FA
:102380003B69181CF0F7CAFC02000B002B49142013
:102390003818009201930A00322114F013FE1BE05A
:1023A0001023FB181800FFF7A5FD031E01D0FF2323
:1023B00027E03B69181CF0F7B1FC02000B00204934
:1023C00014203818009201930A00322114F0FAFD0B
:1023D00002E0082315E0C04614257B191800EDF72C
:1023E0009DFE03009AB2FA235C007919FB1D187850
:1023F00001235B420093230004F0D0FE7F23FB18EF
:102400001B781800BD4620B0B0BDC04674ED020870
:1024100034EC020850EC02086CEC020888EC02086C
:10242000A8EC0208F8EC0208C8EC0208E0EC02088C
:1024300010ED02081CED020834ED020840ED020820
:1024400058ED020890B587B000AF7860396064231A
:10245000FB60F9687868EDF77DFE03007B617B68BF
:10246000F9681800EDF7FCFE0B00BB604AE0FA6863
:1024700013005B019B1A9B009B18DB001A00FA23D8
:1024800099001000EDF766FE030018000AF0D8F975
:102490001323FB1800221A7029E0284B1B785A1EC0
:1024A00013243B191978264813005B009B189B01E5
:1024B000C3185B5C0D2B14D13B68002B11DD1F4B47
:1024C0001B785A1E3B1919781D4813005B009B1896
:1024D0009B01C31800225A541A4B01221A70072379
:1024E00027E013217B181A787B1801321A70132306
:1024F000FB181B78BF2BD0D9134B1B78002B01D0B6
:10250000072316E07B695A1E7A61002BAFDCBA689C
:1025100013005B019B1A9B009B18DB001A00FA2337
:1025200099001000EDF716FE030018000AF088F974
:1025300000231800BD4607B090BDC046A00A002089
:10254000201E0020ED2F0020E82F002090B587B03E
:1025500000AF040008001100FB1D221C1A70BB1DF7
:10256000021C1A707B1D0A1C1A701723FB1800220C
:102570001A7000233B610F23FB1800221A700C23F2
:10258000FB1800221A800B23FB1800221A70BB1DB7
:102590001B78002B08D1E24B1B78FA1D12789A4267
:1025A00002D1082300F024FC7B1D1B780A2B01D9E3
:1025B00000F013FC9A00DB4BD3181B689F461023D6
:1025C000FB181800FFF7BAFA031E02D0FF2300F031
:1025D0000FFCD34B1B78FA1D12789A4203D0FB1DD7
:1025E0001B78002B20D110217B181B68DAB2CE4B50
:1025F0001A707B181B681B0ADAB2CB4B5A707B1817
:102600001B681B0CDAB2C84B9A707B181B681B0E38
:10261000DAB2C54BDA70C449BB1D18780A2304220C
:1026200004F012FE00F0DBFBC04B07221A701723E8
:10263000FB181B78002B01D1002200E0FF22BB4BCE
:102640005A70BA4B01229A70B84BFA22DA70B74B23
:1026500000221A7110217B181B68DAB2B34B5A7131
:102660007B181B681B0ADAB2B04B9A717B181B6887
:102670001B0CDAB2AD4BDA717B181B681B0EDAB299
:10268000AA4B1A72FB1D1B7809222E211800F8F79D
:10269000CFFC00F0A4FB1023FB181800FFF788FA0A
:1026A000031E02D0FF2300F0A3FB9D4B1B78FA1DF5
:1026B00012789A4203D0FB1D1B78002B1FD11021EA
:1026C0007B181B68DAB2984B1A707B181B681B0AC0
:1026D000DAB2954B5A707B181B681B0CDAB2924B1E
:1026E0009A707B181B681B0EDAB28F4BDA708E491A
:1026F000BB1D18780A23042204F0A6FD6FE38B4B60
:1027000007221A701723FB181B78002B01D1002217
:1027100000E0FF22854B5A70844B01229A70834B54
:10272000FB22DA70814B00221A7110217B181B6882
:10273000DAB27E4B5A717B181B681B0ADAB27B4BEC
:102740009A717B181B681B0CDAB2784BDA717B1814
:102750001B681B0EDAB2754B1A72FB1D1B7809221F
:102760002E211800F8F764FC39E31023FB18180039
:10277000FFF770FA031E01D0FF2339E3684B1B7883
:10278000FA1D12789A4203D0FB1D1B78002B1FD133
:1027900010217B181B68DAB2634B1A707B181B6818
:1027A0001B0ADAB2604B5A707B181B681B0CDAB23A
:1027B0005D4B9A707B181B681B0EDAB25A4BDA70AD
:1027C0005949BB1D18780A23042204F03DFD06E395
:1027D000564B07221A701723FB181B78002B01D1C8
:1027E000002200E0FF22514B5A70504B01229A7098
:1027F0004E4BFC22DA704D4B00221A7110217B18CF
:102800001B68DAB2494B5A717B181B681B0ADAB293
:10281000464B9A717B181B681B0CDAB2434BDA717A
:102820007B181B681B0EDAB2404B1A72FB1D1B781B
:1028300009222E211800F8F7FBFBD0E21023FB1829
:102840001800FFF753FA031E01D0FF23D0E2344BE8
:102850001B78FA1D12789A4203D0FB1D1B78002BBF
:102860001FD110217B181B68DAB22F4B1A707B180E
:102870001B681B0ADAB22C4B5A707B181B681B0CA6
:10288000DAB2294B9A707B181B681B0EDAB2264B02
:10289000DA702549BB1D18780A23042204F0D4FC01
:1028A0009DE2224B07221A701723FB181B78002B7E
:1028B00001D1002200E0FF221C4B5A701B4B012269
:1028C0009A701A4BFD22DA70184B00221A711021EF
:1028D0007B181B68DAB2154B5A717B181B681B0AF0
:1028E000DAB2124B9A717B181B681B0CDAB20F4BD1
:1028F000DA717B181B681B0EDAB20C4B1A72FB1DC7
:102900001B7809222E211800F8F792FB67E21023AA
:10291000FB181800FFF72CFA031E09D0FF2367E20B
:10292000FC1A0020A0ED02081C300020D00B002073
:10293000D74B1B78FA1D12789A4203D0FB1D1B78E7
:10294000002B1FD110217B181B68DAB2D14B1A70F3
:102950007B181B681B0ADAB2CE4B5A707B181B68B7
:102960001B0CDAB2CB4B9A707B181B681B0EDAB2C9
:10297000C84BDA70C749BB1D18780A23042204F03B
:1029800063FC2CE2C44B07221A701723FB181B7838
:10299000002B01D1002200E0FF22BF4B5A70BE4B3A
:1029A00001229A70BC4BFE22DA70BB4B00221A71D6
:1029B00010217B181B68DAB2B74B5A717B181B6861
:1029C0001B0ADAB2B44B9A717B181B681B0CDAB283
:1029D000B14BDA717B181B681B0EDAB2AE4B1A7260
:1029E000FB1D1B7809222E211800F8F721FBF6E1C8
:1029F0000B23FB181800FFF7F7F9031E01D0FF2384
:102A0000F6E1A34B1B78FA1D12789A4203D0FB1D06
:102A10001B78002B0CD10B23FB181A789D4B1A70D6
:102A20009C49BB1D18780A23012204F00DFCD6E155
:102A3000994B01221A701723FB181B78002B01D128
:102A4000002200E0FF22944B5A70934B01229A70AF
:102A5000914BFF22DA70904B00221A710B23FB1866
:102A60001A788D4B5A71FB1D1B7806222E211800F7
:102A7000F8F7DEFAB3E10F23FB181800FFF7E1F9CE
:102A8000031E01D0FF23B3E1814B1B78FA1D12789E
:102A90009A4203D0FB1D1B78002B0CD10F23FB188F
:102AA0001A787C4B1A707B49BB1D18780A230122C7
:102AB00004F0CAFB93E1784B01221A701723FB182C
:102AC0001B78002B01D1002200E0FF22724B5A70CC
:102AD000714B01229A70704B0022DA706E4B01220A
:102AE0001A710F23FB181A786B4B5A71FB1D1B7858
:102AF00006222E211800F8F79BFA70E10C23FB1830
:102B00001800FFF7CBF9031E01D0FF2370E1604BE3
:102B10001B78FA1D12789A4203D0FB1D1B78002BFC
:102B200014D10C217B181B88DAB25A4B1A707B180F
:102B30001B881B0A9BB2DAB2564B5A705549BB1D13
:102B400018780A23022204F07FFB48E1524B03224B
:102B50001A701723FB181B78002B01D1002200E00C
:102B6000FF224D4B5A704C4B01229A704A4B012266
:102B7000DA70494B01221A710C217B181B88DAB2DA
:102B8000454B5A717B181B881B0A9BB2DAB2424B29
:102B90009A71FB1D1B7807222E211800F8F748FABE
:102BA0001DE10A23FB181800FFF79AFA031E01D053
:102BB000FF231DE1364B1B78FA1D12789A4203D091
:102BC000FB1D1B78002B0CD10A23FB181A78314B04
:102BD0001A703049BB1D18780A23012204F034FB17
:102BE000FDE02D4B08221A701723FB181B78002BD1
:102BF00001D1002200E0FF22274B5A70264B012210
:102C00009A70254B0222DA70234B01221A710A2393
:102C1000FB181A78204B5A71FB1D1B7806222E21B7
:102C20001800F8F705FADAE01023FB181800FFF790
:102C300061F9031E01D0FF23DAE0154B1B78FA1D62
:102C400012789A4203D0FB1D1B78002B26D110214D
:102C50007B181B68DAB20F4B1A707B181B681B0AB3
:102C6000DAB20C4B5A707B181B681B0CDAB2094B9A
:102C70009A707B181B681B0EDAB2064BDA70054996
:102C8000BB1D18780A23042204F0DEFAA7E0C04630
:102C9000FC1A00201C300020D00B0020564B0722CD
:102CA0001A701723FB181B78002B01D1002200E0BB
:102CB000FF22514B5A70504B01229A704E4B032207
:102CC000DA704D4B01221A7110217B181B68DAB2A1
:102CD000494B5A717B181B681B0ADAB2464B9A7132
:102CE0007B181B681B0CDAB2434BDA717B181B682C
:102CF0001B0EDAB2404B1A72FB1D1B7809222E21E3
:102D00001800F8F795F96AE01023FB181800FFF790
:102D100043F9031E01D0FF236AE0384B1B78FA1DEC
:102D200012789A4203D0FB1D1B78002B1FD1102173
:102D30007B181B68DAB2324B1A707B181B681B0AAF
:102D4000DAB22F4B5A707B181B681B0CDAB22C4B73
:102D50009A707B181B681B0EDAB2294BDA7028496F
:102D6000BB1D18780A23042204F06EFA37E0224BC8
:102D700007221A701723FB181B78002B01D10022A1
:102D800000E0FF221C4B5A701B4B01229A701A4B19
:102D90000422DA70184B01221A7110217B181B686B
:102DA000DAB2154B5A717B181B681B0ADAB2124B48
:102DB0009A717B181B681B0CDAB20F4BDA717B1807
:102DC0001B681B0EDAB20C4B1A72FB1D1B78092212
:102DD0002E211800F8F72CF901E0082308E0084B31
:102DE0000C220021180014F0A0F91723FB181B78FF
:102DF0001800BD4607B090BDD00B0020FC1A002083
:102E00001C300020B0B58CB002AFF860B9607A60B9
:102E10001B23FB1800221A7000237B62F968B86834
:102E2000EDF798F903007B617B69632B01D80823D8
:102E300093E02323FB1800221A7021E0494B1B78F2
:102E40005A1E23243B191978474813005B009B182E
:102E50009B01C3185B5C0D2B0CD1424B1B785A1E97
:102E60003B191978404813005B009B189B01C3185D
:102E700000225A5423217B181A787B1801321A70C9
:102E80002323FB181B78BF2BD8D9384B1B78012B79
:102E900016D1364B00221A70324B1C78344B1D6809
:102EA000334B1B681800EDF739F903009AB20A2377
:102EB0002900200004F0C8F91B23FB181B784CE004
:102EC0007A69BB689A4201D97B69BB607969B86845
:102ED000EDF740F90300FB61264B00221A7022E057
:102EE00008F0B2F903007B627A6A7B686421100003
:102EF00098471C4B1C787B6A1800EDF70FF903000C
:102F00009AB2FA235800796A01235B4200930300C6
:102F1000200004F043F9FA687B6911001800FFF7FC
:102F200091FA031E08D1FB695A1EFA61002BD7DC07
:102F3000BB680133D4D000E0C04699239A007B6A75
:102F40000021180014F0F1F80B4A7B6A11001800F8
:102F500014F06CF81B23FB181B781800BD460AB050
:102F6000B0BDC046A00A0020201E0020ED2F00208A
:102F700028020020E82F0020CCED020890B587B091
:102F800002AF0400080011003B60FB1D221C1A70F8
:102F9000BB1D021C1A707B1D0A1C1A700F23FB1824
:102FA00000221A700023BB602D4B1B68002B05D03C
:102FB0003B6A002B02D03B68002B01D1FF234BE082
:102FC000284B01221A70284BFA1D12781A70274BD1
:102FD000BA1D12781A70264B7A1D12781A70254B7A
:102FE0003A681A603968386AEDF7B4F80300BB60D4
:102FF0001B4B1B6818000BF067FA031E0CD0184B14
:103000001868642300930023002203210AF0AEFF16
:10301000031E01D1FF231FE0114B1C6809F004FEC1
:103020000200642300930023012120000AF09EFF88
:10303000031E01D1FF230FE0094B1868BA6864230F
:103040000093002304210AF091FF031E01D1FF2306
:1030500002E00F23FB181B781800BD4605B090BD99
:10306000E02F0020EB2F0020E92F0020EA2F002086
:10307000B82F0020F42F002080B584B000AFF86096
:103080007A603B600B203B180A1C1A703B181B78B7
:103090000A2B5CD89A00304BD3181B689F462F4BE5
:1030A0003A687968F868FEF753FA030050E02C4B51
:1030B0003A687968F868FEF74BFA030048E0294B54
:1030C0003A687968F868FEF743FA030040E0264B57
:1030D0003A687968F868FEF73BFA030038E0234B5A
:1030E0003A687968F868FEF733FA030030E0204B5D
:1030F0003A687968F868FEF72BFA030028E01D4B60
:103100003A687968F868FEF723FA030020E01A4B62
:103110003A687968F868FEF71BFA030018E0174B65
:103120003A687968F868FEF713FA030010E0144B68
:103130003A687968F868FEF70BFA030008E0114B6B
:103140003A687968F868FEF703FA030000E008239C
:103150001800BD4604B080BDD0ED0208C9130108B7
:10316000E913010809140108291401084914010888
:103170006914010893140108BD140108E71401083B
:10318000111501083115010880B592B000AFF86043
:10319000B9607A60864B7B64864B3B64864BFB63ED
:1031A000864BBB63864B7B63864B3B63864BFB62E4
:1031B000864BBB62864B7B62864B3B62864BFB61D8
:1031C0000023BB6100237B61FB6800221A7014237B
:1031D000FA187B680121180008F03EF80300BB6173
:1031E000BB69002B07D17D4AB968FB68180013F052
:1031F000E9FE0023D7E07B6C1800ECF78FFF02009C
:10320000796CBB69180013F0B3FF031E06D1744B31
:103210001B7800211800FEF79DFFC3E03B6C1800EF
:10322000ECF77CFF0200396CBB69180013F0A0FFBB
:10323000031E06D16A4B1B7801211800FEF78AFF96
:10324000B0E0FB6B1800ECF769FF0200F96BBB699B
:10325000180013F08DFF031E06D1614B1B7802216D
:103260001800FEF777FF9DE0BB6B1800ECF756FFE8
:103270000200B96BBB69180013F07AFF031E06D178
:10328000574B1B7803211800FEF764FF8AE07B6B25
:103290001800ECF743FF0200796BBB69180013F0CC
:1032A00067FF031E06D14E4B1B7804211800FEF762
:1032B00051FF77E03B6B1800ECF730FF0200396BF1
:1032C000BB69180013F054FF031E06D1444B1B7852
:1032D00006211800FEF73EFF64E0FB6A1800ECF7D9
:1032E0001DFF0200F96ABB69180013F041FF031EBD
:1032F00006D13B4B1B7807211800FEF72BFF51E04E
:10330000BB6A1800ECF70AFF0200B96ABB69180033
:1033100013F02EFF031E06D1314B1B780521180038
:10332000FEF718FF3EE07B6A1800ECF7F7FE02009C
:10333000796ABB69180013F01BFF031E06D1284BE6
:103340001B7808211800FEF705FF2BE03B6A1800E8
:10335000ECF7E4FE0200396ABB69180013F008FFBD
:10336000031E06D11E4B1B7809211800FEF7F2FE42
:1033700018E0FB691800ECF7D1FE0200F969BB699F
:10338000180013F0F5FE031E06D1154B1B780A2119
:103390001800FEF7DFFE05E0104AB968FB68180068
:1033A00013F010FE00231800BD4612B080BDC046C9
:1033B000FCED020804EE02080CEE020810EE020812
:1033C00018EE02081CEE020820EE02089CE9020832
:1033D00028EE020838EE020848EE020854EE020811
:1033E000A00A002080B58CB000AFF860B9607A60A8
:1033F0003B600023FB620023BB620023FB610023D0
:10340000BB6100237B6200233B6200237B610023BE
:103410003B617A68FB680121180007F01DFF02007C
:10342000BB681A601C23FA18FB680221180007F019
:1034300013FF0300FB621823FA18FB68032118002E
:1034400007F00AFF0300BB62BB681B68002B05D0B6
:10345000FB6A002B02D0BB6A002B01D1002348E09D
:10346000FB6A180012F02DFA03001A00BB6B1A60F9
:10347000BB6A180012F025FA03001A00FB6B1A60F1
:103480003B6801221A701423FA18FB680421180003
:1034900007F0E2FE03007B621023FA18FB680521A7
:1034A000180007F0D9FE03003B623B6A002B04D1F1
:1034B0007B6A002B01D101231BE03B6A002B02D069
:1034C0007B6A002B01D1002313E07B6A180012F005
:1034D000F8F90300DAB23B6C1A703B6A180012F07C
:1034E000F0F90300DAB27B6C1A703B6800221A70A4
:1034F00001231800BD460CB080BD0000F0B599B0A6
:1035000004AFF860B9607A60D64BFB64D64BBB64FD
:10351000D64B7B64D64B3B64D64BFB63D64BBB632D
:10352000D64B7B63D64B3B63D64BFB62D64BBB6221
:10353000D64B7B6200233B620023FB611B257B197A
:1035400000221A701A26BB1900221A7019217B1842
:1035500001221A7000237B6100233B61FB6800227B
:103560001A707C181023FA181423F9187868BB19FC
:1035700003937B1902931C23FB1801932023FB1850
:1035800000932300FFF72EFF03001A00012353408E
:10359000DBB2002B07D0BE4AB968FB68180013F0F5
:1035A00011FD0023E3E17C69FB6C1800ECF7B6FD2C
:1035B0000200FB6C1900200013F0DAFD031E19D184
:1035C0001923FB181B78002B06D03B6AF969B14A16
:1035D0001800FFF717FCC3E11A23FB1818781B2308
:1035E000FB1819783A6AFB69009313000022FFF771
:1035F000C5FCB5E17C69BB6C1800ECF78FFD0200DF
:10360000BB6C1900200013F0B3FD031E19D1192360
:10361000FB181B78002B06D03B6AF9699E4A1800FC
:10362000FFF7F0FB9CE11A23FB1818781B23FB180B
:1036300019783A6AFB69009313000122FFF79EFC98
:103640008EE17C697B6C1800ECF768FD02007B6CF6
:103650001900200013F08CFD031E19D11923FB184B
:103660001B78002B06D03B6AF9698C4A1800FFF7DB
:10367000C9FB75E11A23FB1818781B23FB1819786E
:103680003A6AFB69009313000222FFF777FC67E1B7
:103690007C693B6C1800ECF741FD02003B6C1900A3
:1036A000200013F065FD031E19D11923FB181B78A8
:1036B000002B06D03B6AF969794A1800FFF7A2FB94
:1036C0004EE11A23FB1818781B23FB1819783A6A65
:1036D000FB69009313000322FFF750FC40E17C6973
:1036E000FB6B1800ECF71AFD0200FB6B19002000C1
:1036F00013F03EFD031E19D11923FB181B78002B74
:1037000006D03B6AF969674A1800FFF77BFB27E19F
:103710001A23FB1818781B23FB1819783A6AFB69DF
:10372000009313000422FFF729FC19E17C69BB6BAD
:103730001800ECF7F3FC0200BB6B1900200013F03B
:1037400017FD031E19D11923FB181B78002B06D077
:103750003B6AF969544A1800FFF754FB00E11A2349
:10376000FB1818781B23FB1819783A6AFB69009339
:1037700013000622FFF702FCF2E07C693B6B1800A5
:10378000ECF7CCFC02003B6B1900200013F0F0FCBE
:10379000031E19D11923FB181B78002B06D03B6A96
:1037A000F969424A1800FFF72DFBD9E01A23FB18EC
:1037B00018781B23FB1819783A6AFB6900931300E9
:1037C0000522FFF7DBFBCBE07C697B6B1800ECF795
:1037D000A5FC02007B6B1900200013F0C9FC031E3E
:1037E00019D11923FB181B78002B06D03B6AF96905
:1037F0002F4A1800FFF706FBB2E01A23FB181878CF
:103800001B23FB1819783A6AFB69009313000722FF
:10381000FFF7B4FBA4E07C69FB6A1800ECF77EFCC0
:103820000200FB6A1900200013F0A2FC031E43D122
:103830001923FB181B78002B06D03B6AF9691D4A37
:103840001800FFF7DFFA8BE01A23FB1818781B2308
:10385000FB1819783A6AFB69009313000822FFF7F6
:103860008DFB7DE0FCED020804EE02080CEE020880
:1038700010EE020818EE02081CEE020820EE020804
:103880009CE9020828EE020838EE020848EE020819
:1038900054EE0208411101087D110108B911010817
:1038A000F5110108311201086D120108CD1201084D
:1038B0009D120108FD1201087C697B6A1800ECF773
:1038C0002DFC02007B6A1900200013F051FC031E3E
:1038D00019D11923FB181B78002B06D03B6AF96914
:1038E000254A1800FFF78EFA3AE01A23FB181878D9
:1038F0001B23FB1819783A6AFB69009313000A220C
:10390000FFF73CFB2CE07C69BB6A1800ECF706FC77
:103910000200BB6A1900200013F02AFC031E19D113
:103920001923FB181B78002B06D03B6AF969134A50
:103930001800FFF767FA13E01A23FB1818781B2307
:10394000FB1819783A6AFB69009313000922FFF704
:1039500015FB05E00A4AB968FB68180013F032FB52
:10396000084AB968FB68180013F02CFB0023180004
:10397000BD4615B0F0BDC046511301088D130108B6
:1039800054EE0208CCED020890B589B000AFF860A3
:10399000B9607A601F243B1900221A7000237B61F2
:1039A0001423FA187B680121180007F055FC030066
:1039B000BB611B49BB690322180013F0D9FB031E2E
:1039C0000CD13C19FEF730FB03002370154AB9688F
:1039D000FB68180013F0F6FA00231CE01249BB69DB
:1039E0000422180013F0C4FB031E0DD11F23FC1882
:1039F000FEF74AFB030023700C4AB968FB68180005
:103A000013F0E0FA002306E0094AB968FB681800E1
:103A100013F0D8FA00231800BD4609B090BDC04687
:103A200068EE02086CEE020888EE020890EE0208CA
:103A3000ACEE020890B589B000AFF860B9607A606A
:103A40001F243B1900221A7000237B611423FA18EB
:103A50007B680121180007F0FFFB0300BB611B49D5
:103A6000BB690322180013F083FB031E0CD13C1921
:103A7000FEF7F2FA03002370154AB968FB681800D4
:103A800013F0A0FA00231CE01249BB6904221800BD
:103A900013F06EFB031E0DD11F23FC18FEF70AFB6B
:103AA000030023700C4AB968FB68180013F08AFA07
:103AB000002306E0094AB968FB68180013F082FA8F
:103AC00000231800BD4609B090BDC04668EE02084C
:103AD000C0EE020888EE0208DCEE0208ACEE020836
:103AE00080B500AF00F004F8C046BD4680BD0000C0
:103AF00080B584B000AF3B1D18000C231A000021D4
:103B000013F013FB284B294A1A60274B8022D20559
:103B10005A60254B00229A60234B0022DA60224B28
:103B200000221A61204B04225A611F4B00221A7690
:103B30001D4B00225A761C4B01229A761A4B012209
:103B4000DA61194B00225A62174B00229A62164B17
:103B50002C2200219954144B00221A63124B00228C
:103B60005A63114B00229A630F4B3C220021995457
:103B70000D4B80229205DA640B4B18000AF04EFFC1
:103B80003B1D0B4A1A603B1D00225A603B1D002260
:103B90009A603A1D044B110018000BF011FAC04650
:103BA000BD4604B080BDC0467830002000240140EE
:103BB0000002002480B582B000AF154B1A6C144B84
:103BC00001210A431A64124B1B6C012213407B60D3
:103BD0007B680F4BDA6B0E4B802149050A43DA6391
:103BE0000B4BDA6B80235B0513403B603B68042082
:103BF0000AF048FD0AF06EFD00200AF057FDC023D0
:103C0000DB0018000AF08AFDC046BD4602B080BD48
:103C10000010024090B58BB000AF786014243B19BF
:103C2000180014231A00002113F07FFA7B681B6828
:103C3000174A934228D1174B1A6C164B802149031F
:103C40000A431A64134B1A6C80235B0313403B61D5
:103C50003B69104B5A6B0F4B02210A435A630D4BC1
:103C60005B6B02221340FB60FB683B1903221A6066
:103C70003B1903225A603B1900229A603B19064AFD
:103C8000190010000CF06AFEC046BD460BB090BD96
:103C900000240140001002400004005090B587B09D
:103CA00000AF0200FB1D1A700C243B1918000C23F6
:103CB0001A00002113F039FAFB1D1B78082B0ED1D6
:103CC0003B19134A1A603B1900225A603B19002223
:103CD0009A603A190F4B110018000BF071F9FB1D97
:103CE0001B78092B0FD10C217B180B4A1A607B180B
:103CF00000225A607B1800229A607A18054B110046
:103D000018000BF05DF9C046BD4607B090BDC04637
:103D100000010020783000200002002490B587B018
:103D200000AFF8607A603B600B203B180A1C1A70E9
:103D300017243B19FF221A703B181B781800FFF755
:103D4000ADFFFB6818000BF0D1FCFB6818000BF00E
:103D50000DF8031E16D13B1900221A703A68FB6851
:103D6000110018000BF08CF8FB6818000BF01CF920
:103D700002007B681A60FB6818000BF045F83B19DD
:103D80001B7800E0FF231800BD4607B090BD00007F
:103D900080B582B000AF1A4B9A6B194B01210A43D0
:103DA0009A63174B9B6B012213407B607B68144B1B
:103DB0009A6B134B02210A439A63114B9B6B0222AD
:103DC00013403B603B680022002109200BF036FEC7
:103DD00009200BF048FE002200210A200BF02EFEE5
:103DE0000A200BF040FE002200210B200BF026FEE3
:103DF0000B200BF038FEC046BD4602B080BDC04669
:103E00000010024080B582B000AFFB1D00221A7086
:103E1000324B5B78002B0ED1314B1A68314B1100BD
:103E2000180000F069F8031E05D0FB1DFF221A7070
:103E3000FB1D1B784DE0294B9B78002B0ED1284BA6
:103E40005A68294B1100180000F056F8031E05D0DF
:103E5000FB1DFF221A70FB1D1B783AE01F4BDB781D
:103E6000002B0ED11E4B9A68204B1100180000F059
:103E700043F8031E05D0FB1DFF221A70FB1D1B78A3
:103E800027E0164B1B79002B0ED1154BDA68184B27
:103E90001100180000F030F8031E05D0FB1DFF22B2
:103EA0001A70FB1D1B7814E00C4B5B79002B0ED1B4
:103EB0000B4B1A690F4B1100180000F01DF8031E80
:103EC00005D0FB1DFF221A70FB1D1B7801E0FB1DB6
:103ED0001B781800BD4602B080BDC046B00A002065
:103EE0002C310020FC2D0020D42C0020682D002037
:103EF000402C0020242F002090B585B000AF7860C2
:103F000039600F243B1900221A707B681800FDF7F6
:103F100013F803005A1E13005B009B189B010F4A05
:103F200099187B68C022180011F07CFB031E05D095
:103F30003B19FF221A703B191B780AE03B681B688B
:103F40001A683B681B6804218A431A600F23FB1818
:103F50001B781800BD4605B090BDC046201E00204D
:103F6000F0B587B000AFF860B960BB1D1A801725A7
:103F70007B1900221A701626BC19FB681800FCF782
:103F8000DBFF030023701523FC18BB681800FCF747
:103F9000D3FF03002370BB191B785A1E314B9200CC
:103FA000D3583B611523FB181B78002B37D1FB68D6
:103FB0001800FCF7C1FF0300013B2B4A0021D1543C
:103FC000FB681800FCF7B8FF0300013B5A02274BBF
:103FD000D318802292000021180013F0A6F8FB6885
:103FE0001800FCF7A9FF0300013B5A021F4BD11830
:103FF000BB1D1A88FB68180011F014FB031E05D0C6
:104000007B19FF221A707B191B7826E03B691B681D
:104010001A683B691B6804218A431A601AE0BB686E
:104020001B6828331900BB1D1A88FB68180011F0A3
:10403000F9FA031E06D017217B18FF221A707B188D
:104040001B780AE03B691B681A683B691B680421FE
:104050008A431A601723FB181B781800BD4607B067
:10406000F0BDC0462C310020C4290020000C0020E7
:1040700090B587B000AF0200FB1D1A7017243B19E2
:1040800000221A70FB1D1B78180003F03DF9030095
:104090003B61FB1D1B785A1E174B9200D358FB60E7
:1040A0003B6918000FF00EFC031E05D03B19FF22E0
:1040B0001A703B191B781AE0FB681B6800225A60D3
:1040C000FB1D1B780D4AD35C022B0DD1FB1D1B7809
:1040D0005A1E0B4B92000021D150FB1D1B785A1E1B
:1040E000084B92000021D1501723FB181B781800B1
:1040F000BD4607B090BDC0462C310020B00A00205C
:10410000F42100200822002090B585B000AF020005
:10411000FB1D1A700F243B1900221A70FB1D1B781F
:104120001800FFF7A5FF031E05D03B19FF221A70E8
:104130003B191B780DE0FB1D1B78180003F0E4F819
:104140000300BB60BB68180002F092FD0F23FB1850
:104150001B781800BD4605B090BD000090B585B035
:1041600000AF0200FB1D1A700F243B1900221A70C9
:10417000FB1D1B781800FFF77BFF031E05D03B19C2
:10418000FF221A703B191B7840E0FB1D1B781800BA
:1041900003F0BAF80300BB60BB68180002F068FDCA
:1041A000FB1D1B785A1E1B4B9200D3589B6A1800AC
:1041B000FCF7C2FE03001A00174B00219954FB1DA7
:1041C0001B785A1E154B92000021D150FB1D1B7805
:1041D000013B134A0021D154FB1D1B78180003F04A
:1041E00093F8FB1D1B785A1E0A4B9200D3581900F6
:1041F000FFF782FE031E06D00F217B18FF221A70E4
:104200007B181B7802E00F23FB181B781800BD46B3
:1042100005B090BD2C310020B00A0020E021002024
:10422000C429002080B500AF0D4B0E4A1A600C4B1C
:104230001022DA600A4B00225A71094B00221A71CF
:10424000074B00225A61064B00229A61044B03225D
:104250001A62034B18000BF023FCC046BD4680BD1C
:10426000443100200030024080B584B000AF786057
:10427000084B9A6B074B802149010A439A63054B0F
:104280009A6B80235B011340FB60FB68C046BD4610
:1042900004B080BD0010024080B586B000AF7860E9
:1042A0000A00BB1C1A800823FB1800221A607B68D6
:1042B000002B00D192E0BB1C1B88002B00D18DE0AD
:1042C000BB1C1B88032B33D81623FB1800221A7043
:1042D00000233B611BE01622BB181B78BA18591C3F
:1042E00011701A007B689B1819780823FA183B692B
:1042F000D3180A1C1A70BB1CBA1C1288013A1A8007
:10430000BB1C1B88002B06D03B6901333B613B691A
:10431000032BE0DD00E0C0460823F918324B0122F0
:1043200018000BF06AFC02001723FB181A7051E00A
:10433000BB1C1B889B089BB21A0079682A4B18008B
:104340000BF05BFC02001723FB181A70BB1C1B88C8
:10435000032213409BB2002B3CD0BB1C1B88DAB25B
:104360001623FB1803218A431A70BB1CBA1C12883F
:1043700003210A401A800023FB601BE01622BB18B1
:104380001B78BA18591C11701A007B689B18197891
:104390000823FA18FB68D3180A1C1A70BB1CBA1C35
:1043A0001288013A1A80BB1C1B88002B06D0FB68C0
:1043B0000133FB60FB68032BE0DD00E0C04608230F
:1043C000F918094B012218000BF0D0FB020017234B
:1043D000FB181A701723FB181B7800E00023180045
:1043E000BD4606B080BDC0464431002080B500AF58
:1043F000BFF34F8FC046044B044ADA60BFF34F8FC0
:10440000C046C046FDE7C04600ED00E00400FA05E6
:1044100090B583B000AFFB1D00221A703B1D002237
:104420001A800CF037F93C1D002003F0B1F90300AD
:1044300023803B1D1B88022B07D03B1D1B880A2BAA
:1044400003D03B1D1B880C2B05D100F066F80CF047
:1044500045F9FFF7CBFF0CF041F9FB1D1B78180065
:10446000BD4603B090BD90B585B000AF0200396085
:10447000BB1D1A800F243B1900221A703A68BB1D1D
:104480001B881100180004F011FF031E05D03B1912
:104490000A221A703B191B7802E00F23FB181B78C5
:1044A0001800BD4605B090BDB0B584B000AF0200A5
:1044B000BB1D1A803B1D0A1C1A800F23FB1800220B
:1044C0001A700C257B1900221A800CF0E3F87C1975
:1044D0003B1D1A88BB1D1B881100180004F016FF35
:1044E000030023807B191A8880235B009A4202D143
:1044F00004F030FF08E00C23FB181B88002B03D0CE
:104500000CF0ECF80A2304E00CF0E8F80F23FB1899
:104510001B781800BD4604B0B0BD80B582B000AFB6
:10452000FB1D00221A700CF0B5F8002004F06AFDA3
:10453000031E07D00CF0D2F8FB1D0A221A70FB1DD7
:104540001B7803E00CF0CAF8FB1D1B781800BD4671
:1045500002B080BD80B500AF074B1B68074A93428D
:1045600006D0FFF7DAFF031E02D1034B034A1A609D
:10457000C046BD4680BDC046F07F0020ADDEEFBE28
:1045800080B586B000AF214B5A6B204B04210A4303
:104590005A631E4B5B6B042213407B617B691B4B90
:1045A0005A6B1A4B01210A435A63184B5B6B012269
:1045B00013403B613B69154B5A6B144B08210A436E
:1045C0005A63124B5B6B08221340FB60FB680F4B76
:1045D0005A6B0E4B02210A435A630C4B5B6B02224F
:1045E0001340BB60BB68094B5A6B084B20210A4340
:1045F0005A63064B5B6B202213407B607B6800F0A4
:1046000007F8C046BD4606B080BDC0460010024057
:1046100080B586B000AF3B1D802212021A603B1DA0
:1046200001225A603B1D00229A603B1D0222DA6083
:104630003B1D044A190010000CF090F9C046BD461D
:1046400006B080BD0004005090B589B000AF0C24C6
:104650003B19180014231A00002112F066FD3B4B91
:104660005A6B3A4B01210A435A63384B5B6B012268
:104670001340BB60BB68354B5A6B344B02210A4375
:104680005A63324B5B6B022213407B607B682F4B7B
:104690005A6B2E4B08210A435A632C4B5B6B082242
:1046A00013403B603B6880235900A023DB050022B8
:1046B00018000CF0DCFAA023DB0501221021180001
:1046C0000CF0D5FA2249234B002218000CF0CFFA47
:1046D0003B19802252001A603B1901225A603B1993
:1046E00000229A603B190022DA603A19A023DB0508
:1046F000110018000CF032F93B1910221A603B1916
:1047000001225A603B1900229A603B190222DA60AA
:104710003A19A023DB05110018000CF01FF9210045
:104720007B180B4A1A607B1801225A607B18002202
:104730009A607B180222DA607B18064A1900100082
:104740000CF00CF9C046BD4609B090BD0010024007
:104750000410000000040050F0B593B002AF534BBA
:104760005A6B524B01210A435A63504B5B6B012237
:1047700013403B613B694D4B5A6B4C4B02210A4342
:104780005A634A4B5B6B02221340FB60FB68474B4A
:104790005A6B464B04210A435A63444B5B6B042219
:1047A0001340BB60BB68414B5A6B404B08210A4326
:1047B0005A633E4B5B6B082213407B607B6824236B
:1047C000F8181A257A192823F9181823FB180093CA
:1047D0000300012000F06EF81C23F8181623FA18C5
:1047E0002023F9181426BB1900930300052000F0BC
:1047F00061F82C217B1801225A607B1800229A60F4
:104800007B191B881A007B181A60BB6A1A000C00FF
:104810007B18190010000CF0A1F821007B18002271
:104820005A607B1802229A60BB191B881A007B18F9
:104830001A60FB691A007B18190010000CF08EF842
:10484000BB6A18007B191B88002219000CF00FFAB4
:10485000052002F0CFF8FB691A00BB191B8819006C
:1048600010000CF0E7F9031E17D1BB6A18007B1982
:104870001B88012219000CF0FAF9052002F0BAF8A1
:10488000FB691A00BB191B88190010000CF0D2F943
:104890000300012B01D1012304E0054B0122524208
:1048A0001A6000231800BD4611B0F0BD0010024090
:1048B000F07F002080B586B000AFB9607A603B60C1
:1048C0000F217B18021C1A701723FB1800221A7084
:1048D0007B181B78180002F017FD03003B613A6952
:1048E000354B9A4210D1BB68A022D2051A607B6872
:1048F000802292001A803B68A022D2051A603B6A8F
:104900008022D2001A804FE03A692C4B9A420ED195
:10491000BB68A022D2051A607B6804221A803B681B
:10492000A022D2051A603B6A08221A803CE03A694C
:10493000234B9A420ED1BB68224A1A607B688022C0
:10494000D2001A803B681F4A1A603B6A802212011B
:104950001A8029E03A691C4B9A420ED1BB68A0220A
:10496000D2051A607B6801221A803B68A022D2051A
:104970001A603B6A02221A8016E03A69134B9A4287
:104980000ED1BB680F4A1A607B68802252001A80E1
:104990003B680C4A1A603B6A802292001A8003E04E
:1049A0001723FB18FF221A701723FB181B78180017
:1049B000BD4606B080BDC046402C0020D42C00204F
:1049C000682D002000040050FC2D0020242F002022
:1049D00080B500AF00F004F8C046BD4680BD0000C1
:1049E00080B500AF154B164A1A60144B154A5A6031
:1049F000124B00229A60114B0122DA600F4B002209
:104A00001A610E4B00225A610C4B00229A610B4B2B
:104A10000022DA61094B00221A62084B18000CF0E0
:104A20005FF9064B002118000CF00EFF034B00212C
:104A300018000CF055FFC046BD4680BDB8310020BF
:104A400000580040B57DB110B0B59CB000AF7860A3
:104A50005C243B19180014231A00002112F065FB96
:104A600010257B1918004C231A00002112F05DFB61
:104A70007B681B68204A93423AD17B1940221A6016
:104A80007B190022DA617B1918000DF05FFD1B4BCA
:104A90005A6B1A4B01210A435A63184B5B6B012274
:104AA0001340FB60FB6821007B18C0221A607B1852
:104AB00012225A607B1800229A607B180322DA6067
:104AC0007B1808221A617A18A023DB051100180050
:104AD0000BF044FF094BDA6B084B8021C9030A43F2
:104AE000DA63064BDA6B8023DB031340BB60BB68E1
:104AF000C046BD461CB0B0BD00580040001002408A
:104B0000F0B589B002AFF86008007A6019000A2594
:104B10007B19021C1A8008243B190A1C1A801726CC
:104B2000BB19FF221A70FB68002B17D07B68002B83
:104B300014D006F00DFE3B191C887A687B19198881
:104B4000F8680A23009323000CF070F9031E02D1C9
:104B5000BB1900221A7006F00DFE03E01723FB18A4
:104B6000FF221A701723FB181B781800BD4607B0E8
:104B7000F0BDB0B588B002AFF86008007A601900E7
:104B80000A257B19021C1A8008243B190A1C1A806A
:104B9000FB68002B18D07B68002B15D006F0D8FDE1
:104BA0003B191C887A687B191988F8680A230093D6
:104BB00023000CF065FA031E03D11723FB18002213
:104BC0001A7006F0D7FD03E01723FB18FF221A70B6
:104BD0001723FB181B781800BD4606B0B0BD0000B7
:104BE00080B582B000AF78600A00FB1C1A707B6849
:104BF0001B68174A934205D1FB1C1B78002B01D17F
:104C0000144B20E07B681B68114A934205D1FB1CC2
:104C10001B78012B01D1104B15E07B681B680F4AF4
:104C2000934205D1FB1C1B78002B01D10C4B0AE0F1
:104C30007B681B68094A934205D1FB1C1B78012B3A
:104C400001D1084BFFE71800BD4602B080BDC04649
:104C500000440040040000080800000C0048004028
:104C60000008002C0080003C80B582B000AF02003C
:104C7000FB1D1A70BB1D0A1C1A70FB1D1B78032B31
:104C800007D1BB1D1B78002B03D1164B00221A70D5
:104C900022E0FB1D1B78032B07D1BB1D1B78012BCA
:104CA00003D1104B01221A7016E0FB1D1B78022B5A
:104CB00007D1BB1D1B78002B03D10A4B02221A70AF
:104CC0000AE0FB1D1B78022B06D1BB1D1B78012BB4
:104CD00002D1044B03221A70024B1B781800BD4608
:104CE00002B080BDAF32002090B587B002AF0F2375
:104CF000FB1800221A700E23FB1800221A700D23D5
:104D0000FB1801221A705AE20D203B181A78C0498C
:104D100013005B009B18CB1801331B78002B00D1CC
:104D200047E2BC4B1B7801225340DBB2002B07D07B
:104D30003B181A78B64913005B009B1800225A549E
:104D40003C1DBA1C0823F9180D23FB1818783B00EA
:104D500000932300FFF7AEFDBB681800BB1C1B8847
:104D6000002219000BF083FF0A2001F01FFE7B6870
:104D70001A003B001B88190010000BF05BFF031E9C
:104D800016D1BB681800BB1C1B88012219000BF050
:104D90006EFF0A2001F00AFE7B681A003B001B88A8
:104DA0000F217C18190010000BF044FF0300237042
:104DB000BB681800BB1C1B88002219000BF057FFB2
:104DC0000D23FB181A78924913005B009B18CB182F
:104DD00001331B78012B02D0022B14D02AE00F23C1
:104DE000FB181B78012B04D10E23FB1804221A7028
:104DF0001DE00F23FB181B78002B18D10E23FB1886
:104E000003221A7013E00F23FB181B78012B04D127
:104E10000E23FB1804221A700BE00F23FB181B78DB
:104E2000002B06D10E23FB1803221A7001E0C046A6
:104E300000E0C0460E22BB181B78042B03D0BB1821
:104E40001B78022B19D10D217B181A78724B920016
:104E5000D358724A934209D87B181B786E4A99003E
:104E60008A58511C6C4A9B00995006E00D23FB1890
:104E70001A78694B92000021D1500E22BB181B7882
:104E8000032B03D0BB181B78012B40D10D217B18BD
:104E90001A78634B9200D358604A934209D87B1822
:104EA0001B785F4A99008A58511C5D4A9B009950B3
:104EB00006E00D23FB181A78594B92000021D150BF
:104EC000584B1B78022B11D10D217B181B78564AA9
:104ED000D25C564B5B799A4208D87B181B78524AB1
:104EE000D25C0132D1B2504AD15410E00D217B186E
:104EF0001B784D4AD25C4D4B5B799A4207D9494B9E
:104F000000221A707B181B78474A0021D1540D21CA
:104F10007B181A78404B9200D358444A1288934227
:104F200000D286E07B181A783B4B9200D3583F4A58
:104F30001288934208D17B181B78374A99008A5807
:104F4000511C354A9B0099500D217B181A78344B1F
:104F50009200D358354A1288934205D97B181A78A3
:104F60002F4B92000021D1500D217B181A782A4B2B
:104F70009200D3582D4A528893422ED97B181A7822
:104F8000254B9200D258FA235B009A4225D2254B3A
:104F90001B78002B03D1234B01221A7048E0214BD0
:104FA0001B78022B44D10D217B181B781E4AD25C42
:104FB0001E4B1B799A423BD97B181B781A4AD25C4C
:104FC0001A4B5B799A4233D2164B03221A707B1824
:104FD0001B78154A0021D1542AE00D217B181A783C
:104FE0000D4B9200D258FA235B009A4221D37B18D2
:104FF0001A78094B9200D358084A934219D8094BA2
:105000001B78002B15D0074B00221A7011E0C04608
:10501000983200205C32002068320020FEFF000041
:10502000803200203C33002060320020001B002032
:10503000C0460D217B181A78664B9200D358664AF9
:10504000128893425DD37B181A78624B9200D35832
:10505000614A1288934211D108007B181A785F497F
:1050600013005B009B1807225A543B181B78594ABF
:1050700099008A58511C574A9B0099500D217B1862
:105080001A78574B9200D358534A1288934205D945
:105090007B181A78524B92000021D1500D217B18B9
:1050A0001A784C4B9200D3584B4A5288934228D9D5
:1050B0007B181A78474B9200D258FA235B009A4229
:1050C0001FD2484B1B78012B0BD17B181A78434910
:1050D00013005B009B1805225A54424B02221A709F
:1050E0000FE0404B1B78032B0BD10D23FB181A78D4
:1050F0003A4913005B009B1806225A54394B002290
:105100001A700D23FB181A78344913005B009B18A2
:105110005B5C072B05D047DC052B09D0062B25D07F
:1051200042E00D23FB181B78180000F079FD40E0E9
:105130002D4B1B7801225340DBB2002B36D00D20C3
:105140003B181A78254913005B009B18CB180233D3
:105150001B781A000123134028D0234B01221A7018
:105160003B181B78180000F065FD1FE01E4B1B78F4
:1051700001225340DBB2002B1AD00D203B181A78C5
:10518000164913005B009B18CB1802331B781A00DA
:10519000022313400CD0144B01221A703B181B78C9
:1051A000180000F051FD03E0C04602E0C04600E0F8
:1051B000C0460D217B181A787B1801321A700D2316
:1051C000FB181B78052B00D89EE5C046C046BD469F
:1051D00005B090BD80320020001B002098320020D6
:1051E000683200203C3300205C320020F0B58FB0E4
:1051F00002AF0200FB1D1A70BB1D0A1C1A702F2380
:10520000FB1800221A702E23FB1800221A708C4BF8
:105210001B78002B0FD0BB1D1A788A4B9200D358F5
:10522000180005F01DFFBB1D1A78874B9200D3585C
:10523000180005F015FFBB1D1B78844A0421D154CA
:105240007F4B1B78002B08D0BB1D1B78180002F089
:105250005BF8030018000EF0A1F91023FC180E25CE
:105260007A191423F918BB1D18780C26BB19009362
:105270002300FFF71FFB7B191B881A0018243B191A
:105280001A603B1901225A603B1900229A603B19AF
:105290000022DA607B691A003B19190010000BF03C
:1052A0005DFBBB191B881A003B191A603B190022D1
:1052B0005A603B1902229A603B691A003B19190097
:1052C00010000BF04BFBBB1D1A78614913005B000B
:1052D0009B18CB180133FA1D12781A70BB1D1B786E
:1052E0003A339BB29B009BB20A243A191100180072
:1052F000FFF7B9F803001A002C217B181A807B18DD
:105300001B88002B57D13B191B881B0A9AB22E21F0
:105310007B181A707B181B781B09DBB2BA1D127838
:105320009A4209D17B181B780F221A40FB1D1B786B
:105330009A4201D100237FE0BB1D1B781B031AB2E8
:10534000FB1D1B781B021BB213431BB29AB20A212E
:105350007B181A80BB1D1B783A339BB29B009AB214
:105360007B181B8819001000FFF79EF8BB1D1B78E7
:105370003A339BB29B009BB201339BB200211800D1
:10538000FFF792F8BB1D1B783A339BB29B009BB290
:1053900002339BB200211800FFF786F8BB1D1B7873
:1053A0003A339BB29B009BB203339BB2002118009F
:1053B000FFF77AF83DE0BB1D1B781B031AB2FB1DFB
:1053C0001B781B021BB213431BB29AB20A217B1833
:1053D0001A80BB1D1B783A339BB29B009AB27B1894
:1053E0001B8819001000FFF75FF8BB1D1B783A33CC
:1053F0009BB29B009BB201339BB200211800FFF7C8
:1054000053F8BB1D1B783A339BB29B009BB202330F
:105410009BB200211800FFF747F8BB1D1B783A33F9
:105420009BB29B009BB203339BB200211800FFF795
:105430003BF82F23FB181B781800BD460DB0F0BDBC
:10544000A30A0020A0220020BC220020B00A0020D5
:105450009832002080B586B000AF0200FB1D1A70A4
:105460001723FB1800221A70FB1D1A7855491300E8
:105470005B009B18CB18013300221A70FB1D1A78B1
:10548000504913005B009B1800225A54FB1D1A78E8
:105490004C4913005B009B18CB18023300221A7092
:1054A000FB1D1B783A339BB29B009BB20E22BA18AD
:1054B00011001800FEF7D7FF03001A0014217B1813
:1054C0001A807B181B88002B2DD1FB1D1B783A33CB
:1054D0009BB29B009BB200211800FEF7E5FFFB1D6D
:1054E0001B783A339BB29B009BB201339BB20021E5
:1054F0001800FEF7D9FFFB1D1B783A339BB29B00C7
:105500009BB202339BB200211800FEF7CDFFFB1DBA
:105510001B783A339BB29B009BB203339BB20021B2
:105520001800FEF7C1FFFB1D1B78180001F0ECFE10
:1055300003003B613B691B68234A934202D101F09F
:105540007DFA28E03B691B68204A934202D101F0B2
:10555000B3FA20E03B691B681D4A934202D101F077
:10556000E9FA18E03B691B681A4A934202D101F03C
:105570001FFB10E03B691B68174A93420BD03B6945
:105580001B68164A934202D101F042FB03E0172345
:10559000FB18FF221A70FB1D1B78114A0021D15401
:1055A000FB1D1B785A1E0F4B9200D2583B6911000D
:1055B0001800FEF7A1FC1723FB181B781800BD4646
:1055C00006B080BD98320020003801400044004001
:1055D00000480040004C004000500040003C0140AA
:1055E000B00A00202C310020B0B584B000AF040018
:1055F00008001100FB1D221C1A70BB1D021C1A7032
:105600007B1D0A1C1A700F23FB1800221A70FB1D49
:105610001A78624913005B009B18CB1801331B7882
:10562000002B01D10B23B4E07B1D1B78012B07D08D
:105630007B1D1B78002B19D1BB1D1B78052B15D1A9
:10564000FB1D1A78554913005B009B18CB180233D9
:105650001B78FA1D127801210B43D8B24F49130071
:105660005B009B18CB180233021C1A707B1D1B7841
:10567000012B07D07B1D1B78002B19D1BB1D1B787C
:10568000062B15D1FB1D1A78444913005B009B18AB
:10569000CB1802331B78FA1D127802210B43D8B2C3
:1056A0003E4913005B009B18CB180233021C1A7092
:1056B0007B1D1B78012B07D07B1D1B78002B19D17C
:1056C000BB1D1B78072B15D1FB1D1A78334913001E
:1056D0005B009B18CB1802331B78FA1D127803214C
:1056E0000B43D8B22D4913005B009B18CB18023333
:1056F000021C1A70FB1D1B783A339BB29B009BB2B5
:1057000008243A1911001800FEF7ADFE03001A0034
:105710000C217B181A807B181B88002B34D13B1975
:105720001B881B0A9AB20B257B191A703B191B8820
:10573000D9B2FB1D1A78194813005B009B18C318D7
:1057400002331B78994221D07B191B781B0219B2B6
:10575000FB1D1A78114813005B009B18C318023315
:105760001B781BB20B431BB29AB23B191A80FB1D6C
:105770001B783A339BB29B009AB23B191B881900E5
:105780001000FEF791FE01E00B2302E00F23FB184F
:105790001B781800BD4604B0B0BDC046983200204A
:1057A00080B584B000AF0200FB1D1A700F23FB18F8
:1057B00000221A70FB1D1B78022B03D0FB1D1B78E7
:1057C000032B22D1FB1D1B78022B03D1164B012288
:1057D0001A7002E0144B01225A70FB1D1B7818004E
:1057E00001F092FD030018000DF0D8FEFB1D1B78A0
:1057F0000E4A0621D1540E4B1B78002B0CD1FEF71C
:105800006FF90C4B00221A7006E00F217B18192249
:105810001A707B181B7802E00F23FB181B78180006
:10582000BD4604B080BDC046AC320020B00A0020A6
:10583000AE320020C832002080B586B000AF3A609A
:10584000FB1D021C1A70BB1D0A1C1A700F23FB18CB
:1058500000221A701723FB1800221A7000233B61E4
:10586000FB1D1B78022B04D0FB1D1B78032B00D0E3
:105870009CE0514B1B78012B00D07FE0FB1D1B7877
:10588000180001F041FD0200BB1D1B78190010003B
:10589000FFF7A6F903009AB2484B1A80BB1D1A788D
:1058A000FB1D1B7811001800FFF7DEF903001A003A
:1058B000434B1A70414B1B881A00424B1A60414BF4
:1058C00001225A603F4B06229A603E4A3E4B11002D
:1058D000180009F075FB3C4B180009F007FF28E0A1
:1058E000394B180009F042FA374B6421180009F0CF
:1058F000C7FA354B180009F057FB0100304B1B78F5
:105900001A0089B2314B5200D1522F4B180009F0C6
:105910007BFA2B4B1B781A002C4B5200D35A1A00DF
:105920003B699B183B6117217B181A787B18013261
:105930001A701722BB181B78092BD1D9BB181B78FA
:1059400019003869EAF706FC030019001C4B1B78A4
:105950001A0089B21D4B5200D152184B1B881A00F5
:10596000184B1A60174B02225A60164B06229A6097
:10597000144A154B1100180009F022FB104B1B783C
:105980001A00124B5200D35A1A00114B53431149BB
:105990001800EAF769FC03001800EBF775FA021C1F
:1059A0003B681A600F23FB181B7800E019231800CE
:1059B000BD4606B080BDC046AE320020B0320020E9
:1059C000AF32002030330020CC320020B43200202F
:1059D000E40C0000FF0F0000B0B582B000AF7860AB
:1059E0003960634B1B78002B04D1FEF779F8614BCB
:1059F00000221A70604B614A1A605F4B01225A60A4
:105A00005D4B02229A605C4A5D4B1100180009F060
:105A1000D7FA5B4B180009F0A9F9594B642118001B
:105A200009F02EFA564B180009F0BEFA03009AB29C
:105A3000544B1A80534B1B881800EDF71DF9524A3E
:105A4000524BECF757FA02000B001000190000222D
:105A50004F4BEBF70BFE02000B00100019004D4AF4
:105A60004D4BECF70FFD02000B00100019004B4AE4
:105A70004B4BEBF7FBFD02000B001000190000225E
:105A8000484BEBF78FFA02000B0010001900EDF7FE
:105A90008DF9021C7B681A60394B180009F0B4F9C3
:105AA000354B364A1A60344B02225A60324B02227E
:105AB0009A60314A324B1100180009F081FA2E4BDE
:105AC000394A1A602C4B01225A602B4B06229A60ED
:105AD000294A2B4B1100180009F072FA284B1800C4
:105AE00009F044F9264B6421180009F0C9F9244B48
:105AF000180009F059FA03009AB22C4B1A802C4B6B
:105B00001B881800EDF7B8F81F4A204BECF7F2F9A4
:105B100002000B0014001D00244B1B881800EDF739
:105B2000ABF802000B0020002900EBF79FFD0200FC
:105B30000B0010001900EDF739F9021C3B681A60E0
:105B40000F4B180009F060F90B4B174A1A600A4B0B
:105B500002225A60084B02229A60074A084B110041
:105B6000180009F02DFAC046BD4602B0B0BDC046CF
:105B7000AE320020C832002030330020001000B0C8
:105B8000CC320020BC3200206666666666660A403B
:105B900000FEAF408FC2F5285C8FF63F33333333BE
:105BA0003333114000003940002000B4BE320020E1
:105BB000AA75FF1F90B585B000AF3A60FB1D021CAF
:105BC0001A70BB1D0A1C1A700F243B1900221A7090
:105BD0000023BB600823FA18BB1D1978FB1D1B7836
:105BE0001800FFF729FE031E10D1BB680A49181CD4
:105BF000EBF70CF8031C0949181CEAF721FE031CFB
:105C00001A1C3B681A603B191B7800E01923180026
:105C1000BD4605B090BDC0460000C84200404E459C
:105C200080B582B000AF0200FB1D1A70C046BD46B1
:105C300002B080BD80B582B000AF0200FB1D1A70BB
:105C4000C046BD4602B080BD80B582B000AF020044
:105C5000FB1D1A70C046BD4602B080BD80B500AFC6
:105C6000BFF34F8FC046044B044ADA60BFF34F8F37
:105C7000C046C046FDE7C04600ED00E00400FA055E
:105C800080B500AF08F0A6FC05F01CFAC046BD4682
:105C900080BD000080B584B002AF0B4B7B600B4B26
:105CA00018787968FF230093FF23112201F076FA18
:105CB000064B1878064B1968FF230093FF230F2229
:105CC00001F06CFAFFF7CAFF24EF0208A00A0020D7
:105CD0002C02002080B584B000AF78600A00BB1CA5
:105CE0001A80144BBA1C12881A80134B1B7801338C
:105CF000DAB2114B1A707B681800FBF71DF903002C
:105D00001A000E4B9B5C022B10D00023FB600C4B47
:105D10001B680C22BA181100180007F0F1FFFB688D
:105D2000002B03D0074B802252051A60C046BD46A7
:105D300004B080BD9033002092330020B00A0020D0
:105D40009822002004ED00E080B58AB000AF002367
:105D50007B62264B18000DF049FE244B1B681B6824
:105D600080221340802B36D1204B88229B58202B39
:105D700031D1EFF310837B607B683B620123BB6012
:105D8000BB6883F31088C046184B1B681A68174B12
:105D90001B6880218A431A603B6AFB60FB6883F3BF
:105DA0001088C046EFF310833B613B69FB61012320
:105DB0007B617B6983F31088C0460C4B1B681A68B3
:105DC0000A4B1B6840210A431A60FB69BB61BB692F
:105DD00083F31088C0467B6A002B03D0044B8022DB
:105DE00052051A60C046BD460AB080BD402C002056
:105DF00004ED00E080B58AB000AF00237B62264B43
:105E000018000DF0F3FD244B1B681B688022134023
:105E1000802B36D1204B88229B58202B31D1EFF399
:105E200010837B607B683B620123BB60BB6883F3AC
:105E30001088C046184B1B681A68174B1B688021D6
:105E40008A431A603B6AFB60FB6883F31088C04694
:105E5000EFF310833B613B69FB6101237B617B694D
:105E600083F31088C0460C4B1B681A680A4B1B68EA
:105E700040210A431A60FB69BB61BB6983F3108848
:105E8000C0467B6A002B03D0044B802252051A6067
:105E9000C046BD460AB080BDD42C002004ED00E011
:105EA00080B59AB000AF00237B66684B18000DF0F8
:105EB0009DFD664B1B681B6880221340802B36D1EA
:105EC000624B88229B58202B31D1EFF310837B63E8
:105ED0007B6B3B660123BB63BB6B83F31088C046BF
:105EE0005A4B1B681A68594B1B6880218A431A60F9
:105EF0003B6EFB63FB6B83F31088C046EFF31083AC
:105F00003B643B6CFB6501237B647B6C83F31088F3
:105F1000C0464E4B1B681A684C4B1B6840210A4315
:105F20001A60FB6DBB64BB6C83F31088C046484BA2
:105F300018000DF05BFD464B1B681B688022134068
:105F4000802B36D1424B88229B58202B31D1EFF346
:105F50001083FB61FB69BB6501233B623B6A83F3F2
:105F60001088C0463A4B1B681A68394B1B68802161
:105F70008A431A60BB6D7B627B6A83F31088C046DC
:105F8000EFF31083BB62BB6A7B650123FB62FB6A94
:105F900083F31088C0462E4B1B681A682C4B1B6875
:105FA00040210A431A607B6D3B633B6B83F310888F
:105FB000C046284B18000DF019FD264B1B681B68C6
:105FC00080221340802B36D1224B88229B58202BD5
:105FD00031D1EFF310837B607B683B650123BB60AD
:105FE000BB6883F31088C0461A4B1B681A68194BAC
:105FF0001B6880218A431A603B6DFB60FB6883F35A
:106000001088C046EFF310833B613B69FB640123BA
:106010007B617B6983F31088C0460E4B1B681A684E
:106020000C4B1B6840210A431A60FB6CBB61BB69C7
:1060300083F31088C0467B6E002B03D0064B802272
:1060400052051A60C046BD461AB080BD682D0020BA
:10605000FC2D0020242F002004ED00E080B500AFCF
:10606000054B1800FAF768FF03001800F4F7F8F979
:10607000C046BD4680BDC046402C002080B500AF64
:10608000104B1B6810221340102B07D10E4B180029
:10609000FAF752FF03001800F4F7E2F9094B1A6807
:1060A00080235B001A4080235B009A4207D1074B94
:1060B0001800FAF741FF03001800F4F7D1F9C046C1
:1060C000BD4680BD00000240D42C0020682D002079
:1060D00080B500AF124B1A6880235B011A40802301
:1060E0005B019A4207D10F4B1800FAF725FF030016
:1060F0001800F4F7B5F90A4B1A6880235B031A40BD
:1061000080235B039A4207D1074B1800FAF714FF6C
:1061100003001800F4F7A4F9C046BD4680BDC04690
:1061200000000240FC2D0020242F002080B584B008
:1061300000AF78600023FB600C4B1B78002B02D172
:106140000A4B01221A707B681800FAF7F5FE03006B
:106150001A00074B9200D3580C22BA1811001800ED
:1061600005F0BDFEC046BD4604B080BDC0010020A4
:10617000BC220020B0B584B000AF78607B68882274
:10618000202199500F257C197B681800FAF7D4FE5E
:106190000300237029007B181B78254AD35C022B4F
:1061A00013D17B181B785A1E224B9200D3581B68C0
:1061B000283319007B6880229B581B685B689AB261
:1061C0007B6818000FF02EFA2EE00F243B191B7885
:1061D000013B194A0021D1543B191B78013B174A56
:1061E0000021D1543B191B785A1E13005B009B18E9
:1061F0009B01134A9B18C0220021180010F095FF44
:106200003B191B785A1E13005B009B189B010C4A1C
:1062100099187B68C02218000FF004FA3B191B780C
:10622000013B084A0121D154C046BD4604B0B0BD6F
:10623000B00A0020E0210020CC290020C429002041
:10624000201E00201C22002080B582B000AF7860A4
:10625000C046BD4602B080BD80B582B000AF786058
:10626000104B01221A707B681B680F4A934203D1BE
:106270007B6818000FF0E9F87B681B680B4A9342B3
:1062800003D17B6818000FF0E0F87B681B68084AB0
:10629000934203D17B6818000FF0D7F8C046BD4683
:1062A00002B080BD7422002000380140004400404C
:1062B0000048004080B586B002AF786039600B4B73
:1062C000FB600B4B1878F968FF230093FF23102223
:1062D00000F064FF064B1878064B1968FF23009303
:1062E000FF230F2200F05AFFFFF7B8FC38EF020837
:1062F000A00A00202C02002080B584B002AF0B4B16
:106300007B600B4B18787968FF230093FF231422DE
:1063100000F044FF064B1878064B1968FF230093E2
:10632000FF230F2200F03AFFFFF798FC4CEF020822
:10633000A00A00202C02002080B500AF2F4B304A6D
:106340001A602E4B00229A602C4B7F22DA602B4B76
:10635000FF221A61294B00225A61284B00229A61C0
:10636000264B0022DA61254B8022D2051A62234B8C
:1063700000225A62214B882212025A601F4B1800D9
:1063800000F01EFA1D4B002118000CF04BFF03001B
:10639000012B02D1194B40229A60184B18000CF0C7
:1063A00011FB031E01D0FF2325E0144B012118002F
:1063B0000CF038FF0300134A934202D000F028F893
:1063C00011E0114B1A6E80231B05134002D00F4BB6
:1063D00000221A700C4B1A6E8023DB04134002D08B
:1063E0000A4B01221A70084B1A6E074B80210904D0
:1063F0000A431A6600231800BD4680BDE83300201A
:1064000000280040F232000000100240E433002077
:10641000B0B58EB000AF0C257B195A4A13CA13C30E
:106420003B00594A03CA03C312781A707B19093317
:1064300018000FF046FA02003523FB181A707B197A
:1064400000229A717B19043318000FF03AFA020007
:106450003423FB181A707B190022DA703623FB18DC
:1064600000221A7019E036243B191A78474B920023
:10647000D2580C23FB1811001800E9F745FE031E43
:1064800005D13723FB183A19127801321A703621D8
:106490007B181A787B1801321A703623FB181B7888
:1064A0000B2BE0D93B00063318000FF00AFA02006C
:1064B0003323FB181A700C243B1900225A713B003D
:1064C000033318000FF0FDF902003223FB181A7095
:1064D0003B1900229A703B0018000FF0F2F90200FD
:1064E0003123FB181A702C217B183522BA18127828
:1064F000DA707B183722BA1812785A707B18342257
:10650000BA1812789A707B1801221A707918204BE9
:10651000002218000CF098FC031E01D0FF232CE091
:1065200018217B183122BA1812781A707B1832227F
:10653000BA1812785A707B183322BA1812789A70E7
:106540007B180022DA70134B18225A737B18002232
:10655000DA607B1800221A6179180D4B00221800AE
:106560000CF06EFB031E01D0FF2306E00A4A084B25
:10657000012118000CF039FE00231800BD460EB0B2
:10658000B0BDC0466CEF020878EF02081C00002086
:10659000E8330020001B0020F2320000B0B588B0C4
:1065A00000AF05000C0010001900FB1D2A1C1A701A
:1065B000BB1D221C1A703B1D021C1A80FB1C0A1CEE
:1065C0001A703B1D1B88DBB23033DAB21C217B18FA
:1065D000DA707B18FA1D12785A707B18BA1D12787F
:1065E0009A707B18FA1C12781A7008243B1938210B
:1065F0007A1812781A703B193422BA1812785A7025
:106600003A193023FB181B7893703B1900221A614A
:106610003C23FB181B78012B1BD17B181B780C2B00
:1066200017D8404B0122002118000CF0DEFD3B1969
:106630000022DA703C4B0C225A733A4B18000CF0D3
:1066400063FA384B40229A60364B18000CF0BAF9C6
:1066500036E03C23FB181B78022B1DD13823FB1896
:106660001B780C2B18D82F4B0122002118000CF09E
:10667000BCFD0823FB180122DA702B4B0C225A7345
:10668000284B18000CF040FA264B40229A60254B0C
:1066900018000CF097F913E0224B0022002118009B
:1066A0000CF0A3FD204B18225A731E4B18000CF05F
:1066B0002BFA1C4B00229A601A4B18000CF082F93E
:1066C0000823F918174B002218000CF0B9FA031E22
:1066D00001D0FF2321E01C23F918124B00221800DF
:1066E0000CF0B2FB031E01D0FF2316E00E4B5B7BC8
:1066F0001B021AB20C4B1B791BB213431BB29AB28A
:106700008D235B0011001800FDF7CEFE074A054BF4
:10671000012118000CF069FD00231800BD4608B0E7
:10672000B0BDC046E8330020001B0020F23200005C
:1067300090B587B000AF39001F4B002218000CF055
:1067400027FB142439191C4B002218000CF00EFCF6
:106750003B00DB78DB09DBB20133DAB2174BDA74CA
:106760003B005B685B089AB2144BDA813B009A7875
:10677000124B1A743B005A78104B5A743B001A782B
:106780000E4B9A743B199A780C4B5A753B195A78F0
:106790000A4B9A753B191A78084B1A753B19DB7826
:1067A000FA22D200944663449AB2044B1A83C0463C
:1067B000BD4607B090BDC046E8330020001B002056
:1067C00090B597B000AF78600C243B1918004C23AB
:1067D0001A00002110F0A9FC7B681B68134A934241
:1067E00020D13B19802292021A603B19802292002C
:1067F0001A643B1918000BF0A9FE0D4BDA6D0C4B17
:10680000802109020A43DA65094BDA6B084B8021C3
:10681000C9000A43DA63064BDA6B8023DB001340BE
:10682000BB60BB68C046BD4617B090BD00280040A5
:106830000010024080B582B000AF78607B681B68B2
:10684000094A93420BD1094BDA6D084B08490A40BB
:10685000DA65064BDA6B054B06490A40DA63C04637
:10686000BD4602B080BDC046002800400010024076
:10687000FF7FFFFFFFFBFFFF80B584B000AF174B2A
:106880001A6C164B802189020A431A64134B1A6C46
:1068900080239B0213403B603B68114B114A1A60F6
:1068A0000F4B2F225A600E4B00229A600C4B0E4A5F
:1068B000DA600B4B00221A61094B00225A61084B27
:1068C00000229A61064B18000CF0C7FC044B18001C
:1068D0000CF01CFDC046BD4604B080BD0010024057
:1068E0006434002000440140FFFF000080B584B004
:1068F00000AF174B1A6C164B8021C9020A431A6469
:10690000134B1A6C8023DB0213403B603B68114B36
:10691000114A1A600F4B114A5A600E4B00229A60BE
:106920000C4B0F4ADA600B4B00221A61094B002214
:106930005A61084B00229A61064B18000CF08DFC3E
:10694000044B18000CF0E2FCC046BD4604B080BD0C
:1069500000100240B0340020004801407FBB00001E
:10696000FFFF000080B584B000AF78607B681A68D4
:106970008023DB059A4213D10B4BDA6B0A4B0121C2
:106980000A43DA63084BDB6B01221340FB60FB68B0
:10699000002201210F2009F051F80F2009F063F8BF
:1069A000C046BD4604B080BD0010024080B584B032
:1069B00000AF0200BB1D1A800023FB6004F0C8FE7C
:1069C000BB1D1B88002B0DD0094B1B685B6AFB604D
:1069D000C046074B1B685A6AFB68D21ABB1D1B884E
:1069E0009A42F6D904F0C6FEC046BD4604B080BD4A
:1069F0006434002080B584B000AF0200BB1D1A8053
:106A00000023FB6004F0A4FEBB1D1B88002B0DD0EF
:106A1000094B1B685B6AFB60C046074B1B685A6AE0
:106A2000FB68D21ABB1D1B889A42F6D904F0A2FE5D
:106A3000C046BD4604B080BDB034002080B500AF74
:106A40001B4B1C4A1A601A4BE12212035A60184B66
:106A500000229A60164B0022DA60154B00221A6160
:106A6000134B0C225A61124B00229A61104B0022E8
:106A7000DA610F4B00221A620D4B00225A620C4B56
:106A800000229A620A4B18000CF032FD084B0021DC
:106A900018000EF045FD064B002118000EF080FD99
:106AA000034B18000EF002FDC046BD4680BDC04637
:106AB000402C00200038014080B500AF1B4B1C4A21
:106AC0001A601A4BE12212035A60184B00229A6096
:106AD000164B0022DA60154B00221A61134B0C2270
:106AE0005A61124B00229A61104B0022DA610F4B5F
:106AF00000221A620D4B00225A620C4B00229A624D
:106B00000A4B18000CF0F4FC084B002118000EF0A2
:106B100007FD064B002118000EF042FD034B180044
:106B20000EF0C4FCC046BD4680BDC046D42C00203B
:106B30000044004080B500AF1B4B1C4A1A601A4B42
:106B4000E12212035A60184B00229A60164B002271
:106B5000DA60154B00221A61134B0C225A61124B5A
:106B600000229A61104B0022DA610F4B00221A6258
:106B70000D4B00225A620C4B00229A620A4B1800FD
:106B80000CF0B6FC084B002118000EF0C9FC064BB7
:106B9000002118000EF004FD034B18000EF086FCD7
:106BA000C046BD4680BDC046682D0020004800405C
:106BB00080B500AF144B154A1A60134BE122120343
:106BC0005A60114B00229A600F4B0022DA600E4B84
:106BD00000221A610C4B0C225A610B4B00229A6165
:106BE000094B0022DA61084B00221A62064B002290
:106BF0005A62054B00229A62034B18000CF078FC95
:106C0000C046BD4680BDC046FC2D0020004C004063
:106C100080B500AF144B154A1A60134BE1221203E2
:106C20005A60114B00229A600F4B0022DA600E4B23
:106C300000221A610C4B0C225A610B4B00229A6104
:106C4000094B0022DA61084B00221A62064B00222F
:106C50005A62054B00229A62034B18000CF048FC64
:106C6000C046BD4680BDC046242F0020003C0140E8
:106C7000B0B5A4B000AF78607C243B191800142391
:106C80001A00002110F051FA30257B1918004C230E
:106C90001A00002110F049FA7B681B68ED4A934204
:106CA00074D17B1901221A607B1902225A607B1968
:106CB00018000BF04BFCE84B1A6CE74B8021C90124
:106CC0000A431A64E44B1A6C8023DB011340FB6215
:106CD000FB6AE14B5A6BE04B01210A435A63DE4BDE
:106CE0005B6B01221340BB62BB6A3B19C022D2001E
:106CF0001A6021007B1802225A607B1800229A60D9
:106D00007B180022DA607B1801221A617A18A0230E
:106D1000DB051100180009F021FED04BD04A1A60A3
:106D2000CE4B32225A60CD4B00229A60CB4B0022D0
:106D3000DA60CA4B80221A61C84B00225A61C74BE5
:106D400000229A61C54B2022DA61C44B00221A62EC
:106D50007B681800FAF7F0F803005A1EC14B920046
:106D6000BE49D150BD4B180009F0D4F87B68802192
:106D7000BA4A5A50B94B7A689A62002200211B2005
:106D800008F05CFE1B2008F06EFEF4E17B681B68D7
:106D9000B54A934274D130217B1802221A607B18C5
:106DA00008229A607B1818000BF0D0FBAA4BDA6B14
:106DB000A94B802189020A43DA63A74BDA6B80234F
:106DC0009B0213407B627B6AA34B5A6BA24B01214F
:106DD0000A435A63A04B5B6B012213403B623B6A40
:106DE0007C217B180C221A607B1802225A607B18C7
:106DF00000229A607B180022DA607B1801221A6157
:106E00007A18A023DB051100180009F0A7FD974BA5
:106E1000974A1A60954B34225A60944B00229A602C
:106E2000924B0022DA60914B80221A618F4B002234
:106E30005A618E4B00229A618C4B2022DA618B4B77
:106E400000221A627B681800FAF776F803005A1ECF
:106E5000844B92008549D150844B180009F05AF8B0
:106E60007B688021814A5A50804B7A689A6200225E
:106E700000211C2008F0E2FD1C2008F0F4FD7AE15E
:106E80007B681B687B4A934274D130217B180422B3
:106E90001A607B182022DA607B1818000BF056FB72
:106EA0006D4BDA6B6C4B8021C9020A43DA636A4B83
:106EB000DA6B8023DB021340FB61FB69664B5A6B84
:106EC000654B02210A435A63634B5B6B02221340FA
:106ED000BB61BB697C217B18C02212011A607B1840
:106EE00002225A607B1800229A607B180022DA6026
:106EF0007B1804221A617B185F4A1900100009F000
:106F00002DFD5E4B5E4A1A605C4B36225A605B4B2D
:106F100000229A60594B0022DA60584B80221A6195
:106F2000564B00225A61554B00229A61534B202246
:106F3000DA61524B00221A627B681800F9F7FCFFF5
:106F400003005A1E474B92004C49D1504B4B18003E
:106F500008F0E0FF7B688021484A5A50474B7A6826
:106F60009A62002201211D2008F068FD1D2008F012
:106F70007AFD00E17B681B68424A934200D087E0BB
:106F8000354BDA6B344B802109030A43DA63324B09
:106F9000DA6B80231B0313407B617B692E4B5A6B9A
:106FA0002D4B01210A435A632B4B5B6B012213408B
:106FB0003B613B697C217B1803221A607B1802220B
:106FC0005A607B1800229A607B180022DA607B18D6
:106FD00004221A617A18A023DB051100180009F0B9
:106FE000BDFC294B294A1A60274B38225A60264B90
:106FF00000229A60244B0022DA60234B80221A611F
:10700000214B00225A61204B00229A611E4B202204
:10701000DA611D4B00221A627B681800F9F78CFFB9
:1070200003005A1E0F4B92001749D150164B1800FF
:1070300008F070FF7B688021134A5A50124B7A681F
:107040009A62002201211D2008F0F8FC1D2008F0A2
:107050000AFD90E000380140001002405C3500203D
:10706000080002402C31002000440040BC350020C4
:107070001C00024000480040000400501C36002064
:1070800030000240004C00407C36002044000240AA
:107090007B681B683A4A93426DD07B681B68394A0B
:1070A000934268D1384BDA6B374B802189000A4311
:1070B000DA63354BDA6B80239B001340FB60FB687F
:1070C000314B5A6B304B02210A435A632E4B5B6B98
:1070D00002221340BB60BB687C217B18C022920057
:1070E0001A607B1802225A607B1800229A607B1873
:1070F0000022DA607B1808221A617B18234A1900E3
:10710000100009F02BFC224B224A1A60204B4C2223
:107110005A601F4B00229A601D4B0022DA601C4B04
:1071200080221A611A4B00225A61194B00229A617F
:10713000174B2022DA61164B00221A627B68180076
:10714000F9F7FAFE03005A1E134B92001049D15072
:107150000F4B180008F0DEFE7B6880210C4A5A5065
:107160000B4B7A689A62002200211D2008F066FC11
:107170001D2008F078FCC046BD4624B0B0BDC04616
:1071800000500040003C014000100240000400504C
:107190003C3700206C0002402C310020B0B586B096
:1071A00000AFB96011007B600F243B19021C1A70FC
:1071B0000C23FB180A1C1A801723FB1801221A70D3
:1071C0003B191B78180000F09FF8031E32D03B19C2
:1071D0001A781C4B9200D3587A681100180003F0FB
:1071E000F5FE031E26D113E00F23FB181B781800B1
:1071F00000F08AF805001723FC18B86A0C23FB1866
:107200001A88B968030028000CF010FA03002370F4
:107210001722BB181B78002B03D0BB181B78032B3D
:10722000E2D10F23FB181A78064B9200D3581800AE
:1072300003F016FF1723FB181B781800BD4606B095
:10724000B0BDC046BC220020F0B587B000AFB96029
:1072500011007B600F243B19021C1A700C257B194E
:107260000A1C1A801726BB1901221A703B191B78B9
:10727000180000F049F8031E19D03B191A78114B79
:107280009200D3587A681100180003F09FFE031E85
:107290000DD13B191B78180000F036F8BC197B198A
:1072A0001A88BB6819000CF065FA030023700520EA
:1072B00007F0ACF91723FB181B781800BD4607B080
:1072C000F0BDC046BC22002090B585B000AF0200E2
:1072D0003960FB1D1A700F243B1900221A70FB1D28
:1072E0001B78180000F010F80300BB60BB683A6818
:1072F0005A60BB6818000CF0FBF83B191B781800AB
:10730000BD4605B090BD000080B582B000AF020060
:10731000FB1D1A70FB1D1B78052B0ED89A00094B1C
:10732000D3181B689F46084B08E0084B06E0084B43
:1073300004E0084B02E0084B00E000231800BD46C3
:1073400002B080BD8CEF0208FC2D0020D42C002060
:10735000682D0020402C0020242F002080B582B012
:1073600000AF78600A00FB1C1A707B68002B76D097
:10737000FB1C1B78012B37D17B681800F9F7DCFD6B
:107380000300013B802212021A411100364B1B7888
:107390005A1E364B5200D35A1AB20BB2134319B2CB
:1073A000314B1B785A1E89B2304B5200D1527B6848
:1073B00008229A627B68802212029A637B68180016
:1073C0000CF096F87B681800F9F7B6FD03005A1E1A
:1073D00013005B009B189B01254A99187B68C0220B
:1073E00018000EF01FF93AE0FB1C1B78002B36D179
:1073F0007B681800F9F7A0FD0300013B8022120210
:107400001A411300D943184B1B785A1E174B5200D0
:10741000D35A1BB20AB2134019B2134B1B785A1E2F
:1074200089B2124B5200D1527B6808229A627B6863
:1074300000229A637B6818000CF05AF87B681800E9
:10744000F9F77AFD03005A1E13005B009B189B019D
:10745000074A99187B68C02218000EF0E3F8C0466E
:10746000BD4602B080BDC046FC1A0020C81A0020EC
:10747000201E002080B582B000AFFB1D00221A70D4
:10748000BB1D01221A7035E0204B1B78BA1D127803
:107490009A4211D0BB1D1B78002213211800F3F76C
:1074A000C7FD3220FFF7A6FA194B1B78002B1CD022
:1074B000FB1D02221A7018E07B1D01221A7010E0D9
:1074C000124B1B78591E114B1B785A1E114B490049
:1074D000C95A104B5200D1527B1D1A787B1D0132C4
:1074E0001A707B1D1B78052BEAD9BB1D1A78BB1DB2
:1074F00001321A70084B1B78BA1D12789A42C3D910
:10750000FB1D1B781800BD4602B080BDFC1A002090
:107510001D1B0020C81A00207C00002080B586B00A
:1075200000AF0200FB1D1A700F23FB1800221A7017
:107530001623FB1800221A8001233B6118E03B69E7
:10754000DBB21800FFF7E0FE03009A6B80231B02FA
:107550009A420AD11622BB181B88BA18591C1180EE
:107560001A003B69D9B20C4B99543B6901333B611A
:107570003B69052BE3DD1623FB181A88FB1D1B78DE
:1075800014211800F3F754FD0F23FB181B78180083
:10759000BD4606B080BDC046D00B002080B582B08D
:1075A00000AFBB1D00221A70FB1D01221A7029E0DA
:1075B000194B1B785A1E194B5200D35A1900FB1D48
:1075C0001B78013B802212021A4113000B400AD1A2
:1075D000FB1D1B781800FFF797FE03000021180021
:1075E000FFF7BCFE09E0FB1D1B781800FFF78CFEBF
:1075F000030001211800FFF7B1FEFB1D1A78FB1DE7
:1076000001321A70FB1D1B78052BD1D9BB1D1B78CD
:107610001800BD4602B080BDFC1A0020C81A002028
:107620001748854600F045F816481749174A0023C1
:1076300002E0D458C4500433C4188C42F9D3144A1D
:10764000144C002301E013600432A242FBD3124821
:107650001249026800608A4205D000F02AF80FF053
:1076600051FE0EF0C9F80E480E4901600E480D4952
:1076700001600E4801688D4640680047FEE7000043
:1076800000400220000000208C09002044F702087E
:1076900090090020009F0120F03F0220EFBEADDEE8
:1076A0004010024001000000000001400000FF1FE8
:1076B000FEE780B500AFC046BD4680BD80B582B054
:1076C00000AF78607B689B6801221A437B689A60F0
:1076D000C046BD4602B080BD80B582B000AF7860C4
:1076E00039607B689B68182293431A003B681A43F1
:1076F0007B689A60C046BD4602B080BD80B582B04E
:1077000000AF786039607B683A685A61C046BD4610
:1077100002B080BD80B582B000AF786039607B6810
:107720003A681A60C046BD4602B080BD80B584B0DC
:1077300000AF78600A00BB1C1A807B68FB60FB68A6
:10774000BA1C12881A80C046BD4604B080BD80B500
:1077500082B000AF78607B681B689BB21800BD46A2
:1077600002B080BD80B584B000AF7860074B996BE4
:10777000064B7A680A439A63044B9B6B7A68134002
:10778000FB60FB68C046BD4604B080BD00100240EF
:10779000B0B590B000AF0200FB1D1A701A23FB18A1
:1077A00005221A700023FB630023BB6300237B6365
:1077B00000233B630023FB620023BB6200237B6248
:1077C00000233B620023FB61002200233A617B61BE
:1077D0001B23FB1800221A700E23FB1800221A80AC
:1077E00003F098FB031E02D00E2301F0FDFB03F013
:1077F00063FAC44B01221A70C34B1A68C0239B045E
:1078000013400ED0C04B1A68C0239B041A4080233B
:107810005B049A420BD1BD4B1A6880239B03134033
:1078200005D1BB4B1B689B02BA4A134005E0B84B1D
:107830001B689B025B08B84A1340F722D20219006A
:107840001000E8F70DFD0B00DB0AFB636BE0FB6B40
:107850008022520294466344DC02AB4B1A68C02378
:107860009B0413400ED0A84B1A68C0239B041A40F7
:1078700080235B049A420BD1A44B1A6880239B039C
:10788000134005D1A24B1B689B02A24A134005E09E
:107890009F4B1B689B025B089F4A13401900F7230C
:1078A000D802E8F757FC03001900974B1A68C02369
:1078B0009B0413400ED0944B1A68C0239B041A40BB
:1078C00080235B049A420BD1904B1A6880239B0360
:1078D000134005D18E4B1B689B028E4A134005E076
:1078E0008B4B1B689B025B088B4A13404B43E3188E
:1078F000BB6300237B630EE0BA6B7B6BD218874BB4
:107900001A60BA6B7B6BD3181A685B683A617B614B
:107910007B6B08337B637A6B80231B019A42EBD32A
:10792000FB6B0133FB63784B1A68C0239B04134045
:107930000ED0754B1A68C0239B041A4080235B0449
:107940009A420BD1714B1A6880239B03134005D1D7
:107950006F4B1B689B026F4A134005E06C4B1B6822
:107960009B025B086C4A1340F722D20219001000F8
:10797000E8F776FC0B00DB0A0833FA6B9A4200D278
:1079800065E7604B00221A705F4B1A68C0239B04A6
:1079900013400ED05C4B1A68C0239B041A4080230E
:1079A0005B049A420BD1594B1A6880239B03134006
:1079B00005D1574B1B689B02564A134005E0544BB8
:1079C0001B689B025B08544A1340F722D20219003D
:1079D0001000E8F745FC0B00DB0AFB6377E0FB6B6C
:1079E0008022520294466344DC02474B1A68C0234B
:1079F0009B0413400ED0444B1A68C0239B041A40CA
:107A000080235B049A420BD1404B1A6880239B036E
:107A1000134005D13E4B1B689B023E4A134005E0D4
:107A20003B4B1B689B025B083B4A13401900F72342
:107A3000D802E8F78FFB03001900334B1A68C02304
:107A40009B0413400ED0304B1A68C0239B041A408D
:107A500080235B049A420BD12C4B1A6880239B0332
:107A6000134005D12A4B1B689B022A4A134005E0AC
:107A7000274B1B689B025B08274A13404B43E318C4
:107A8000BB631A257C19BB6B180003F0C5F8030013
:107A900023707B191B78022B03D07B191B78012BD9
:107AA00003D1FB6A0133FB620EE01A23FB181B783B
:107AB000032B09D1BB6A002B01D1FB6B3B62FB6B33
:107AC0007B62BB6A0133BB62FB6B0133FB630E4B12
:107AD0001A68C0239B0413400ED00B4B1A68C023B6
:107AE0009B041A4080235B049A4219D1074B1A6801
:107AF00080239B03134013D1054B1B689B02054A4F
:107B0000134013E0A43700200075FF1F202002401F
:107B1000E075FF1F00FC0F0000FE0700A0370020EB
:107B2000BE4B1B689B025B08BD4A1340F722D20282
:107B300019001000E8F794FB0B00DB0A0833FA6B1E
:107B40009A4200D24BE7FB6A002B00D01AE1BB6AD5
:107B5000002B00D110E1B34B1A68C0239B041340E3
:107B60000ED0B04B1A68C0239B041A4080235B04DC
:107B70009A420BD1AC4B1A6880239B03134005D16A
:107B8000A64B1B689B02A94A134005E0A34B1B6848
:107B90009B025B08A24A1340F722D2021900100090
:107BA000E8F75EFB0B00DB0A3A6AD31A07330722B9
:107BB00013401C009B4B1A68C0239B0413400ED03B
:107BC000984B1A68C0239B041A4080235B049A4296
:107BD0000BD1954B1A6880239B03134005D18F4B23
:107BE0001B689B02914A134005E08C4B1B689B026B
:107BF0005B088B4A1340F722D20219001000E8F705
:107C00002FFB0B00DB0AE3188022520294466344E8
:107C1000DC02844B1A68C0239B0413400ED0814BB6
:107C20001A68C0239B041A4080235B049A420BD13C
:107C30007D4B1A6880239B03134005D1774B1B684B
:107C40009B027A4A134005E0744B1B689B025B0859
:107C5000734A13401900F723D802E8F77BFA0300B0
:107C60001900704B1A68C0239B0413400ED06D4B53
:107C70001A68C0239B041A4080235B049A420BD1EC
:107C8000694B1A6880239B03134005D1634B1B6823
:107C90009B02664A134005E0604B1B689B025B0831
:107CA0005F4A13404B43E318180002F0B5FF03008E
:107CB000042B67D15B4B1A68C0239B0413400ED082
:107CC000584B1A68C0239B041A4080235B049A42D5
:107CD0000BD1554B1A6880239B03134005D14F4BA2
:107CE0001B689B02514A134005E04C4B1B689B02EA
:107CF0005B084B4A1340F722D20219001000E8F744
:107D0000AFFA0B00DB0A7A6AD31A01330722134059
:107D10001C00444B1A68C0239B0413400ED0414BF7
:107D20001A68C0239B041A4080235B049A420BD13B
:107D30003D4B1A6880239B03134005D1374B1B68CA
:107D40009B023A4A134005E0344B1B689B025B08D8
:107D5000334A1340F722D20219001000E8F780FAE4
:107D60000B00DB0AE3180121180002F0A3FD031E3B
:107D700008D0022301F038F9002001F043F9030094
:107D800001F032F9274B1A68C0239B0413400ED030
:107D9000244B1A68C0239B041A4080235B049A4238
:107DA0000BD1214B1A6880239B03134005D11B4B39
:107DB0001B689B021D4A134005E0184B1B689B0281
:107DC0005B08174A1340F722D20219001000E8F7A7
:107DD00047FA0B00DB0AFB635AE2FB6B802252027C
:107DE00094466344DC020F4B1A68C0239B04134083
:107DF0000ED00C4B1A68C0239B041A4080235B04EE
:107E00009A4215D1084B1A6880239B0313400FD167
:107E1000024B1B689B02054A13400FE0E075FF1FF1
:107E200000FE07000075FF1F2020024000FC0F002D
:107E3000CD4B1B689B025B08CC4A13401900F7230B
:107E4000D802E8F787F903001900C94B1A68C02364
:107E50009B0413400ED0C64B1A68C0239B041A40E3
:107E600080235B049A420BD1C24B1A6880239B0388
:107E7000134005D1BC4B1B689B02BF4A134005E071
:107E8000B94B1B689B025B08B84A13404B43E3188D
:107E9000BB631A257C19BB6B180002F0BDFE030002
:107EA00023707B191B78012B00D0EEE1B04B1A68D0
:107EB000C0239B0413400ED0AD4B1A68C0239B0413
:107EC0001A4080235B049A420BD1AA4B1A68802384
:107ED0009B03134005D1A44B1B689B02A64A134089
:107EE00005E0A14B1B689B025B08A04A1340F722E8
:107EF000D20219001000E8F7B3F90B00DB0AFA6BA5
:107F00009A4200D1E6E09A4B1A68C0239B041340C2
:107F10000ED0974B1A68C0239B041A4080235B0441
:107F20009A420BD1934B1A6880239B03134005D1CF
:107F30008D4B1B689B02904A134005E08A4B1B68DF
:107F40009B025B08894A1340F722D20219001000F5
:107F5000E8F786F90B00DB0A0433FA6B9A4200D18A
:107F6000B8E0834B1A68C0239B0413400ED0804BAB
:107F70001A68C0239B041A4080235B049A420BD1E9
:107F80007C4B1A6880239B03134005D1764B1B68FA
:107F90009B02794A134005E0734B1B689B025B0808
:107FA000724A1340F722D20219001000E8F758F97C
:107FB0000B00DB0AFA6BD31A0733072213401C00AD
:107FC0006B4B1A68C0239B0413400ED0684B1A6891
:107FD000C0239B041A4080235B049A420BD1654B5B
:107FE0001A6880239B03134005D15F4B1B689B02DB
:107FF000614A134005E05C4B1B689B025B085B4ACF
:108000001340F722D20219001000E8F729F90B00FB
:10801000DB0AE3188022520294466344DC02544B8C
:108020001A68C0239B0413400ED0514B1A68C0231A
:108030009B041A4080235B049A420BD14D4B1A6873
:1080400080239B03134005D1474B1B689B024A4A80
:10805000134005E0444B1B689B025B08434A1340F6
:108060001900F723D802E8F775F803001900404B10
:108070001A68C0239B0413400ED03D4B1A68C023DE
:108080009B041A4080235B049A420BD1394B1A6837
:1080900080239B03134005D1334B1B689B02364A58
:1080A000134005E0304B1B689B025B082F4A1340CE
:1080B0004B43E318180002F0AFFD0300032B04D17B
:1080C0001B23FB1800221A70C5E01B23FB1801229A
:1080D0001A70C0E0264B1A68C0239B0413400ED0D0
:1080E000234B1A68C0239B041A4080235B049A42E6
:1080F0000BD1204B1A6880239B03134005D11A4BE8
:108100001B689B021C4A134005E0174B1B689B022F
:108110005B08164A1340F722D20219001000E8F754
:108120009FF80B00DB0AFA6BD31A013307221340C6
:108130001C000F4B1A68C0239B0413400ED00C4B3D
:108140001A68C0239B041A4080235B049A4215D10D
:10815000084B1A6880239B0313400FD1024B1B6806
:108160009B02054A13400FE0E075FF1F00FE070069
:108170000075FF1F2020024000FC0F00C54B1B684C
:108180009B025B08C44A1340F722D2021900100078
:10819000E8F766F80B00DB0AE318802252029446E7
:1081A0006344DC02BD4B1A68C0239B0413400ED00D
:1081B000BA4B1A68C0239B041A4080235B049A427E
:1081C0000BD1B74B1A6880239B03134005D1B14BE9
:1081D0001B689B02B34A134005E0AE4B1B689B0231
:1081E0005B08AD4A13401900F723D802E7F7B2FF46
:1081F00003001900A94B1A68C0239B0413400ED03A
:10820000A64B1A68C0239B041A4080235B049A4241
:108210000BD1A34B1A6880239B03134005D19D4BC0
:108220001B689B029F4A134005E09A4B1B689B0208
:108230005B08994A13404B43E318180002F0ECFC2A
:10824000031E04D11B23FB1800221A7003E01B231A
:10825000FB1801221A701B23FB181B78002B14D16A
:10826000FB6BDAB2904B1A7001220021002001F062
:10827000D5FD03001A0080235B009A4202D00C2334
:1082800000F0B2FE0123FB6130E0FB6B0133FB63C6
:10829000824B1A68C0239B0413400ED07F4B1A6890
:1082A000C0239B041A4080235B049A420BD17C4B71
:1082B0001A6880239B03134005D1764B1B689B02F1
:1082C000784A134005E0734B1B689B025B08724AB7
:1082D0001340F722D20219001000E7F7C1FF0B008C
:1082E000DB0A0833FA6B9A4200D276E500233B633F
:1082F0006A4B1A68C0239B0413400ED0674B1A6860
:10830000C0239B041A4080235B049A420BD1644B28
:108310001A6880239B03134005D15E4B1B689B02A8
:10832000604A134005E05B4B1B689B025B085A4A9E
:108330001340F722D20219001000E7F791FF0B005B
:10834000DB0AFB635EE2FB6B8022520294466344CD
:10835000DC02524B1A68C0239B0413400ED04F4BD3
:108360001A68C0239B041A4080235B049A420BD1F5
:108370004B4B1A6880239B03134005D1454B1B6868
:108380009B02484A134005E0424B1B689B025B0876
:10839000414A13401900F723D802E7F7DBFE030038
:1083A00019003E4B1A68C0239B0413400ED03B4B70
:1083B0001A68C0239B041A4080235B049A420BD1A5
:1083C000374B1A6880239B03134005D1314B1B6840
:1083D0009B02344A134005E02E4B1B689B025B084E
:1083E0002D4A13404B43E318BB631A257C19BB6B22
:1083F000180002F011FC030023707B191B78022B7C
:1084000000D0F5E1254B1A68C0239B0413400ED021
:10841000224B1A68C0239B041A4080235B049A42B3
:108420000BD11F4B1A6880239B03134005D1194BB6
:108430001B689B021B4A134005E0164B1B689B02FE
:108440005B08154A1340F722D20219001000E7F723
:1084500007FF0B00DB0AFA6B9A4200D1F2E00F4BE8
:108460001A68C0239B0413400ED00C4B1A68C0231B
:108470009B041A4080235B049A4217D1084B1A6868
:1084800080239B03134011D1024B1B689B02054ABA
:10849000134011E0E075FF1F00FE07000075FF1F8D
:1084A0002020024000FC0F009E370020CA4B1B68B2
:1084B0009B025B08C94A1340F722D2021900100040
:1084C000E7F7CEFE0B00DB0A0433FA6B9A4200D1C9
:1084D000B8E0C34B1A68C0239B0413400ED0C04BB6
:1084E0001A68C0239B041A4080235B049A420BD174
:1084F000BC4B1A6880239B03134005D1B64B1B6805
:108500009B02B94A134005E0B34B1B689B025B0812
:10851000B24A1340F722D20219001000E7F7A0FE7A
:108520000B00DB0AFA6BD31A0733072213401C0037
:10853000AB4B1A68C0239B0413400ED0A84B1A689B
:10854000C0239B041A4080235B049A420BD1A54BA5
:108550001A6880239B03134005D19F4B1B689B0225
:10856000A14A134005E09C4B1B689B025B089B4A99
:108570001340F722D20219001000E7F771FE0B003A
:10858000DB0AE3188022520294466344DC02944BD7
:108590001A68C0239B0413400ED0914B1A68C02365
:1085A0009B041A4080235B049A420BD18D4B1A68BE
:1085B00080239B03134005D1874B1B689B028A4A8B
:1085C000134005E0844B1B689B025B08834A134001
:1085D0001900F723D802E7F7BDFD03001900804B0F
:1085E0001A68C0239B0413400ED07D4B1A68C02329
:1085F0009B041A4080235B049A420BD1794B1A6882
:1086000080239B03134005D1734B1B689B02764A62
:10861000134005E0704B1B689B025B086F4A1340D8
:108620004B43E318180002F0F7FA0300032B04D1C0
:108630001B23FB1800221A70BBE01B23FB1801222E
:108640001A70B6E0664B1A68C0239B0413400ED024
:10865000634B1A68C0239B041A4080235B049A4230
:108660000BD1604B1A6880239B03134005D15A4BF2
:108670001B689B025C4A134005E0574B1B689B023A
:108680005B08564A1340F722D20219001000E7F7A0
:10869000E7FD0B00DB0AFA6BD31A01330722134004
:1086A0001C004F4B1A68C0239B0413400ED04C4B48
:1086B0001A68C0239B041A4080235B049A420BD1A2
:1086C000484B1A6880239B03134005D1424B1B681B
:1086D0009B02454A134005E03F4B1B689B025B0829
:1086E0003E4A1340F722D20219001000E7F7B8FD06
:1086F0000B00DB0AE3188022520294466344DC023A
:10870000374B1A68C0239B0413400ED0344B1A68B1
:10871000C0239B041A4080235B049A420BD1314B47
:108720001A6880239B03134005D12B4B1B689B02C7
:108730002D4A134005E0284B1B689B025B08274A23
:1087400013401900F723D802E7F704FD03001900CE
:10875000234B1A68C0239B0413400ED0204B1A6889
:10876000C0239B041A4080235B049A420BD11D4B0B
:108770001A6880239B03134005D1174B1B689B028B
:10878000194A134005E0144B1B689B025B08134A0F
:1087900013404B43E318180002F03EFA031E04D1C5
:1087A0001B23FB1800221A7003E01B23FB18012275
:1087B0001A701B23FB181B78002B20D13B6B002B5E
:1087C00007D1FB6BDAB2094B1A703B6B01333B6389
:1087D00015E00A2300F008FCE075FF1F00FE07000B
:1087E0000075FF1F2020024000FC0F009E37002074
:1087F0001A23FB181B78032B01D1FB6B7B62FB6BED
:108800000133FB63CD4B1A68C0239B0413400ED089
:10881000CA4B1A68C0239B041A4080235B049A4207
:108820000BD1C74B1A6880239B03134005D1C54B5E
:108830001B689B02C44A134005E0C24B1B689B02A5
:108840005B08C24A1340F722D20219001000E7F772
:1088500007FD0B00DB0A0833FA6B9A4200D272E57F
:108860003B6B002B00D06BE07B6ADCB2B34B1A6829
:10887000C0239B0413400ED0B04B1A68C0239B0446
:108880001A4080235B049A420BD1AD4B1A688023B7
:108890009B03134005D1AB4B1B689B02AA4A1340B4
:1088A00005E0A84B1B689B025B08A84A1340F7220F
:1088B000D20219001000E7F7D3FC0B00DB0ADBB291
:1088C000E31ADBB20133DBB207221340DCB29B4B6D
:1088D0001A68C0239B0413400ED0984B1A68C0231B
:1088E0009B041A4080235B049A420BD1944B1A6874
:1088F00080239B03134005D1924B1B689B02924A35
:10890000134005E08F4B1B689B025B088F4A1340A6
:10891000F722D20219001000E7F7A2FC0B00DB0AD5
:10892000DBB2E318DAB28A4B1A70894B1B7802214A
:10893000180001F0BFFF031E02D0022300F054FB19
:10894000844B00221A80844B20221A6020237B63F0
:108950006DE07F4B1B788022520294466344DC0218
:10896000764B1A68C0239B0413400ED0734B1A68D1
:10897000C0239B041A4080235B049A420BD1704BA6
:108980001A6880239B03134005D16E4B1B689B0222
:108990006D4A134005E06B4B1B689B025B086B4AFA
:1089A00013401900F723D802E7F7D4FB030019009E
:1089B000624B1A68C0239B0413400ED05F4B1A68A9
:1089C000C0239B041A4080235B049A420BD15C4B6A
:1089D0001A6880239B03134005D15A4B1B689B02E6
:1089E000594A134005E0574B1B689B025B08574AE6
:1089F00013404B43E2187B6BD3181A685B683A61EB
:108A00007B613B69013303D17B69013300D113E002
:108A1000504B1B8801339AB24E4B1A804E4B1B6849
:108A200008331A004C4B1A607B6B08337B637A6BFC
:108A300080231B019A428CD3454B1B78FB63444B2C
:108A40001B783B62D0E03D4B1A68C0239B04134067
:108A50000ED03A4B1A68C0239B041A4080235B0453
:108A60009A420BD1364B1A6880239B03134005D1E1
:108A7000344B1B689B02344A134005E0314B1B68A2
:108A80009B025B08314A1340F722D2021900100002
:108A9000E7F7E6FB0B00DB0AFA6BD31A0733072272
:108AA00013401C00254B1A68C0239B0413400ED0B2
:108AB000224B1A68C0239B041A4080235B049A420D
:108AC0000BD11F4B1A6880239B03134005D11D4B0C
:108AD0001B689B021C4A134005E01A4B1B689B0253
:108AE0005B081A4A1340F722D20219001000E7F778
:108AF000B7FB0B00DB0AE318FB63FB6B802252021F
:108B000094466344DC020D4B1A68C0239B04134057
:108B10000ED00A4B1A68C0239B041A4080235B04C2
:108B20009A421BD1064B1A6880239B03134015D130
:108B3000044B1B689B02044A134015E00075FF1F9D
:108B400020200240E075FF1F00FC0F0000FE070020
:108B50009E3700209C37002034020020C44B1B6845
:108B60009B025B08C34A13401900F723D802E7F7BA
:108B7000F1FA03001900C04B1A68C0239B0413408C
:108B80000ED0BD4B1A68C0239B041A4080235B049F
:108B90009A420BD1B94B1A6880239B03134005D12D
:108BA000B34B1B689B02B64A134005E0B04B1B68F1
:108BB0009B025B08AF4A13404B43E3181A257C190C
:108BC000180002F029F8030023707B191B78032B8F
:108BD00008D1AC4B1B88FC339AB2AA4B1A80FB6BB2
:108BE0003B6201E00A23FFE1A34B1A68C0239B0408
:108BF00013400ED0A04B1A68C0239B041A40802358
:108C00005B049A420BD19D4B1A6880239B0313404F
:108C100005D1974B1B689B02994A134005E0944B82
:108C20001B689B025B08934A1340F722D20219008B
:108C30001000E7F715FB0B00DB0AFA6B9A422DD008
:108C40008D4B1A68C0239B0413400ED08A4B1A68C0
:108C5000C0239B041A4080235B049A420BD1874BAC
:108C60001A6880239B03134005D1814B1B689B022C
:108C7000834A134005E07E4B1B689B025B087D4ADC
:108C80001340F722D20219001000E7F7E9FA0B00AF
:108C9000DB0A0433FA6B9A4200D0D4E67A4B1B7895
:108CA0001C00754B1A68C0239B0413400ED0724BF6
:108CB0001A68C0239B041A4080235B049A420BD19C
:108CC0006E4B1A6880239B03134005D1684B1B68C9
:108CD0009B026B4A134005E0654B1B689B025B08D7
:108CE000644A1340F722D20219001000E7F7B8FADD
:108CF0000B00DB0AE31A0133072213401C005E4B12
:108D00001A68C0239B0413400ED05B4B1A68C02323
:108D10009B041A4080235B049A420BD1574B1A687C
:108D200080239B03134005D1514B1B689B02544A7F
:108D3000134005E04E4B1B689B025B084D4A1340F5
:108D4000F722D20219001000E7F78AFA0B00DB0ABB
:108D5000E318FB63FB6B8022520294466344DC02FF
:108D6000454B1A68C0239B0413400ED0424B1A682F
:108D7000C0239B041A4080235B049A420BD13F4BD3
:108D80001A6880239B03134005D1394B1B689B0253
:108D90003B4A134005E0364B1B689B025B08354A93
:108DA00013401900F723D802E7F7D4F9030019009C
:108DB000314B1A68C0239B0413400ED02E4B1A6807
:108DC000C0239B041A4080235B049A420BD12B4B97
:108DD0001A6880239B03134005D1254B1B689B0217
:108DE000274A134005E0224B1B689B025B08214A7F
:108DF00013404B43E318BB63D9E0FB1D1B78002BEA
:108E000008D1FB6B0121180001F0A6FF031E14D04E
:108E10000123E9E080231A01BB6B1100180000F068
:108E2000B4FD0300102B08D1FB6B0121180001F0E9
:108E300093FF031E01D00123D6E00F4B1A68C02315
:108E40009B0413400ED00C4B1A68C0239B041A409D
:108E500080235B049A4219D1084B1A6880239B0334
:108E6000134013D1024B1B689B02054A134013E0C9
:108E7000E075FF1F00FE07000075FF1F2020024065
:108E800000FC0F009C3700209E370020584B1B68C9
:108E90009B025B08574A1340F722D20219001000C8
:108EA000E7F7DEF90B00DB0AFA6BD31A013307226E
:108EB00013401C00504B1A68C0239B0413400ED073
:108EC0004D4B1A68C0239B041A4080235B049A42CE
:108ED0000BD14A4B1A6880239B03134005D1444BA6
:108EE0001B689B02464A134005E0414B1B689B02EE
:108EF0005B08404A1340F722D20219001000E7F73E
:108F0000AFF90B00DB0AE318FB63FB6B8022520214
:108F100094466344DC02384B1A68C0239B04134018
:108F20000ED0354B1A68C0239B041A4080235B0483
:108F30009A420BD1314B1A6880239B03134005D111
:108F40002B4B1B689B022E4A134005E0284B1B68E5
:108F50009B025B08274A13401900F723D802E7F762
:108F6000F9F803001900244B1A68C0239B0413402E
:108F70000ED0214B1A68C0239B041A4080235B0447
:108F80009A420BD11D4B1A6880239B03134005D1D5
:108F9000174B1B689B021A4A134005E0144B1B68D1
:108FA0009B025B08134A13404B43E318BB63FA6B05
:108FB0003B6A9A4200D020E701F05EFFFB69002B7C
:108FC00011D10E257C190021002001F09DFB03002A
:108FD00023807B191B88002B05D07B191B88122B43
:108FE00001D0022300E000231800BD4610B0B0BD40
:108FF000E075FF1F00FE07000075FF1F20200240E4
:1090000000FC0F0090B585B000AF0200FB1D1A7088
:109010000023FB6001F07EFF031E01D00E2331E12F
:109020009A4B1A68C0239B0413400ED0974B1A68C2
:10903000C0239B041A4080235B049A420BD1944BBB
:109040001A6880239B03134005D1924B1B689B0237
:10905000914A134005E08F4B1B689B025B088F4AC7
:109060001340F722D20219001000E7F7F9F80B00BD
:10907000DB0AFB6072E0FB1D1B78002B08D1FB684C
:109080000121180001F068FE031E64D00123F9E0FD
:10909000FB688022520294466344DC027B4B1A68D0
:1090A000C0239B0413400ED0784B1A68C0239B0446
:1090B0001A4080235B049A420BD1754B1A688023B7
:1090C0009B03134005D1734B1B689B02724A1340EC
:1090D00005E0704B1B689B025B08704A1340190047
:1090E000F723D802E7F736F803001900674B1A6830
:1090F000C0239B0413400ED0644B1A68C0239B040A
:109100001A4080235B049A420BD1614B1A6880237A
:109110009B03134005D15F4B1B689B025E4A1340C3
:1091200005E05C4B1B689B025B085C4A13404B43A9
:10913000E318802212011100180000F026FC030041
:10914000102B08D1FB680121180001F005FE031E59
:1091500001D0012396E0FB680133FB604B4B1A689A
:10916000C0239B0413400ED0484B1A68C0239B04B5
:109170001A4080235B049A420BD1454B1A68802326
:109180009B03134005D1434B1B689B02424A13408B
:1091900005E0404B1B689B025B08404A1340F722E6
:1091A000D20219001000E7F75BF80B00DB0A083366
:1091B000FA689A4200D25EE701F05EFE334B1A680D
:1091C000C0239B0413400ED0304B1A68C0239B046D
:1091D0001A4080235B049A420BD12D4B1A688023DE
:1091E0009B03134005D12B4B1B689B022A4A13405B
:1091F00005E0284B1B689B025B08284A1340F722B6
:10920000D20219001000E7F72BF80B00DB0A02214D
:10921000180001F04FFB031E01D0022332E0204B67
:1092200000221A80194B1A68C0239B0413400ED0E9
:10923000164B1A68C0239B041A4080235B049A4291
:109240000BD1134B1A6880239B03134005D1114B9C
:109250001B689B02104A134005E00E4B1B689B02E3
:109260005B080E4A1340F722D20219001000E6F7FD
:10927000F7FF0B00DB0ADAB20A4B1A700A4B202206
:109280001A6000231800BD4605B090BD0075FF1F91
:1092900020200240E075FF1F00FC0F0000FE0700C9
:1092A0009C3700209E37002034020020B0B584B0E7
:1092B00000AF02003960BB1D1A80BB1D1B88002B4C
:1092C0001CD0BB1D1B88104A934217D00023BB60E3
:1092D0000E257B1900221A807C190823FA18BB1D61
:1092E0001B881100180000F087F903002380BB6879
:1092F0009AB23B681A807B191B8800E0082318008B
:10930000BD4604B0B0BDC046FFFF000080B582B0CE
:1093100000AF0200BB1D1A803B1D0A1C1A80BB1D3A
:109320001B88002B0ED0BB1D1B88094A934209D015
:109330003B1D1A88BB1D1B881100180000F0FCFAA9
:10934000030000E008231800BD4602B080BDC046FF
:10935000FFFF000090B587B000AF00237B610023C2
:109360003B610023FB600023BB60FB1D05221A70DC
:10937000BB1D05221A709B4B1A68C0239B04134027
:109380000ED0984B1A68C0239B041A4080235B04BC
:109390009A420BD1944B1A6880239B03134005D14A
:1093A000924B1B689B02924A134005E08F4B1B684F
:1093B0009B025B088F4A1340F722D202190010006B
:1093C000E6F74EFF0B00DB0A7B61D8E07B69802269
:1093D000520294466344DC02824B1A68C0239B0409
:1093E00013400ED07F4B1A68C0239B041A40802381
:1093F0005B049A420BD17C4B1A6880239B03134079
:1094000005D17A4B1B689B02794A134005E0774BE4
:109410001B689B025B08774A13401900F723D802A8
:10942000E6F798FE030019006E4B1A68C0239B04F0
:1094300013400ED06B4B1A68C0239B041A40802344
:109440005B049A420BD1684B1A6880239B0313403C
:1094500005D1664B1B689B02654A134005E0634BD0
:109460001B689B025B08634A13404B43E318FB6095
:10947000FC1DFB68180001F0CFFB03002370FB1DEF
:109480001B78042B00D077E07B6901333B6161E0FE
:109490003B698022520294466344DC02514B1A68B5
:1094A000C0239B0413400ED04E4B1A68C0239B046C
:1094B0001A4080235B049A420BD14B4B1A688023DD
:1094C0009B03134005D1494B1B689B02484A13403C
:1094D00005E0464B1B689B025B08464A1340190097
:1094E000F723D802E6F736FE030019003D4B1A6851
:1094F000C0239B0413400ED03A4B1A68C0239B0430
:109500001A4080235B049A420BD1374B1A688023A0
:109510009B03134005D1354B1B689B02344A134013
:1095200005E0324B1B689B025B08324A13404B43F9
:10953000E318BB60BC1DBB68180001F06DFB0300A5
:109540002370BB1D1B78042B01D0052346E03B692B
:1095500001333B617B6904333A699A4298D37B6952
:109560000421180001F0F8FB031E01D0012335E0AF
:1095700001F082FC002331E07B6904337B61194BED
:109580001A68C0239B0413400ED0164B1A68C023E0
:109590009B041A4080235B049A420BD1124B1A6839
:1095A00080239B03134005D1104B1B689B02104A7C
:1095B000134005E00D4B1B689B025B080D4A1340EE
:1095C000F722D20219001000E6F74AFE0B00DB0A70
:1095D00008337A699A4200D2F8E605231800BD469E
:1095E00007B090BD0075FF1F20200240E075FF1FEF
:1095F00000FC0F0000FE0700F0B58FB000AF0200C6
:1096000039611623FB181A80002200233A627B621C
:1096100000237B6300233B630023FB620023FB6189
:109620001B2310229B18DB1905221A70002000F062
:10963000D3F903007B637B6B013301D103236CE11E
:109640007B6B8022520294466344DE02B54B1A685B
:10965000C0239B0413400ED0B24B1A68C0239B0456
:109660001A4080235B049A420BD1AF4B1A688023C7
:109670009B03134005D1AD4B1B689B02AC4A1340C2
:1096800005E0AA4B1B689B025B08AA4A134019001D
:10969000F723D802E6F75EFD03001900A14B1A6814
:1096A000C0239B0413400ED09E4B1A68C0239B041A
:1096B0001A4080235B049A420BD19B4B1A6880238B
:1096C0009B03134005D1994B1B689B02984A13409A
:1096D00005E0964B1B689B025B08964A13404B4380
:1096E000F3183B631B2310229B18DE193B6B1800F9
:1096F00001F092FA03003370FAE0FF23DB00FB6213
:109700003DE03A6BFB6AD3181A685B683A627B6289
:109710003B6A013302D17B6A01332DD03A6A7B6AFE
:10972000131C9BB21622BA1812889A4224D17B6A63
:109730001B00BB600023FB60B8683A6A7B6A131C9D
:109740009BB2190001F0D2FA0300FB617B6A1B0493
:109750003A6A140C1C437B6A1D0CA3B21A00FB6905
:10976000934209D17B6A1B003B6000237B603A680F
:109770003B691A600023D0E0FB6A083BFB62FB6A8E
:109780001F2BBED8674B1A68C0239B0413400ED012
:10979000644B1A68C0239B041A4080235B049A42DE
:1097A0000BD1614B1A6880239B03134005D15F4B9B
:1097B0001B689B025E4A134005E05C4B1B689B02E2
:1097C0005B085C4A1340F722D20219001000E6F74A
:1097D00047FD0B00DB0A7A6BD31A073307221340CD
:1097E0001E00504B1A68C0239B0413400ED04D4BF3
:1097F0001A68C0239B041A4080235B049A420BD151
:10980000494B1A6880239B03134005D1474B1B68C3
:109810009B02474A134005E0444B1B689B025B08D0
:10982000444A1340F722D20219001000E6F718FD4F
:109830000B00DB0AF3187B637B6B80225202944699
:109840006344DE02374B1A68C0239B0413400ED0DA
:10985000344B1A68C0239B041A4080235B049A424D
:109860000BD1314B1A6880239B03134005D12F4B3A
:109870001B689B022E4A134005E02C4B1B689B0281
:109880005B082C4A13401900F723D802E6F762FC64
:1098900003001900234B1A68C0239B0413400ED009
:1098A000204B1A68C0239B041A4080235B049A4211
:1098B0000BD11D4B1A6880239B03134005D11B4B12
:1098C0001B689B021A4A134005E0184B1B689B0259
:1098D0005B08184A13404B43F3183B631B231022C9
:1098E0009B18DE193B6B180001F096F903003370EA
:1098F0001B2210215318DB191B78022B00D1FCE628
:109900005318DB191B78032B00D1F6E65318DB192B
:109910001B78042B00D1F0E607231800BD460FB0DA
:10992000F0BDC0460075FF1F20200240E075FF1FFC
:1099300000FC0F0000FE0700B0B584B000AF0200CD
:109940003960BB1D1A800E257B1900221A807C19F4
:109950003A68BB1D1B881100180000F0D5FE0300FB
:1099600023807B191B88122B08D13968BB1D1B88EB
:109970000022180000F052FA030002E00E23FB1848
:109980001B881800BD4604B0B0BD80B584B000AFE0
:10999000786039600E23FB1811221A800023BB6007
:1099A0000FE07A68BB68D3181A685B68511C01D154
:1099B000013303D00E23FB1810221A80BB68083332
:1099C000BB60BA683B689A42EBD30E23FB181B8836
:1099D0001800BD4604B080BD90B587B000AF02004E
:1099E000FB1D1A701723FB1805221A701623FB188B
:1099F00005221A7000233B610023FB600023BB603B
:109A0000CB4B1B783B613B698022520294466344F6
:109A1000DC02C84B1A68C0239B0413400ED0C54B10
:109A20001A68C0239B041A4080235B049A420BD11E
:109A3000C14B1A6880239B03134005D1BF4B1B68A1
:109A40009B02BF4A134005E0BC4B1B689B025B08AE
:109A5000BC4A13401900F723D802E6F77BFB03004A
:109A60001900B44B1A68C0239B0413400ED0B14BAD
:109A70001A68C0239B041A4080235B049A420BD1CE
:109A8000AD4B1A6880239B03134005D1AB4B1B6879
:109A90009B02AB4A134005E0A84B1B689B025B0886
:109AA000A84A13404B43E3181722BC18180001F0D2
:109AB000B3F8030023709F4B1A68C0239B04134024
:109AC0000ED09C4B1A68C0239B041A4080235B0471
:109AD0009A420BD1984B1A6880239B03134005D1FF
:109AE000964B1B689B02964A134005E0934B1B68FC
:109AF0009B025B08934A1340F722D2021900100020
:109B0000E6F7AEFB0B00DB0A3A69D31A01330722F2
:109B100013401C00874B1A68C0239B0413400ED0CF
:109B2000844B1A68C0239B041A4080235B049A422A
:109B30000BD1814B1A6880239B03134005D17F4BC7
:109B40001B689B027E4A134005E07C4B1B689B020E
:109B50005B087C4A1340F722D20219001000E6F796
:109B60007FFB0B00DB0AE318FB60FB6880225202DC
:109B700094466344DC026F4B1A68C0239B04134075
:109B80000ED06C4B1A68C0239B041A4080235B04E0
:109B90009A420BD1684B1A6880239B03134005D16E
:109BA000664B1B689B02664A134005E0634B1B68CB
:109BB0009B025B08634A13401900F723D802E6F7BB
:109BC000C9FA030019005B4B1A68C0239B041340B9
:109BD0000ED0584B1A68C0239B041A4080235B04A4
:109BE0009A420BD1544B1A6880239B03134005D132
:109BF000524B1B689B02524A134005E04F4B1B68B7
:109C00009B025B084F4A13404B43E3181622BC18D3
:109C1000180001F001F803002370464B1A68C023B6
:109C20009B0413400ED0434B1A68C0239B041A4078
:109C300080235B049A420BD13F4B1A6880239B031D
:109C4000134005D13D4B1B689B023D4A134005E084
:109C50003A4B1B689B025B083A4A1340F722D20238
:109C600019001000E6F7FCFA0B00DB0A3A69D31A78
:109C70000733072213401C002E4B1A68C0239B0495
:109C800013400ED02B4B1A68C0239B041A4080232C
:109C90005B049A420BD1284B1A6880239B03134024
:109CA00005D1264B1B689B02254A134005E0234B38
:109CB0001B689B025B08234A1340F722D20219005B
:109CC0001000E6F7CDFA0B00DB0AE318BB60FB1DC2
:109CD0001B78022B00D18EE000DD96E0002B00D136
:109CE00078E0012B00D090E01723FB181B78022BA3
:109CF0003BD1154B1A6880231B019A4201D23B6964
:109D000085E01623FB181B78042B06D1FFF722FBF6
:109D1000031E02D001235B4279E03B690321180056
:109D200000F0C8FD031E11D001235B426FE0C04666
:109D30009E3700200075FF1F20200240E075FF1FA6
:109D400000FC0F0000FE070034020020FB68022127
:109D5000180000F0AFFD031E02D001235B4256E065
:109D60002D4B20221A60FB6851E01723FB181B784B
:109D7000012B2CD1284B1A6880231B019A4201D257
:109D80003B6944E01623FB181B78042B06D1FFF730
:109D9000E1FA031E02D001235B4238E03B69032154
:109DA000180000F087FD031E02D001235B422EE065
:109DB000FB680121180000F07DFD031E02D0012385
:109DC0005B4224E0144B20221A60FB681FE0012351
:109DD0005B421CE01723FB181B78022B01D13B6967
:109DE00015E01723FB181B78012B01D1BB680EE08F
:109DF00001235B420BE01623FB181B78002B01D1DB
:109E0000FB6804E001235B4201E001235B42180090
:109E1000BD4607B090BDC04634020020B0B58AB040
:109E200000AF39601100BB1D021C1A807B1D0A1C8B
:109E30001A702723FB1805221A700023BB61002328
:109E40003B620023FB61002200233A617B610E2309
:109E5000FB1800221A800023BB607B1D1B78002B9F
:109E600001D1022300E001231800FFF7B5FD030034
:109E70003B623B6A013302D1042300F032FCCC4B3D
:109E800000221A803B6ADAB2CA4B1A70CA4B2022EF
:109E90001A607B1D1B78002B09D13B6A0121180039
:109EA00000F008FD031E02D0022300F01AFCC34B91
:109EB0001A68C0239B0413400ED0C04B1A68C023FD
:109EC0009B041A4080235B049A420BD1BC4B1A6856
:109ED00080239B03134005D1BA4B1B689B02BA4AEF
:109EE000134005E0B74B1B689B025B08B74A134061
:109EF000F722D20219001000E6F7B2F90B00DB0AD4
:109F00003A6AD31A0733072213401C00AB4B1A6876
:109F1000C0239B0413400ED0A84B1A68C0239B0497
:109F20001A4080235B049A420BD1A54B1A68802308
:109F30009B03134005D1A34B1B689B02A24A13400D
:109F400005E0A04B1B689B025B08A04A1340F72268
:109F5000D20219001000E6F783F90B00DB0AE318C0
:109F60003B623B6A8022520294466344DC02934B7C
:109F70001A68C0239B0413400ED0904B1A68C0236C
:109F80009B041A4080235B049A420BD18C4B1A68C5
:109F900080239B03134005D18A4B1B689B028A4A8E
:109FA000134005E0874B1B689B025B08874A134000
:109FB0001900F723D802E6F7CDF8030019007F4B0C
:109FC0001A68C0239B0413400ED07C4B1A68C02330
:109FD0009B041A4080235B049A420BD1784B1A6889
:109FE00080239B03134005D1764B1B689B02764A66
:109FF000134005E0734B1B689B025B08734A1340D8
:10A000004B43E318BB6127257C19BB69180000F09E
:10A0100003FE030023707B191B78022B04D07B19ED
:10A020001B78042B00D0A1E12723FB181B78022BFF
:10A0300009D13B6A0421180000F03CFC031E02D049
:10A04000022300F04EFB5D4B1A68C0239B041340B3
:10A050000ED05A4B1A68C0239B041A4080235B041D
:10A060009A420BD1564B1A6880239B03134005D1AB
:10A07000544B1B689B02544A134005E0514B1B682C
:10A080009B025B08514A1340F722D20219001000CC
:10A09000E6F7E6F80B00DB0A3A6AD31A0733072221
:10A0A00013401C00454B1A68C0239B0413400ED07C
:10A0B000424B1A68C0239B041A4080235B049A42D7
:10A0C0000BD13F4B1A6880239B03134005D13D4BB6
:10A0D0001B689B023C4A134005E03A4B1B689B02FD
:10A0E0005B083A4A1340F722D20219001000E6F743
:10A0F000B7F80B00DB0AE3183B623B6A802252028E
:10A1000094466344DC022D4B1A68C0239B04134021
:10A110000ED02A4B1A68C0239B041A4080235B048C
:10A120009A420BD1264B1A6880239B03134005D11A
:10A13000244B1B689B02244A134005E0214B1B68FB
:10A140009B025B08214A13401900F723D802E6F767
:10A1500001F803001900194B1A68C0239B0413402F
:10A160000ED0164B1A68C0239B041A4080235B0450
:10A170009A420BD1124B1A6880239B03134005D1DE
:10A18000104B1B689B02104A134005E00D4B1B68E7
:10A190009B025B080D4A13404B43E318BB61272326
:10A1A000FC18BB69180000F037FD03002370D1E0F4
:10A1B0009C3700209E370020340200200075FF1FCE
:10A1C00020200240E075FF1F00FC0F0000FE07008A
:10A1D0002723FB181B78032B08D13B6A04211800A6
:10A1E00000F068FB031E01D002237AE2CA4B1A6812
:10A1F000C0239B0413400ED0C74B1A68C0239B0496
:10A200001A4080235B049A420BD1C44B1A68802306
:10A210009B03134005D1C24B1B689B02C14A1340EC
:10A2200005E0BF4B1B689B025B08BF4A1340F72247
:10A23000D20219001000E6F713F80B00DB0A3A6AA5
:10A24000D31A0733072213401C00B34B1A68C023EC
:10A250009B0413400ED0B04B1A68C0239B041A40D5
:10A2600080235B049A420BD1AC4B1A6880239B037A
:10A27000134005D1AA4B1B689B02AA4A134005E074
:10A28000A74B1B689B025B08A74A1340F722D20228
:10A2900019001000E5F7E4FF0B00DB0AE3183B624E
:10A2A0003B6A8022520294466344DC029A4B1A684D
:10A2B000C0239B0413400ED0974B1A68C0239B0405
:10A2C0001A4080235B049A420BD1944B1A68802376
:10A2D0009B03134005D1924B1B689B02914A13408C
:10A2E00005E08F4B1B689B025B088F4A13401900E7
:10A2F000F723D802E5F72EFF03001900864B1A68F2
:10A30000C0239B0413400ED0834B1A68C0239B04C8
:10A310001A4080235B049A420BD1804B1A68802339
:10A320009B03134005D17E4B1B689B027D4A134063
:10A3300005E07B4B1B689B025B087B4A13404B4349
:10A34000E318BB612723FC18BB69180000F064FC0C
:10A35000030023702722BB181B78032B00D137E79B
:10A36000BB181B78042B00D132E70AE07B1D1B7859
:10A37000012B04D12723FB181B78032B01D00A23C0
:10A38000AFE17B1D1B78012B00D050E12023FB6146
:10A390006DE0664B1B788022520294466344DC02D7
:10A3A0005D4B1A68C0239B0413400ED05A4B1A68A9
:10A3B000C0239B041A4080235B049A420BD1574B65
:10A3C0001A6880239B03134005D1554B1B689B02E1
:10A3D000544A134005E0524B1B689B025B08524AEB
:10A3E00013401900F723D802E5F7B4FE0300190063
:10A3F000494B1A68C0239B0413400ED0464B1A6881
:10A40000C0239B041A4080235B049A420BD1434B28
:10A410001A6880239B03134005D1414B1B689B02A4
:10A42000404A134005E03E4B1B689B025B083E4AD6
:10A4300013404B43E218FB69D3181A685B683A6112
:10A440007B613B69013303D17B69013300D113E0A8
:10A45000374B1B8801339AB2354B1A80354B1B683A
:10A4600008331A00334B1A60FB690833FB61FA6941
:10A4700080231B019A428CD32C4B1B783B62002318
:10A48000FB61CEE0244B1A68C0239B0413400ED01E
:10A49000214B1A68C0239B041A4080235B049A4214
:10A4A0000BD11E4B1A6880239B03134005D11C4B14
:10A4B0001B689B021B4A134005E0194B1B689B025B
:10A4C0005B08194A1340F722D20219001000E5F781
:10A4D000C7FE0B00DB0A3A6AD31A07330722134080
:10A4E0001C000D4B1A68C0239B0413400ED00A4B6E
:10A4F0001A68C0239B041A4080235B049A421BD134
:10A50000064B1A6880239B03134015D1044B1B682C
:10A510009B02044A134015E00075FF1F20200240F3
:10A52000E075FF1F00FC0F0000FE07009E370020B3
:10A530009C370020340200206C4B1B689B025B0898
:10A540006B4A1340F722D20219001000E5F788FE8B
:10A550000B00DB0AE3183B623B6A802252029446FE
:10A560006344DC02634B1A68C0239B0413400ED083
:10A57000604B1A68C0239B041A4080235B049A42F4
:10A580000BD15D4B1A6880239B03134005D1574BB9
:10A590001B689B02594A134005E0544B1B689B0201
:10A5A0005B08534A13401900F723D802E5F7D2FDA0
:10A5B000030019004F4B1A68C0239B0413400ED0B0
:10A5C0004C4B1A68C0239B041A4080235B049A42B8
:10A5D0000BD1494B1A6880239B03134005D1434B91
:10A5E0001B689B02454A134005E0404B1B689B02D9
:10A5F0005B083F4A13404B43E31827257C1918009A
:10A6000000F00AFB030023707B191B78032B0DD18C
:10A610003B4B1B88FC339AB2394B1A80FB690133E0
:10A62000FB61FB69072B00D82CE700E0C0463A68C5
:10A63000BB1D1B881100180000F066F8031E01D036
:10A6400002234EE02E4B1B88022B03D92C4B1B8878
:10A65000023B00E00123FB6132E0BB1D1B88FA696D
:10A660009A422AD0FB699BB20E257C190822BA189F
:10A6700011001800FEF7C0FF0300238029007B189B
:10A680001B88002B11D1FB699BB2BA680D007C18A6
:10A690001100180000F038F8030023807B191B8894
:10A6A000002B0AD07B191B881BE00E22BB181B88CD
:10A6B000072B02D0BB181B8813E0FB690133FB6139
:10A6C000FA69FA239B009A42C7D90E4B1B780221E4
:10A6D000180000F0EFF8031E01D0022301E08023F0
:10A6E0005B001800BD460AB0B0BDC046E075FF1F54
:10A6F00000FE07000075FF1F2020024000FC0F0035
:10A700009C3700209E370020F0B591B000AF0300C9
:10A71000B9622E22BA1813800023FB635E4B1A889D
:10A72000FC239B009A4201D31223B1E00120FFF7E2
:10A7300053F90300BB6300237B63BB6B013301D17F
:10A740000323A5E0BB6B8022520294466344DE02E1
:10A75000524B1A68C0239B0413400ED04F4B1A680B
:10A76000C0239B041A4080235B049A420BD14C4BBC
:10A770001A6880239B03134005D14A4B1B689A0239
:10A78000494B134005E0474B1B689B025A08474B57
:10A7900013401900F723D802E5F7DCFC0300190089
:10A7A0003E4B1A68C0239B0413400ED03B4B1A68E3
:10A7B000C0239B041A4080235B049A420BD1384B80
:10A7C0001A6880239B03134005D1364B1B689A02FD
:10A7D000354B134005E0334B1B689B025A08334B43
:10A7E00013404B43F3187B63BB6A002B07D12E2326
:10A7F000FB181B88002B02D10023FB6309E02E23EA
:10A80000FB181A88BB6A1100180000F06FFA0300E9
:10A81000FB63274B1A687B6BD118BB6ABB610023B3
:10A82000FB61BB691B007B6200233B62FB6B1B046B
:10A830003B6100237B61386A3A697B6916003043CB
:10A840000400786A184305002E23FB181B889BB26E
:10A85000BB600023FB60BA68FB68100020433860CF
:10A860002B437B603A687B68080000F063FA031EA4
:10A8700001D002230CE00E4B1B6808331A000C4B6E
:10A880001A60054B1B8801339AB2034B1A800023D0
:10A890001800BD4611B0F0BD9C3700200075FF1FA9
:10A8A00020200240E075FF1F00FC0F0000FE0700A3
:10A8B0003402002090B587B000AF78600A00FB1C1E
:10A8C0001A7000237B6100233B610023FB6000239F
:10A8D000BB607B688022520294466344DC02C44B16
:10A8E0001A68C0239B0413400ED0C14B1A68C023C2
:10A8F0009B041A4080235B049A420BD1BD4B1A681B
:10A9000080239B03134005D1BB4B1B689B02BB4AB2
:10A91000134005E0B84B1B689B025B08B84A134024
:10A920001900F723D802E5F715FC03001900B04B16
:10A930001A68C0239B0413400ED0AD4B1A68C02385
:10A940009B041A4080235B049A420BD1A94B1A68DE
:10A9500080239B03134005D1A74B1B689B02A74A8A
:10A96000134005E0A44B1B689B025B08A44A1340FC
:10A970004B43E3187B617B68802252029446634418
:10A98000DC029B4B1A68C0239B0413400ED0984BEB
:10A990001A68C0239B041A4080235B049A420BD19F
:10A9A000944B1A6880239B03134005D1924B1B687C
:10A9B0009B02924A134005E08F4B1B689B025B0889
:10A9C0008F4A13401900F723D802E5F7C3FB0300B1
:10A9D0001900874B1A68C0239B0413400ED0844B88
:10A9E0001A68C0239B041A4080235B049A420BD14F
:10A9F000804B1A6880239B03134005D17E4B1B6854
:10AA00009B027E4A134005E07B4B1B689B025B0860
:10AA10007B4A13404B43E31808333B617B68802239
:10AA2000520294466344DC02714B1A68C0239B04B3
:10AA300013400ED06E4B1A68C0239B041A4080232B
:10AA40005B049A420BD16B4B1A6880239B03134023
:10AA500005D1694B1B689B02684A134005E0664BB1
:10AA60001B689B025B08664A13401900F723D80253
:10AA7000E5F770FB030019005D4B1A68C0239B04C7
:10AA800013400ED05A4B1A68C0239B041A408023EF
:10AA90005B049A420BD1574B1A6880239B031340E7
:10AAA00005D1554B1B689B02544A134005E0524B9D
:10AAB0001B689B025B08524A13404B43E318103358
:10AAC000FB607B688022520294466344DC02484B60
:10AAD0001A68C0239B0413400ED0454B1A68C0234C
:10AAE0009B041A4080235B049A420BD1414B1A68A5
:10AAF00080239B03134005D13F4B1B689B023F4AB9
:10AB0000134005E03C4B1B689B025B083C4A13402A
:10AB10001900F723D802E5F71DFB03001900344B99
:10AB20001A68C0239B0413400ED0314B1A68C0230F
:10AB30009B041A4080235B049A420BD12D4B1A6868
:10AB400080239B03134005D12B4B1B689B022B4A90
:10AB5000134005E0284B1B689B025B08284A134002
:10AB60004B43E3181833BB60FB1C1B78042B30D01D
:10AB700039DC032B23D036DC012B02D0022B0FD083
:10AB800031E0204A1F4B7969080000F0D3F8031E1A
:10AB900001D002233CE07B68DAB21B4B1A7036E02E
:10ABA000184A184B3969080000F0C4F8031E01D098
:10ABB00002232DE07B68DAB2134B1A7027E0114AAA
:10ABC000104BF968080000F0B5F8031E0DD0022301
:10ABD0001EE00C4A0B4BB968080000F0ABF8031EEE
:10ABE00014D0022314E0C04611E0C0460FE0C04676
:10ABF0000075FF1F20200240E075FF1F00FC0F00C2
:10AC000000FE0700AAAAAAAA9E370020C046002379
:10AC10001800BD4607B090BD80B58AB000AF78601F
:10AC2000002200233A627B6200220023BA61FB61AA
:10AC3000002200233A617B6100220023BA60FB609E
:10AC40007B681A685B683A627B627B6808331A68C3
:10AC50005B68BA61FB617B6810331A685B683A61B4
:10AC60007B617B6818331A685B68BA60FB60BB68FD
:10AC7000013302D1FB68013301D0042318E03B69A2
:10AC8000013302D17B69013301D0032310E0BB699A
:10AC9000013302D1FB69013301D0022308E03B6A92
:10ACA000013302D17B6A013301D0012300E000238C
:10ACB0001800BD460AB080BD80B500AF80235B019F
:10ACC0001800FCF74FFD074A074B11001800FCF76E
:10ACD00015FD054B08211800FCF7FEFCC046BD46DB
:10ACE00080BDC046058000000030024080B582B0C3
:10ACF00000AF78600A00BB1C1A800D4B1800FCF7EF
:10AD0000DDFC7B680A4A19001000FCF703FDBB1C40
:10AD10001B88074A19001000FCF708FD044B1800B7
:10AD2000FCF715FD03001800BD4602B080BDC0460B
:10AD30000030024080B584B000AFF8603A607B60BC
:10AD40003A687B68F968012005F056FC030018009A
:10AD5000BD4604B080BD000090B58BB000AF7860F8
:10AD60000A00BB1C1A802623FB1800221A8000232D
:10AD7000FB607B688022520294466344DC02394BBC
:10AD80001A68C0239B0413400ED0364B1A68C023A8
:10AD90009B041A4080235B049A420BD1324B1A6801
:10ADA00080239B03134005D1304B1B689B02304A24
:10ADB000134005E02D4B1B689B025B082D4A134096
:10ADC0001900F723D802E5F7C5F903001900254B50
:10ADD0001A68C0239B0413400ED0224B1A68C0236C
:10ADE0009B041A4080235B049A420BD11E4B1A68C5
:10ADF00080239B03134005D11C4B1B689B021C4AFC
:10AE0000134005E0194B1B689B025B08194A13406D
:10AE10004B43E318180000F035F803003B621021A3
:10AE20007B183A6A5A607B1802221A60BB1C1A8887
:10AE30007B18DA607B187A689A600C23FA187B1802
:10AE40001100180005F0DAFC031E03D02623FB18BE
:10AE500001221A802623FB181B881800BD460BB060
:10AE600090BDC0460075FF1F20200240E075FF1F07
:10AE700000FC0F0000FE070080B500AFC046BD46D5
:10AE800080BD000080B584B000AF78600023FB6017
:10AE90001B4B1A68C0239B0413400ED0184B1A6832
:10AEA000C0239B041A4080235B049A420FD1154BA8
:10AEB0001A6880239B03134009D1134B1B689B0224
:10AEC000124A1340802212059446634409E00E4B57
:10AED0001B689B025B080E4A1340802212059446B1
:10AEE00063447A68934202D90423FB6002E0802322
:10AEF0001B02FB60FB681800BD4604B080BDC04665
:10AF00000075FF1F20200240E075FF1F00FC0F00AE
:10AF100000FE070080B582B000AFBB1D00221A8082
:10AF2000BB1D1B881800BD4602B080BD80B582B035
:10AF300000AFEFF305837B607B685A1E9341DBB261
:10AF40001800BD4602B080BD80B500AF01F0A0FD85
:10AF500000231800BD4680BD80B584B000AF786086
:10AF60007B68FB60FB68002B01D0FB6800E00123DD
:10AF7000180001F065FC00231800BD4604B080BD38
:10AF800080B584B000AF786039603B68012B11D187
:10AF900003220021012000F052FE0300FB60FB6849
:10AFA000002B05D0F86800230022002100F0AFFE3E
:10AFB000FB6806E03B683A681100180000F08FFE5D
:10AFC00003001800BD4604B080BD000080B584B009
:10AFD00000AF786039600023BB607B68002B01D133
:10AFE000802336E00023FB603B68013303D101235B
:10AFF0005B42FB6009E03B68002B06D03B68FB60CE
:10B00000FB68002B01D10123FB60FFF78FFF031EBC
:10B0100013D00823FA187B680021180001F0FAF811
:10B020000300012B01D0FF2313E0BB68002B0FD0DE
:10B030000A4B802252051A600AE0FA687B68110008
:10B04000180001F02BF80300012B01D0FF2300E0D2
:10B0500000231800BD4604B080BDC04604ED00E0EA
:10B0600080B584B000AF78600023FB600023BB6034
:10B07000FFF75CFF031E13D00823FA187B6811004A
:10B08000180000F02CFF0300012B01D0FF2313E078
:10B09000BB68002B0FD00A4B802252051A600AE0D1
:10B0A000786800230022002100F031FE0300012B0C
:10B0B00001D0FF23FB60FB681800BD4604B080BDD3
:10B0C00004ED00E080B500AF02F018FA0300012B98
:10B0D00001D000F091FBC046BD4680BD80B584B074
:10B0E00000AF78600023FB60082000F0C1FB030084
:10B0F000BB60BB68002B12D000F02AFBBB687A68EB
:10B100001A60BB6800225A60074B1B68BA685A6015
:10B11000054BBA681A6000F02DFB0123FB60FB6849
:10B120001800BD4604B080BD4002002080B588B044
:10B1300000AFF860B9607A600123FB613E4B1B6889
:10B14000002B46D13C4B3D4A1A603CE03A4B1B6811
:10B150001B681B68BB61BB691800E4F7DFFF0300D5
:10B160007B61FA687B69D3181B785BB2202B06D011
:10B17000FA687B69D3181B785BB2002B1ED17A6901
:10B18000B969FB6818000BF0F3FF031E16D12A4BB8
:10B190001B681B681B7B5BB2002B19DBFB6818006C
:10B1A00000F062F903001A00234B1B681B681B7B2D
:10B1B0005BB29A420CD00023FB6109E01E4B1B6876
:10B1C0005A681D4B1A601C4B1B68002BBED100E057
:10B1D000C046194B1B68002B0CD0FB69002B09D112
:10B1E0007A681749BB6818000BF0D3FF124B002296
:10B1F0001A601CE0104B1B68002B10D00E4B1B6814
:10B200001B689B68FA687968B86898470300FB6117
:10B21000FB69002B0BD1084B00221A6007E07A680B
:10B220000849BB6818000BF0B4FF0023FB61FB6901
:10B230001800BD4608B080BD5C3A002038020020EE
:10B24000A8F0020800F1020880B500AF014B180019
:10B25000BD4680BDF837002080B586B000AFF860ED
:10B26000B9607A6000237B6100233B617B68002228
:10B270001A6042E0FB680133FB60FB681B785BB23D
:10B28000002B08D0FB681B785BB2202BF2D102E0C8
:10B29000FB680133FB60FB681B785BB2002B04D0BA
:10B2A000FB681B785BB2202BF2D0FB681B785BB28B
:10B2B000002B27D07B6901337B617A69BB689A4296
:10B2C0001BD1FB683B6107E07B681B685A1C7B68ED
:10B2D0001A60FB680133FB60FB681B785BB2002BD4
:10B2E00004D0FB681B785BB2202BEDD17B681B6818
:10B2F000002B09D100233B6106E07A69BB689A42C2
:10B30000BBD302E0C04600E0C0463B691800BD4622
:10B3100006B080BD80B586B000AFF860B9607A60D5
:10B3200000233B611023FA187B6801211800FFF706
:10B3300093FF0200434B1A60424B1B68002B2BD03B
:10B34000404B1B684049062218000BF011FF031EFA
:10B3500022D13E4B1B78072B02D13C4B00221A70A6
:10B360003A4B1B785A1CD1B2384A11701A00384B2C
:10B370009200D158BA68FB6818000BF00AFF334BF3
:10B380001B78072B05D100237B61304B00221A70FC
:10B3900052E001237B614FE02A4B1B68002B4BD10D
:10B3A0002C4B1B68002B05D12A4B2B4A1A602B4BC8
:10B3B00001221A70294B1A78294B1B789A421ED900
:10B3C000FB6808331800234B1B681B685968BB686F
:10B3D000083B1A000BF0DDFEFB680133214A110027
:10B3E00018000BF0C2FFFB6828221A70FB680633B6
:10B3F00029221A70FB68073320221A7008E0154BC7
:10B400001B681B685968BA68FB6818000BF0C1FE1E
:10B41000104B1B685A680F4B1A60104B1B78013396
:10B42000DAB20E4B1A700B4B1B68002B02D10023B3
:10B430007B6101E001237B617B691800BD4606B09A
:10B4400080BDC046603A002050F10208643A0020F6
:10B450004C000020683A0020380200206C3A00209E
:10B46000A40A002020BF020880B584B000AF786035
:10B470000F23FB1800221A700023BB6018E07B68C2
:10B480001B785BB2202B0ED1BB68012B0DD00F2196
:10B490007B181B785BB2DBB20133DAB27B181A700F
:10B4A0000123BB6001E00023BB607B6801337B604C
:10B4B0007B681B785BB2002BE1D1BB68012B08D104
:10B4C0000F217B181B785BB2DBB2013BDAB27B1831
:10B4D0001A700F23FB181B785BB21800BD4604B02E
:10B4E00080BD80B582B000AF78607B6808331A00F9
:10B4F0007B685A607B68012252429A607B680833FD
:10B500001A007B68DA607B6808331A007B681A616E
:10B510007B6800221A60C046BD4602B080BD80B57F
:10B5200082B000AF78607B6800221A61C046BD46D9
:10B5300002B080BD80B584B000AF786039607B68B0
:10B540005B68FB603B68FA685A60FB689A683B6816
:10B550009A60FB689B683A685A60FB683A689A6030
:10B560003B687A681A617B681B685A1C7B681A60A2
:10B57000C046BD4604B080BD80B584B000AF7860E1
:10B5800039603B681B68BB60BB68013303D17B68D3
:10B590001B69FB600CE07B680833FB6002E0FB6822
:10B5A0005B68FB60FB685B681B68BA689A42F6D20E
:10B5B000FB685A683B685A603B685B683A689A6007
:10B5C0003B68FA689A60FB683A685A603B687A6838
:10B5D0001A617B681B685A1C7B681A60C046BD46AE
:10B5E00004B080BD80B584B000AF78607B681B6913
:10B5F000FB607B685B687A6892689A607B689B688E
:10B600007A6852685A60FB685B687A689A4203D12C
:10B610007B689A68FB685A607B6800221A61FB6845
:10B620001B685A1EFB681A60FB681B681800BD4641
:10B6300004B080BD80B584B000AFF860B9607A60B6
:10B64000FB68043BFB60FB68802252041A60FB68C5
:10B65000043BFB60BA68FB681A60FB68043BFB6054
:10B66000084AFB681A60FB68143BFB607A68FB6859
:10B670001A60FB68203BFB60FB681800BD4604B005
:10B6800080BDC04689B6010880B582B000AF0023F6
:10B690007B6072B6C0467B68002BFCD0C046C046BB
:10B6A000BD4602B080BD80B500AFC046BD4680BD7E
:10B6B0000B4A13681868203080F30988022080F351
:10B6C0001488BFF36F8F3FBCAE4608BC04BC62B6A3
:10B6D0001847C046C046C046C046C046C046C046E1
:10B6E000609A0120C046C04680B500AF0E4B1A6874
:10B6F0000D4BFF2109040A431A600B4B1A680A4BD1
:10B70000FF2109060A431A6000F090F8074B002257
:10B710001A60FFF7CDFF01F0DDFBFFF7B5FF002357
:10B720001800BD4680BDC04620ED00E04402002068
:10B7300080B500AF054B802252051A60BFF34F8FD2
:10B74000BFF36F8FC046BD4680BDC04604ED00E02C
:10B7500080B500AF72B6064B1B685A1C044B1A60CA
:10B76000BFF34F8FBFF36F8FC046BD4680BDC0464D
:10B770004402002080B500AF064B1B685A1E054BE3
:10B780001A60044B1B68002B00D162B6C046BD4650
:10B7900080BDC04644020020EFF3108072B67047AF
:10B7A000C046180080F310887047C04600000000B3
:10B7B000EFF309800E4B1A6820381060F0C0444641
:10B7C0004D4656465F46F0C008B572B601F082FBA2
:10B7D00062B60CBC116808681030F0C8A046A946D3
:10B7E000B246BB4680F309882038F0C81847C046E7
:10B7F000609A0120C046C04680B582B000AFFFF716
:10B80000CBFF03007B6001F0BDFA031E03D0064BA3
:10B81000802252051A607B681800FFF7C3FFC046FC
:10B82000BD4602B080BDC04604ED00E080B500AF6B
:10B830000B4B00221A600B4B00221A600A4B1B684C
:10B84000FA2291001800E4F785FC03001A00074B68
:10B85000013A1A60024B07221A60C046BD4680BDFD
:10B8600010E000E018E000E03002002014E000E00A
:10B8700080B586B000AF78600023FB6001F042F92C
:10B88000454B1B68002B01D100F0D2F8434B1B68DD
:10B890007A68134000D072E07B68002B0CD008223D
:10B8A0007B689B187B607B680722134004D07B6811
:10B8B0000722934308337B607B68002B5FD0384BB3
:10B8C0001B687A689A425AD8364B3B61354B1B68E5
:10B8D0007B6104E07B693B617B691B687B617B6901
:10B8E0005B687A689A4203D97B691B68002BF1D1A7
:10B8F000294B1B687A699A4241D03B691B68082230
:10B900009B18FB607B691A683B691A607B695A68FF
:10B910007B68D21A08235B009A4210D97A697B6847
:10B92000D318BB607B695A687B68D21ABB685A60BF
:10B930007B697A685A60BB68180000F0D9F8184B28
:10B940001A687B695B68D21A154B1A60144B1A6827
:10B95000154B1B689A4203D2114B1A68124B1A609E
:10B960007B695A680D4B1B681A437B695A607B6977
:10B9700000221A600D4B1B685A1C0C4B1A6001F018
:10B98000CDF8FB68002B01D1FAF7B6FCFB68180074
:10B99000BD4606B080BDC046089A01201C9A012011
:10B9A0000C9A0120009A0120109A0120149A01207B
:10B9B00080B584B000AF78607B68FB607B68002B4B
:10B9C0002CD008235B42FA68D318FB60FB68BB608D
:10B9D000BB685A68134B1B6813401FD0BB681B68B9
:10B9E000002B1BD1BB685A680E4B1B68DB431A4007
:10B9F000BB685A6001F086F8BB685A680A4B1B683E
:10BA0000D218094B1A60BB68180000F071F8074B98
:10BA10001B685A1C054B1A6001F080F8C046BD46F1
:10BA200004B080BD1C9A01200C9A0120189A0120B4
:10BA300080B584B000AF274BBB60274BFB60FB6831
:10BA4000072213400CD0FB680733FB60FB6807221A
:10BA50009343FB60BA68FB68D21A1F4BD318BB60D4
:10BA6000FB687B601D4B7A681A601C4B00225A6091
:10BA70007B68BA68D318FB600822FB689B1AFB60DE
:10BA8000FB6807229343FB60FA68154B1A60144B5E
:10BA90001B6800225A60124B1B6800221A607B68E8
:10BAA0003B603B68FA68D21A3B685A600C4B1A68D4
:10BAB0003B681A603B685A680A4B1A603B685A68D0
:10BAC000094B1A60094B802212061A60C046BD4617
:10BAD00004B080BD905F0100703A0020009A012000
:10BAE000089A0120109A01200C9A01201C9A01202A
:10BAF00080B584B000AF7860274BFB6002E0FB6844
:10BB00001B68FB60FB681B687A689A42F7D8FB6881
:10BB1000BB60FB685B68BA68D3187A689A4208D140
:10BB2000FB685A687B685B68D218FB685A60FB68E0
:10BB30007B607B68BB607B685B68BA68D218FB6817
:10BB40001B689A4218D1FB681A68144B1B689A420A
:10BB50000DD07B685A68FB681B685B68D2187B68ED
:10BB60005A60FB681B681A687B681A6008E00B4B18
:10BB70001A687B681A6003E0FB681A687B681A60C1
:10BB8000FA687B689A4202D0FB687A681A60C046FD
:10BB9000BD4604B080BDC046009A0120089A01202D
:10BBA00080B584B000AF786039607B68FB60FFF7D8
:10BBB000CFFDFB681A68FB68D96BFB681B6C4B43B5
:10BBC000D218FB689A60FB6800229A63FB681A68C7
:10BBD000FB685A60FB681A68FB68DB6B591EFB68E0
:10BBE0001B6C4B43D218FB68DA60FB684422FF21D0
:10BBF0009954FB684522FF2199543B68002B0DD1D5
:10BC0000FB681B69002B13D0FB681033180001F090
:10BC10002FFA031E0CD0FFF78BFD09E0FB681033F1
:10BC20001800FFF75EFCFB6824331800FFF759FC8F
:10BC3000FFF7A0FD01231800BD4604B080BD90B5FC
:10BC40008BB002AFF860B960FB1D1A70FB68BA6870
:10BC50005343FB61FB6950331800FFF709FE0300F3
:10BC6000BB61BB69002B0ED0BB697B617B69503324
:10BC70007B61FB1D1C787A69B968F868BB69009321
:10BC8000230000F005F8BB691800BD4609B090BD5F
:10BC900080B584B000AFF860B9607A601A00FB1C10
:10BCA0001A70BB68002B03D1BB69BA691A6002E045
:10BCB000BB697A681A60BB69FA68DA63BB69BA68FB
:10BCC0001A64BB6901211800FFF76AFFBB69FA1CFF
:10BCD0004C2112785A54C046BD4604B080BD80B590
:10BCE00084B000AF786039607B68022200211800C0
:10BCF000FFF7A5FF0300FB60FB68002B02D0FB6889
:10BD00003A689A63FB681800BD4604B080BD80B5F0
:10BD10008AB000AFF860B9607A603B6000237B6254
:10BD2000FB683B62FFF714FD3B6A9A6B3B6ADB6B77
:10BD30009A4202D33B68022B1ED13A68B9683B6A2B
:10BD4000180000F0CDFA0300FB613B6A5B6A002B30
:10BD500009D03B6A2433180001F08AF9031E07D08A
:10BD6000FFF7E6FC04E0FB69002B01D0FFF7E0FCE5
:10BD7000FFF700FD01235BE07B68002B03D1FFF799
:10BD8000F9FC002354E07B6A002B06D11423FB1836
:10BD9000180001F0C5F901237B62FFF7EBFC00F00E
:10BDA000B1FEFFF7D5FC3B6A44229B5C5BB20133DA
:10BDB00003D13B6A4422002199543B6A45229B5C93
:10BDC0005BB2013303D13B6A452200219954FFF74E
:10BDD000D1FC3A1D1423FB181100180001F0B4F92E
:10BDE000031E1ED13B6A180000F07FFB031E11D01A
:10BDF0003B6A10337A681100180001F0FDF83B6AC5
:10BE0000180000F0FEFA00F089FE031E8AD1FFF749
:10BE10008FFC87E73B6A180000F0F3FA00F07EFE23
:10BE200080E73B6A180000F0ECFA00F077FE002390
:10BE30001800BD460AB080BD90B58BB000AFF86069
:10BE4000B9607A603B60FB683B62FFF7A5FC0300CA
:10BE5000FB613B6A9A6B3B6ADB6B9A4202D33B689D
:10BE6000022B31D11B243B193A6A4521525C1A70CE
:10BE70003B6A9B6B7B613A68B9683B6A180000F0CB
:10BE80002FFA3B191B785BB2013311D13B6A5B6A15
:10BE9000002B16D03B6A2433180001F0E9F8031E8A
:10BEA0000FD07B68002B0CD07B6801221A6008E061
:10BEB0001B23FB181B780133DBB259B23B6A4522C6
:10BEC000995401237B6201E000237B62FB69180027
:10BED000FFF768FC7B6A1800BD460BB090BD80B5CB
:10BEE00088B000AF786039607B68BB61FFF754FCB5
:10BEF00003007B61BB699B6B3B61BB69DB6B3A6990
:10BF00009A422CD20F203B18BA694521525C1A7014
:10BF10003B695A1CBB699A633B181B785BB20133BF
:10BF200011D1BB695B6A002B16D0BB6924331800A2
:10BF300001F09EF8031E0FD03B68002B0CD03B682D
:10BF400001221A6008E00F23FB181B780133DBB2D3
:10BF500059B2BB69452299540123FB6101E00023DA
:10BF6000FB617B691800FFF71DFCFB691800BD46EB
:10BF700008B080BD80B58AB000AFF860B9607A6063
:10BF800000237B62FB683B62FFF7E2FB3B6A9B6B33
:10BF9000FB61FB69002B1AD0BA683B6A11001800DC
:10BFA00000F009FAFB695A1E3B6A9A633B6A1B69F7
:10BFB000002B08D03B6A1033180001F059F8031E1B
:10BFC00001D0FFF7B5FBFFF7D5FB012362E07B68EB
:10BFD000002B03D1FFF7CEFB00235BE07B6A002B35
:10BFE00006D11423FB18180001F09AF801237B6294
:10BFF000FFF7C0FB00F086FDFFF7AAFB3B6A442277
:10C000009B5C5BB2013303D13B6A4422002199540B
:10C010003B6A45229B5C5BB2013303D13B6A4522FC
:10C0200000219954FFF7A6FB3A1D1423FB181100B9
:10C03000180001F089F8031E1ED13B6A180000F0B9
:10C040003EFA031E11D03B6A24337A6811001800AF
:10C0500000F0D2FF3B6A180000F0D3F900F05EFD5B
:10C06000031E91D1FFF764FB8EE73B6A180000F0D6
:10C07000C8F900F053FD87E73B6A180000F0C1F9EA
:10C0800000F04CFD3B6A180000F019FA031E00D1C5
:10C090007AE700231800BD460AB080BD80B58AB09B
:10C0A00000AF7860396000237B627B68FB6100230E
:10C0B0003B62FFF74DFBFB699B6BBB61BB69002BD0
:10C0C0001DD0BB695A1EFB699A63FB691B68002B74
:10C0D00004D101F09FFC0200FB699A60FB691B69B7
:10C0E000002B08D0FB691033180000F0C1FF031EBD
:10C0F00001D0FFF71DFBFFF73DFB012386E03B6806
:10C10000002B03D1FFF736FB00237FE07B6A002B77
:10C1100006D10C23FB18180001F002F801237B6202
:10C12000FFF728FB00F0EEFCFFF712FBFB6944224F
:10C130009B5C5BB2013303D1FB694422002199541B
:10C14000FB6945229B5C5BB2013303D1FB6945224D
:10C1500000219954FFF70EFB3A000C23FB18110045
:10C16000180000F0F1FF031E2ED1FB69180000F04B
:10C17000A6F9031E21D0FB691B68002B0AD1FFF72B
:10C18000E7FAFB699B68180001F0D4F903003B62F1
:10C19000FFF7F0FAFB6924333A681100180000F049
:10C1A0002BFFFB69180000F02CF900F0B7FC031E10
:10C1B00000D07EE7FFF7BCFA7BE7FB69180000F0D0
:10C1C00020F900F0ABFC74E7FB69180000F019F9E6
:10C1D00000F0A4FCFB69180000F071F9031E00D107
:10C1E00067E73B6A002B10D0FFF7B2FAFB69180033
:10C1F00000F060F803007B61FB699B687A691100BD
:10C20000180001F04BFAFFF7B5FA00231800BD46FD
:10C210000AB080BD90B58BB000AFF860B9607A60AD
:10C22000FB683B62FFF7B8FA0300FB613B6A9B6B5C
:10C23000BB61BB69002B32D017243B193A6A4421F9
:10C24000525C1A70BA683B6A1100180000F0B3F82B
:10C25000BB695A1E3B6A9A633B191B785BB2013378
:10C2600011D13B6A1B69002B16D03B6A10331800B2
:10C2700000F0FEFE031E0FD07B68002B0CD07B6805
:10C2800001221A6008E01723FB181B780133DBB288
:10C2900059B23B6A4422995401237B6201E0002396
:10C2A0007B62FB691800FFF77DFA7B6A1800BD46C8
:10C2B0000BB090BD80B584B000AF78607B685B6ADE
:10C2C000002B06D07B681B6B1B680722D31AFB6010
:10C2D00001E00023FB60FB681800BD4604B080BD90
:10C2E00080B586B000AFF860B9607A6000237B61EA
:10C2F000FB689B6B3B61FB681B6C002B0ED1FB68E2
:10C300001B68002B4ED1FB689B68180001F07AF97E
:10C3100003007B61FB6800229A6043E07B68002B8E
:10C3200019D1FB685868FB681A6CBB6819000BF0E0
:10C3300024F8FB685A68FB681B6CD218FB685A60CB
:10C34000FB685A68FB689B689A422BD3FB681A68A3
:10C35000FB685A6026E0FB68D868FB681A6CBB680B
:10C3600019000BF00AF8FB68DA68FB681B6C5B428B
:10C37000D218FB68DA60FB68DA68FB681B689A42CF
:10C3800007D2FB689A68FB681B6C5B42D218FB689B
:10C39000DA607B68022B05D13B69002B02D03B6938
:10C3A000013B3B613B695A1CFB689A637B6918003F
:10C3B000BD4606B080BD80B582B000AF7860396000
:10C3C0007B681B6C002B18D07B68DA687B681B6C61
:10C3D000D2187B68DA607B68DA687B689B689A426F
:10C3E00003D37B681A687B68DA607B68D9687B68EE
:10C3F0001A6C3B6818000AF0C0FFC046BD4602B088
:10C4000080BD80B584B000AF7860FFF7A1F90F233D
:10C41000FB187A684521525C1A7013E07B685B6AEE
:10C42000002B16D07B682433180000F021FE031E79
:10C4300001D000F0CFFE0F217B181B78013BDAB250
:10C440007B181A700F23FB181B785BB2002BE5DCFE
:10C4500000E0C0467B684522FF219954FFF78AF926
:10C46000FFF776F90E23FB187A684421525C1A70A4
:10C4700013E07B681B69002B16D07B681033180013
:10C4800000F0F6FD031E01D000F0A4FE0E217B1883
:10C490001B78013BDAB27B181A700E23FB181B784D
:10C4A0005BB2002BE5DC00E0C0467B684422FF2144
:10C4B0009954FFF75FF9C046BD4604B080BD80B512
:10C4C00084B000AF7860FFF743F97B689B6B002B6B
:10C4D00002D10123FB6001E00023FB60FFF74AF972
:10C4E000FB681800BD4604B080BD80B584B000AFC5
:10C4F0007860FFF72DF97B689A6B7B68DB6B9A425B
:10C5000002D10123FB6001E00023FB60FFF732F959
:10C51000FB681800BD4604B080BD000080B584B043
:10C5200000AF786039600023FB6015E00E4BFA68BD
:10C53000D200D358002B0CD10B4BFA68D2003968CB
:10C54000D150094AFB68DB00D31804337A681A60BB
:10C5500006E0FB680133FB60FB68072BE6D9C046A9
:10C56000C046BD4604B080BD209A012080B586B08B
:10C5700000AFF860B9607A60FB687B61FFF7E8F8AC
:10C580007B6944229B5C5BB2013303D17B6944220B
:10C59000002199547B6945229B5C5BB2013303D136
:10C5A0007B69452200219954FFF7E4F87B699B6B76
:10C5B000002B06D17B6924337A68B968180000F033
:10C5C00035FD7B691800FFF71CFFC046BD4606B06D
:10C5D00080BD90B58DB004AFF860B9603B60BB1D05
:10C5E0001A80BB1D1B889B001800FFF741F9030050
:10C5F0007B617B69002B10D06020FFF739F90300C5
:10C60000FB61FB69002B03D0FB697A691A6306E0C2
:10C610007B691800FFF7CCF901E00023FB61FB699F
:10C62000002B16D0BB1D1A883C68B968F868002337
:10C630000393FB6902937B6B01933B6B0093230095
:10C6400000F010F8FB69180000F092F80123BB61BC
:10C6500002E001235B42BB61BB691800BD4609B023
:10C6600090BD000080B586B000AFF860B9607A6018
:10C670003B60BB6A186B7B689B001A00A5210AF01F
:10C6800054FDBB6A1A6B7B6838498C4663449B0037
:10C69000D3183B613B69072293433B61BB68002B86
:10C6A00020D000237B6113E0BA687B69D318187827
:10C6B000BA6A34217B69D3185B18021C1A70BA68F5
:10C6C0007B69D3181B78002B06D07B6901337B6113
:10C6D0007B690C2BE8D900E0C046BB6A40220021F0
:10C6E000995403E0BB6A3422002199543B6A062B1B
:10C6F00001D906233B62BB6A3A6ADA62BB6A3A6ACC
:10C70000DA64BB6A00221A65BB6A04331800FEF7BC
:10C7100006FFBB6A18331800FEF701FFBB6ABA6A4E
:10C720001A613B6A0722D21ABB6A9A61BB6ABA6A6B
:10C730005A62BB6A00225A65BB6A00229A65BB6ACC
:10C740005C22002199543A68F9683B691800FEF7A9
:10C7500071FF0200BB6A1A607B6A002B02D07B6A01
:10C76000BA6A1A60C046BD4606B080BDFFFFFF3FF3
:10C7700080B582B000AF7860FEF7EAFF2A4B1B68F5
:10C780005A1C294B1A60294B1B68002B09D1274BD7
:10C790007A681A60244B1B68012B10D100F034FD1D
:10C7A0000DE0234B1B68002B09D1204B1B68DA6A74
:10C7B0007B68DB6A9A4202D81C4B7A681A601D4B70
:10C7C0001B685A1C1B4B1A601A4B1A687B685A6408
:10C7D0007B68DA6A184B1B689A4203D97B68DA6A6D
:10C7E000154B1A607B68DA6A13009B009B189B004C
:10C7F000124A9A187B68043319001000FEF79AFE5B
:10C80000FEF7B8FF0A4B1B68002B08D0074B1B68CC
:10C81000DA6A7B68DB6A9A4201D2FEF789FFC0467A
:10C82000BD4602B080BDC046609B0120609A0120D9
:10C830006C9B01207C9B0120689B0120649A012055
:10C8400080B584B000AF78600023FB607B68002B6C
:10C850000AD000F057F97B680021180001F0BCFAFB
:10C8600000F05CF90300FB60FB68002B01D1FEF7D0
:10C870005FFFC046BD4604B080BD000080B588B0F3
:10C8800000AF78607B68BB612B4B1B68BA699A422A
:10C8900004D11F23FB1800221A7046E0FEF758FF50
:10C8A000BB695B697B61254B1B683B61244B1B6843
:10C8B000FB60FEF75FFF7A693B699A4203D07A69B1
:10C8C000FB689A4204D11F23FB1802221A702CE045
:10C8D0007A691C4B9A4218D1BB699B6A002B0FD115
:10C8E000BB695C229B5CDBB2012B04D11F23FB18CC
:10C8F00002221A7019E01F23FB1803221A7014E099
:10C900001F23FB1802221A700FE07A690E4B9A421D
:10C9100002D07B69002B04D11F23FB1804221A705C
:10C9200003E01F23FB1801221A701F23FB181B783A
:10C930001800BD4608B080BD609A0120189B0120F8
:10C940001C9B01204C9B0120349B012080B584B0AE
:10C9500000AF7860FEF7FCFE7B68002B02D1074B2E
:10C960001B6800E07B68FB60FB68DB6ABB60FEF76E
:10C9700001FFBB681800BD4604B080BD609A01206D
:10C9800080B586B000AF7860396000237B613B687A
:10C99000062B01D906233B60FEF7DAFE7B68002BED
:10C9A00002D1384B1B6800E07B683B613B69DB6C64
:10C9B000FB60FA683B689A425DD03A68FB689A422D
:10C9C0000DD9304B1B683A699A420FD02D4B1B682A
:10C9D000DB6A3A689A4209D301237B6106E0294B5E
:10C9E0001B683A699A4201D101237B613B69DB6A8A
:10C9F000BB603B69DA6C3B69DB6A9A4202D13B69F6
:10CA00003A68DA623B693A68DA643B699B69002BF1
:10CA100004DB3B680722D21A3B699A613B6959697A
:10CA2000BA6813009B009B189B00174A9B189942F9
:10CA30001CD13B6904331800FEF7D4FD3B69DA6A68
:10CA4000124B1B689A4203D93B69DA6A0F4B1A6092
:10CA50003B69DA6A13009B009B189B000A4A9A18EC
:10CA60003B69043319001000FEF764FD7B69002B5D
:10CA700001D0FEF75DFEFEF77DFEC046BD4606B066
:10CA800080BDC046609A0120649A0120689B012005
:10CA900080B584B002AF144A14491548154B019370
:10CAA000002300930023FFF794FD03007B607B6865
:10CAB000012B03D101F0E4F903007B607B68012BBB
:10CAC0000ED172B60C4B012252421A600B4B01225E
:10CAD0001A600B4B00221A60EDF700FFFEF704FE10
:10CAE000C046BD4602B080BDC409000058F102082E
:10CAF000E9D10108849B0120809B01206C9B0120CF
:10CB0000649B012080B500AF034B1B685A1C024B8D
:10CB10001A60C046BD4680BD889B012080B584B0A8
:10CB200000AF0023FB600023BB60FEF711FE364B15
:10CB30001B685A1E344B1A60334B1B68002B5BD1A9
:10CB4000324B1B68002B57D02FE0314BDB68DB6882
:10CB5000FB60FB6818331800FEF744FDFB680433E4
:10CB60001800FEF73FFDFB68DA6A2A4B1B689A4201
:10CB700003D9FB68DA6A274B1A60FB68DA6A13008C
:10CB80009B009B189B00244A9A18FB6804331900E9
:10CB90001000FEF7CFFCFB68DA6A204B1B68DB6AEB
:10CBA0009A4202D31E4B01221A60194B1B68002BBC
:10CBB000CBD1FB68002B01D000F082FC194B1B6825
:10CBC0007B607B68002B0FD000F0DCF8031E02D0E6
:10CBD000134B01221A607B68013B7B607B68002B52
:10CBE000F2D1104B00221A600D4B1B68002B03D0B2
:10CBF0000123BB60FEF79CFDFEF7BCFDBB6818007F
:10CC0000BD4604B080BDC046889B0120609B0120CA
:10CC1000209B0120689B0120649A0120609A0120DA
:10CC2000749B0120709B012080B582B000AF044B43
:10CC30001B687B607B681800BD4602B080BDC046A3
:10CC4000649B012080B582B000AF00237B60044B61
:10CC50001B683B603B681800BD4602B080BDC04603
:10CC6000649B012080B586B000AFF860B9607A603F
:10CC700000237B6107233B61FFF744FF3B4B1B68AD
:10CC8000BA689A426AD33B69013B3B617A691300F7
:10CC9000DB009B189B001A00FB6898183A69130088
:10CCA0009B009B189B00324A9B180122190000F040
:10CCB00089FB02007B699B187B613B69002BE2D1F9
:10CCC0007A691300DB009B189B001A00FB68981818
:10CCD000284B1B680222190000F074FB02007B69DC
:10CCE0009B187B617A691300DB009B189B001A007C
:10CCF000FB689818204B1B680222190000F062FBA9
:10CD000002007B699B187B617A691300DB009B182A
:10CD10009B001A00FB689B1818490422180000F0B9
:10CD200051FB02007B699B187B617A691300DB0071
:10CD30009B189B001A00FB689B18114903221800DE
:10CD400000F040FB02007B699B187B617B68002B35
:10CD500004D0EDF7D9FD02007B681A60FFF7DEFE14
:10CD60007B691800BD4606B080BDC046609B0120AF
:10CD7000649A0120189B01201C9B0120349B0120F8
:10CD80004C9B012080B586B000AF00237B61464BF1
:10CD90001B68002B00D07DE0444B1B6801333B61D6
:10CDA000424B3A691A603B69002B10D1404B1B681B
:10CDB000FB60404B1A683E4B1A603E4BFA681A60A3
:10CDC0003D4B1B685A1C3C4B1A6000F079FB3B4BF7
:10CDD0001B683A699A4249D3354B1B681B68002B84
:10CDE00004D1364B012252421A603FE0304B1B689F
:10CDF000DB68DB68BB60BB685B687B603A697B684B
:10CE00009A4203D22D4B7A681A602FE0BB68043334
:10CE10001800FEF7E7FBBB689B6A002B04D0BB68D9
:10CE200018331800FEF7DEFBBB68DA6A244B1B6878
:10CE30009A4203D9BB68DA6A214B1A60BB68DA6A86
:10CE400013009B009B189B001E4A9A18BB68043372
:10CE500019001000FEF76EFBBB68DA6A1A4B1B68FC
:10CE6000DB6A9A42B8D301237B61B5E7164B1B6896
:10CE7000DA6A144913009B009B189B005B58012B36
:10CE800001D901237B61114B1B68002B07D00123C3
:10CE90007B6104E00E4B1B685A1C0D4B1A607B69CA
:10CEA0001800BD4606B080BD889B0120649B012010
:10CEB000189B01201C9B0120789B0120809B012056
:10CEC000689B0120649A0120609A0120749B0120D4
:10CED000709B012080B584B000AF3F4B1B68002BD6
:10CEE00003D03E4B01221A6071E03C4B00221A60D5
:10CEF000EDF70AFD02003A4B1A60394B1A68394BBC
:10CF00001B689A4209D9384B1B68596D344A10681E
:10CF1000344A1268821A8A185A65314B1A68314BA2
:10CF20001A60314B1B681B6BBB60304B7B60BB686E
:10CF30001B687A689A4211D1BB6804331B687A680F
:10CF40009A420BD1BB6808331B687A689A4205D1B4
:10CF5000BB680C331B687A689A4208D0224B1A6867
:10CF6000214B1B68343319001000F9F7A3F9204B4B
:10CF70001B68FB6002E0FB68013BFB601D49FA682F
:10CF800013009B009B189B005B58002BF3D0FA68A2
:10CF900013009B009B189B00164A9B183B603B6844
:10CFA0005B685A683B685A603B685A683B6808335C
:10CFB0009A4204D13B685B685A683B685A603B6898
:10CFC0005B68DA68084B1A60094BFA681A60C04659
:10CFD000BD4604B080BDC046889B0120749B0120E3
:10CFE000909B01208C9B0120609A0120A5A5A5A5FE
:10CFF000689B0120649A012080B582B000AF786000
:10D000003960094B1B6818331A007B68110018003F
:10D01000FEF7B2FA3B680121180000F0DDFEC046C1
:10D02000BD4602B080BDC046609A012080B584B084
:10D0300000AFF860B9607A600C4B1B6818331A00B7
:10D04000FB6811001800FEF775FA7B68002B02D010
:10D0500001235B42BB607A68BB681100180000F0D6
:10D06000BBFEC046BD4604B080BDC046609A0120EC
:10D0700080B584B000AF78607B68DB68DB68BB603C
:10D08000BB6818331800FEF7ADFA1F4B1B68002B66
:10D090001DD1BB6804331800FEF7A4FABB68DA6A36
:10D0A0001A4B1B689A4203D9BB68DA6A174B1A609D
:10D0B000BB68DA6A13009B009B189B00144A9A18FD
:10D0C000BB68043319001000FEF734FA07E0BB68B0
:10D0D00018331A000F4B11001800FEF72BFABB682B
:10D0E000DA6A0D4B1B68DB6A9A4205D90123FB60A3
:10D0F0000A4B01221A6001E00023FB60FB68180064
:10D10000BD4604B080BDC046889B0120689B0120BD
:10D11000649A0120209B0120609A0120749B0120C9
:10D1200080B582B000AF7860054B1A687B681A60E2
:10D13000044B1A687B685A60C046BD4602B080BD89
:10D14000789B0120649B012080B586B000AF786099
:10D150003960FEF7FDFA1D4B1B683B617B685B681D
:10D160003A69D31AFB603B681B68013302D1002384
:10D170007B6124E07B681A68154B1B689A4207D0D4
:10D180007B685B683A699A4202D301237B6116E0AF
:10D190003B681B68FA689A420CD23B681A68FB68C5
:10D1A000D21A3B681A607B681800FFF7B9FF0023AA
:10D1B0007B6104E03B6800221A6001237B61FEF77B
:10D1C000D9FA7B691800BD4606B080BD649B01207A
:10D1D000789B012080B500AF024B01221A60C04647
:10D1E000BD4680BD749B012080B582B000AF7860E1
:10D1F00000F04EF8034B1B68012BF9D9FEF798FAA3
:10D20000F6E7C046649A012080B582B000AF0023E3
:10D210007B600CE07A6813009B009B189B00144A0B
:10D220009B181800FEF75DF97B6801337B607B6813
:10D23000062BEFD90F4B1800FEF753F90E4B1800D1
:10D24000FEF74FF90D4B1800FEF74BF90C4B180089
:10D25000FEF747F90B4B1800FEF743F90A4B054A56
:10D260001A600A4B044A1A60C046BD4602B080BD2F
:10D27000649A0120F09A0120049B0120209B012048
:10D28000349B01204C9B0120189B01201C9B0120FA
:10D2900080B582B000AF1AE0FEF75AFA104BDB6897
:10D2A000DB687B607B6804331800FEF79BF90D4B4D
:10D2B0001B685A1E0B4B1A600B4B1B685A1E0A4BFD
:10D2C0001A60FEF757FA7B68180000F0E8F8064B82
:10D2D0001B68002BE0D1C046C046BD4602B080BDF1
:10D2E000349B0120609B0120489B012080B586B0C3
:10D2F00000AFF860B9607A601A00FB1C1A70FB6816
:10D30000002B02D12E4B1B6800E0FB687B61BB68E1
:10D310007A691A607B6934331A00BB685A607B698A
:10D32000DA6ABB681A617B691A6BBB68DA617B6970
:10D330005A6CBB689A607B69DA6CBB685A617B691E
:10D340005A6DBB689A61FB1C1B78052B1CD01C4BCB
:10D350001B687A699A4203D1BB6800221A731BE0EA
:10D36000BB68FA1C12781A73FB1C1B78032B13D1B1
:10D37000FFF7C8FB7B699B6A002B02D0BB680222C7
:10D380001A73FFF7CBFB07E07B691800FFF776FA0B
:10D3900003001A00BB681A737B68002B09D07B69F5
:10D3A0001B6B180000F061F803001A00BB681A84B8
:10D3B00002E0BB6800221A84C046BD4606B080BDAC
:10D3C000609A012080B58AB000AFF860B960FB1D9B
:10D3D0001A7000237B62BB681B68002B40D0BB68BF
:10D3E0003B623B6A5B685A683B6A5A603B6A5A68B0
:10D3F0003B6A08339A4204D13B6A5B685A683B6ACD
:10D400005A603B6A5B68DB68FB61BB68BB61BB69F8
:10D410005B685A68BB695A60BB695A68BB69083364
:10D420009A4204D1BB695B685A68BB695A60BB69A0
:10D430005B68DB687B617A6A1300DB009B189B00EA
:10D440001A00FB689918FB1D1B7878690122FFF709
:10D450004DFF7B6A01337B627A69FB699A42D4D1C2
:10D460007B6A1800BD460AB080BD80B584B000AFAD
:10D4700078600023FB6005E07B6801337B60FB681C
:10D480000133FB607B681B78A52BF5D0FB689B08FC
:10D49000FB60FB689BB21800BD4604B080BD80B540
:10D4A00082B000AF78607B681B6B1800FEF780FAD3
:10D4B0007B681800FEF77CFAC046BD4602B080BD0E
:10D4C00080B582B000AF0B4B1B681B68002B04D1EA
:10D4D000094B012252421A6008E0064B1B68DB68C8
:10D4E000DB687B607B685A68034B1A60C046BD46A8
:10D4F00002B080BD189B0120809B012080B582B0C6
:10D5000000AF0A4B1B68002B02D101237B6008E0AF
:10D51000074B1B68002B02D102237B6001E0002334
:10D520007B607B681800BD4602B080BD6C9B01200B
:10D53000889B012080B584B000AF78607B68BB60B9
:10D540000023FB607B68002B51D0BB68DA6A2A4B52
:10D550001B68DB6A9A4241D2BB689B69002B06DBE1
:10D56000254B1B68DB6A0722D21ABB689A61BB682D
:10D570005969BB68DA6A13009B009B189B001F4A1D
:10D580009B18994222D1BB6804331800FEF72AF891
:10D59000194B1B68DA6ABB68DA62BB68DA6A184B37
:10D5A0001B689A4203D9BB68DA6A154B1A60BB68DC
:10D5B000DA6A13009B009B189B00104A9A18BB68FC
:10D5C000043319001000FDF7B5FF04E00A4B1B6897
:10D5D000DA6ABB68DA620123FB6008E0BB68DA6CD8
:10D5E000054B1B68DB6A9A4201D20123FB60FB6892
:10D5F0001800BD4604B080BD609A0120649A0120E5
:10D60000689B012080B584B000AF78607B68BB6008
:10D610000023FB607B68002B37D0BB681B6D5A1E54
:10D62000BB681A65BB68DA6ABB68DB6C9A422CD0AF
:10D63000BB681B6D002B28D1BB6804331800FDF7B5
:10D64000D1FFBB68DA6CBB68DA62BB68DB6A0722B1
:10D65000D21ABB689A61BB68DA6A0E4B1B689A42A1
:10D6600003D9BB68DA6A0B4B1A60BB68DA6A13002D
:10D670009B009B189B00084A9A18BB68043319004A
:10D680001000FDF757FF0123FB60FB681800BD4643
:10D6900004B080BD689B0120649A012080B586B0EB
:10D6A00000AF786039607B683B610123FB607B6879
:10D6B000002B4BD03B69DB6C3A689A4202D93B683D
:10D6C0007B6102E03B69DB6C7B613B69DB6A7A6909
:10D6D0009A423BD03B691B6DFA689A4236D13B694E
:10D6E000DB6ABB603B697A69DA623B699B69002B44
:10D6F00004DB7B690722D21A3B699A613B6959694D
:10D70000BA6813009B009B189B00124A9B18994211
:10D710001CD13B6904331800FDF764FF3B69DA6AEA
:10D720000D4B1B689A4203D93B69DA6A0A4B1A60AF
:10D730003B69DA6A13009B009B189B00054A9A1804
:10D740003B69043319001000FDF7F4FEC046BD46E6
:10D7500006B080BD649A0120689B012080B584B02A
:10D7600000AF786039603A687B681100180009F0F2
:10D77000FCFD7B681800E2F7D1FC0300FB6007E0CA
:10D780007A68FB68D31820221A70FB680133FB60AB
:10D79000FB680B2BF4D97A68FB68D31800221A7047
:10D7A0007A68FB68D3181800BD4604B080BD00003D
:10D7B000F0B589B002AF78607B6800221A704C4BDC
:10D7C0001B68FB604A4B1A681300DB009B189B0028
:10D7D0001800FEF74DF80300BB60BB68002B00D1BA
:10D7E00082E0F968BB6800221800FFF73BFA0300EB
:10D7F000FB6000237B616FE07A691300DB009B18FC
:10D800009B001A00BB689B181B7B042B1DD89A0039
:10D81000384BD3181B689F461323FB1858221A70E5
:10D8200018E01323FB1852221A7013E01323FB187D
:10D8300042221A700EE01323FB1853221A7009E0DB
:10D840001323FB1844221A7004E01323FB18002250
:10D850001A70C0467A691300DB009B189B001A00FF
:10D86000BB689B185A687B6811001800FFF776FFA9
:10D8700003007B601323FB181C787A691300DB001C
:10D880009B189B001A00BB689B181D697A691300DE
:10D89000DB009B189B001A00BB689B181B8C1E00AA
:10D8A0007A691300DB009B189B001A00BB689B1869
:10D8B0009B6811497868019300962B00220009F0BB
:10D8C000B5FB7B681800E2F729FC02007B689B1817
:10D8D0007B607B6901337B617A69FB689A428BD3F9
:10D8E000BB681800FEF764F8C046BD4607B0F0BD3F
:10D8F000609B012070F1020860F1020880B588B0D9
:10D9000000AF78607B6800221A703F4B1B68BB61D8
:10D910003D4B1A681300DB009B189B001800FDF7B5
:10D92000A7FF03007B617B69002B68D00C23FA18EA
:10D93000B9697B691800FFF795F90300BB61FB68C3
:10D9400064211800E2F706FC0300FB60FB68002B73
:10D9500051D00023FB614AE0FA691300DB009B18F9
:10D960009B001A007B699B189B69FA6811001800DC
:10D97000E2F7F0FB03003B61FA691300DB009B1840
:10D980009B001A007B699B185A687B68110018007D
:10D99000FFF7E4FE03007B603B69002B0ED0FA69C1
:10D9A0001300DB009B189B001A007B699B189A6987
:10D9B0003B691649786809F039FB0DE0FA691300F4
:10D9C000DB009B189B001A007B699B189A69104921
:10D9D0007B68180009F02AFB7B681800E2F79EFBC1
:10D9E00002007B689B187B60FB690133FB61FA696D
:10D9F000BB699A42B0D37B691800FDF7D9FFC046D6
:10DA0000BD4608B080BDC046609B012084F102087D
:10DA100090F1020880B500AF064B1B68002B04D0C4
:10DA2000044B1B681A6D01321A65024B1B68180003
:10DA3000BD4680BD609A012080B584B000AF78609B
:10DA40003960FDF785FE1C4B1B689B6D002B0ED1CA
:10DA5000194B1B685C22012199543B68002B06D0AE
:10DA60003B680121180000F0B7F9FDF761FEFDF7F2
:10DA700081FEFDF76DFE104B1B689B6DFB60FB6824
:10DA8000002B0CD07B68002B04D00B4B1B680022B2
:10DA90009A6504E0084B1B68FA68013A9A65064BE0
:10DAA0001B685C2200219954FDF764FEFB68180096
:10DAB000BD4604B080BDC046609A012080B588B0E4
:10DAC00000AFF860B9603B60FB1D1A700123FB6179
:10DAD000FB68BB61FDF73CFE3B68002B03D0BB69D4
:10DAE0009A6D3B681A601723FB18BA695C21525C77
:10DAF0001A70BB695C2202219954FB1D1B78042B10
:10DB000021D89A002A4BD3181B689F46BB699A6D8F
:10DB1000BB681A43BB699A6518E0BB699B6D5A1CC8
:10DB2000BB699A6512E0BB69BA689A650EE0172373
:10DB3000FB181B78022B03D0BB69BA689A6505E015
:10DB40000023FB6102E0C04600E0C0461723FB183B
:10DB50001B78012B25D1BB6904331800FDF742FD6A
:10DB6000BB69DA6A134B1B689A4203D9BB69DA6A4C
:10DB7000104B1A60BB69DA6A13009B009B189B006C
:10DB80000D4A9A18BB69043319001000FDF7D2FC46
:10DB9000BB69DA6A094B1B68DB6A9A4201D9FDF757
:10DBA000C7FDFDF7E7FDFB691800BD4608B080BD65
:10DBB0009CF10208689B0120649A0120609A012070
:10DBC00080B588B000AFF860B9603B60FB1D1A708B
:10DBD0000123FB61FB68BB61FDF7DEFD03007B6198
:10DBE0003B68002B03D0BB699A6D3B681A60132316
:10DBF000FB18BA695C21525C1A70BB695C22022175
:10DC00009954FB1D1B78042B21D89A00354BD3184F
:10DC10001B689F46BB699A6DBB681A43BB699A65CE
:10DC200018E0BB699B6D5A1CBB699A6512E0BB6921
:10DC3000BA689A650EE01323FB181B78022B03D0F9
:10DC4000BB69BA689A6505E00023FB6102E0C04643
:10DC500000E0C0461323FB181B78012B39D1224B5F
:10DC60001B68002B1DD1BB6904331800FDF7BAFCFB
:10DC7000BB69DA6A1D4B1B689A4203D9BB69DA6A31
:10DC80001A4B1A60BB69DA6A13009B009B189B0051
:10DC9000174A9A18BB69043319001000FDF74AFCB3
:10DCA00007E0BB6918331A00124B11001800FDF78A
:10DCB00041FCBB69DA6A104B1B68DB6A9A4208D9DF
:10DCC000BB6A002B02D0BB6A01221A600B4B0122F7
:10DCD0001A607B691800FDF765FDFB691800BD46F9
:10DCE00008B080BDB0F10208889B0120689B01202C
:10DCF000649A0120209B0120609A0120749B0120DE
:10DD000080B586B000AF786039607B687B61FDF7D5
:10DD100043FD03003B610F203B187A695C21525C94
:10DD20001A707B695C22022199547B699B6D5A1C95
:10DD30007B699A653B181B78012B39D1204B1B68F6
:10DD4000002B1DD17B6904331800FDF74BFC7B6968
:10DD5000DA6A1C4B1B689A4203D97B69DA6A194B51
:10DD60001A607B69DA6A13009B009B189B00164AB5
:10DD70009A187B69043319001000FDF7DBFB07E0FC
:10DD80007B6918331A00114B11001800FDF7D2FB04
:10DD90007B69DA6A0E4B1B68DB6A9A4208D93B68DA
:10DDA000002B02D03B6801221A600A4B01221A6044
:10DDB0003B691800FDF7F6FCC046BD4606B080BDC5
:10DDC000889B0120689B0120649A0120209B0120F0
:10DDD000609A0120749B012080B584B000AF786008
:10DDE0003960214B1B68FB60204B1B680433180013
:10DDF000FDF7F8FB7B6801330BD13B68002B08D0A3
:10DE00001A4B1B681A1D1A4B11001800FDF792FBE4
:10DE100026E0FA687B68D318BB60144B1B68BA68AD
:10DE20005A60BA68FB689A4209D2124B1A680F4BC3
:10DE30001B68043319001000FDF79EFB10E00E4B29
:10DE40001A680A4B1B68043319001000FDF794FB95
:10DE50000A4B1B68BA689A4202D2084BBA681A6029
:10DE6000C046BD4604B080BD649B0120609A01207D
:10DE70004C9B01201C9B0120189B0120809B0120B2
:10DE800080B584B002AF00237B6000F0E3FA0A4B58
:10DE90001B68002B0BD0094A09490A480A4B019319
:10DEA000032300930023FEF794FB03007B607B6851
:10DEB0001800BD4602B080BDC49B0120C40900000B
:10DEC000C4F1020879E00108C89B012090B589B02F
:10DED00002AFF860B9607A603B602C20FDF7C8FCA7
:10DEE00003007B617B69002B0ED07B692822002117
:10DEF00099543C687A68B968F8687B690193BB6A91
:10DF00000093230000F005F87B691800BD4607B0B8
:10DF100090BD80B584B000AFF860B9607A603B60B6
:10DF2000FB69002B1ED000F095FAFB69FA681A60B5
:10DF3000FB69BA689A61FB693A68DA61FB69BA6998
:10DF40001A62FB6904331800FDF7E9FA7B68002BBD
:10DF500008D0FB6928229B5C04221343D9B2FB69D9
:10DF600028229954C046BD4604B080BD90B58BB000
:10DF700000AFF860B9607A603B6000237B621D4BA4
:10DF80001B68002B30D014243B19BA681A603B1967
:10DF90007A685A603B19FA689A60BB68052B19DCED
:10DFA000FFF7ACFA0300022B09D1124B1868BA6BC9
:10DFB00039190023FDF7ABFE03007B6214E00D4B23
:10DFC00018681423F91800230022FDF7A0FE0300AF
:10DFD0007B6209E0074B18683A681423F91800239C
:10DFE000FDF72AFF03007B627B6A1800BD460BB079
:10DFF00090BDC046C49B012080B586B002AF78605A
:10E0000039601C4B1B68DB68DB68FB60FB68043312
:10E010001800FDF7E7FAFB6828229B5C1A0004232E
:10E02000134015D0FB689A697B68D1187B683A6801
:10E03000F86800F0BFF8031E13D07A68F868002370
:10E04000009300230021FFF791FF0300BB6008E06D
:10E05000FB6828229B5C01229343D9B2FB682822EB
:10E060009954FB681B6AFA6810009847C046BD4681
:10E0700004B080BDBC9B012080B584B000AF786047
:10E080000823FB18180000F053F80300FB60BA687F
:10E09000FB681100180000F003F800F0CDF8EFE77E
:10E0A00080B584B000AF78603960FEF72BFD08239F
:10E0B000FB18180000F05EF80300FB60BB68002B43
:10E0C0002BD13B68002B0CD17A68FB689A4208D8A8
:10E0D000FEF724FDFA687B6811001800FFF78CFF3B
:10E0E0001DE03B68002B08D00F4B1B681B68002B02
:10E0F00001D1012300E000233B600C4B18687A68D3
:10E10000FB68D31A3A681900FEF730FAFEF706FDED
:10E11000031E04D1FDF70CFB01E0FEF7FFFCC04637
:10E12000BD4604B080BDC046C09B0120C49B0120F9
:10E1300080B584B000AF78600D4B1B681B68002B66
:10E1400001D1012200E000227B681A607B681B6815
:10E15000002B05D1064B1B68DB681B68FB6001E0E8
:10E160000023FB60FB681800BD4604B080BDC046BC
:10E17000BC9B012080B584B000AF7860FEF754FDF1
:10E180000300FB600A4B1B68FA689A4205D200F054
:10E1900009F97B6801221A6002E07B6800221A609C
:10E1A000034BFA681A60FB681800BD4604B080BDD6
:10E1B000CC9B012080B586B000AFF860B9607A6072
:10E1C0003B6000237B61FB68BA685A60FB68FA68B1
:10E1D0001A61BA687B689A4212D87A683B68D21A88
:10E1E000FB689B699A4202D301237B611BE0104BC1
:10E1F0001A68FB68043319001000FDF7BDF912E03E
:10E200007A683B689A4206D2BA683B689A4202D35F
:10E2100001237B6107E0074B1A68FB680433190090
:10E220001000FDF7A9F97B691800BD4606B080BD56
:10E23000C09B0120BC9B012090B58DB002AF9CE03B
:10E240000822BB181B68002B0ADABB1804337B6258
:10E250007B6A1A687B6A58687B6A9B6819009047DA
:10E260000822BB181B68002B00DA86E0BB189B68ED
:10E270003B623B6A5B69002B04D03B6A04331800A5
:10E28000FDF7B0F93B1D1800FFF774FF0300FB61B9
:10E290000823FB181B68092B6ED89A003F4BD31834
:10E2A0001B689F463B6A28229B5C01221343D9B21C
:10E2B0003B6A2822995408243B195A683B6A9B6997
:10E2C000D1183B195B68FA69386AFFF773FF031EC0
:10E2D00053D03B6A1B6A3A6A100098473B6A28226F
:10E2E0009B5C1A000423134047D03B195A683B6AD1
:10E2F0009B69D218386A0023009300230021FFF79E
:10E3000035FE0300BB6138E03B6A28229B5C01229A
:10E310009343D9B23B6A282299542EE03B6A2822C3
:10E320009B5C01221343D9B23B6A282299540823EB
:10E33000FB185A683B6A9A613B6A9A69FB69D11873
:10E34000FB69FA69386AFFF735FF16E03B6A282255
:10E350009B5C1A000223134004D13B6A1800FDF7AE
:10E3600027FB0AE03B6A28229B5C01229343D9B237
:10E370003B6A2822995400E0C046094B1B680822DA
:10E38000B91800221800FDF7F5FD031E00D057E76D
:10E39000C046C046BD460BB090BDC046CCF1020899
:10E3A000C49B012080B588B002AF3CE0274B1B68BE
:10E3B000DB681B683B61254B1B68DB68DB68FB6027
:10E3C000FB6804331800FDF70DF9FB681B6AFA6857
:10E3D00010009847FB6828229B5C1A000423134016
:10E3E00021D0FB689B693A69D318BB60BA683B6966
:10E3F0009A420ED9FB68BA685A60FB68FA681A61DB
:10E40000124B1A68FB68043319001000FDF7B4F8CA
:10E4100009E03A69F8680023009300230021FFF720
:10E42000A5FD03007B60094B1B681B68002BBDD159
:10E43000064B1B687B61064B1A68044B1A60044B41
:10E440007A691A60C046BD4606B080BDBC9B0120FB
:10E45000C09B012080B500AFFDF77AF9144B1B6813
:10E46000002B20D1134B1800FDF73BF8124B18007E
:10E47000FDF737F8114B0F4A1A60114B0E4A1A601C
:10E48000002210210420FDF7DAFB0200084B1A607D
:10E49000074B1B68002B06D0054B1B68094A11006F
:10E4A0001800FEF73BF8FDF765F9C046BD4680BD94
:10E4B000C49B0120949B0120A89B0120BC9B0120B0
:10E4C000C09B0120F4F1020880B584B000AF7860F1
:10E4D0007B68BB60FDF73CF9BB6828229B5C1A0097
:10E4E0000123134002D10023FB6001E00123FB6004
:10E4F000FDF740F9FB681800BD4604B080BD000080
:10E5000080B582B000AFFB1D00221A700B4B1A6859
:10E510000A4B802149000A431A60032000F010F8DA
:10E52000031E03D0FB1D01221A7001E0F5F742FB28
:10E53000FB1D1B781800BD4602B080BD00200240C4
:10E5400090B585B000AF78600F23FB1800221A70D9
:10E550001D4B1B78002B2BD01C4B1C681A4B1B78B7
:10E560001900FA239800E1F7F5FD030019002000D7
:10E57000E1F7F0FD0300180001F085FA031E12D147
:10E580007B68032B0AD8796801235B4200221800BC
:10E5900001F054FA0E4B7A681A600DE00F23FB1855
:10E5A00001221A7008E00F23FB1801221A7003E001
:10E5B0000F23FB1801221A700F23FB181B78180079
:10E5C000BD4605B090BDC0464C0200203002002080
:10E5D0004802002080B500AF054B1B781A00054BA0
:10E5E0001B68D218034B1A60C046BD4680BDC046AA
:10E5F0004C020020D09B012080B500AF024B1B686D
:10E600001800BD4680BDC046D09B012080B584B0B7
:10E6100000AF7860FFF7F0FF0300BB607B68FB6032
:10E62000FB68013305D00A4B1B781A00FB689B1866
:10E63000FB60C046FFF7E0FF0200BB68D31AFA6830
:10E640009A42F7D8C046C046BD4604B080BDC04619
:10E650004C02002080B500AF034B1B681B0C1B0451
:10E660001B0C1800BD4680BD0058014080B500AFAE
:10E67000034B1B681B051B0D1800BD4680BDC04623
:10E680000058014080B582B000AF7860064B1B682F
:10E69000042293431900044B7A680A431A60C04667
:10E6A000BD4602B080BDC0463000014080B582B09A
:10E6B00000AF7860064B1B68022293431900044B9D
:10E6C0007A680A431A60C046BD4602B080BDC046A3
:10E6D0003000014080B582B000AF0F4B1A680E4B7E
:10E6E00001210A431A60FFF787FF03007B6008E0FF
:10E6F000FFF782FF02007B68D31A0A2B01D903239C
:10E7000005E0054B1B6808221340F1D000231800D8
:10E71000BD4602B080BDC0463000014080B582B029
:10E7200000AF7860064B1B68064A13401900044B83
:10E730007A680A431A60C046BD4602B080BDC04632
:10E7400000000140FFF9FFFF80B582B000AF7860A4
:10E7500039607B681B68054A1A403B681A437B682E
:10E760001A60C046BD4602B080BDC046FFFF3FFEF6
:10E7700080B582B000AF78607B681A68E0235B04E4
:10E7800013401800BD4602B080BD80B584B000AF14
:10E79000F860B9607A60FB685B69BA6804210A4076
:10E7A000072191400A00D2431A40BB6804210B4064
:10E7B000796899400B001A43FB685A61C046BD4610
:10E7C00004B080BD80B582B000AF786039607B68EE
:10E7D0005B693A6804210A40072191400A001A4007
:10E7E0003B6804210B40DA4013001800BD4602B01C
:10E7F00080BD80B582B000AF78607B68DA68C023E6
:10E800001B01134001D1012300E000231800BD4685
:10E8100002B080BD80B584B000AFF860B9607A60A6
:10E82000FB689B6ABA681F210A400F2191400A00C9
:10E83000D2431A407B689B0E0F211940BB681F20F2
:10E84000034099400B001A43FB689A62C046BD46DC
:10E8500004B080BD80B582B000AF786039607B685D
:10E860009A6A3B685B035B0B1A437B689A62C046FB
:10E87000BD4602B080BD80B582B000AF786039601F
:10E880007B689B6A3A685203520BD2431A407B68FA
:10E890009A62C046BD4602B080BD000080B584B01B
:10E8A00000AFF860B9607A60FB685B69BA68120211
:10E8B000D2431A40BB681B0279680B4004490B40E5
:10E8C0001A43FB685A61C046BD4604B080BDC046CD
:10E8D00000FFFF0780B582B000AF78607B689B685F
:10E8E000054A1340802252051A437B689A60C0464D
:10E8F000BD4602B080BDC046E8FFFF6F80B582B064
:10E9000000AF78607B689A6880235B051A4080239B
:10E910005B059A4201D1012300E000231800BD46A7
:10E9200002B080BD80B582B000AF78607B689B6824
:10E93000044A134001221A437B689A60C046BD46D0
:10E9400002B080BDE8FFFF7F80B582B000AF786085
:10E950007B689B68044A134002221A437B689A60D2
:10E96000C046BD4602B080BDE8FFFF7F80B582B0E3
:10E9700000AF78607B689B6801221340012B01D1B6
:10E98000012300E000231800BD4602B080BD80B521
:10E9900082B000AF78607B689B6802221340022B34
:10E9A00001D1012300E000231800BD4602B080BD64
:10E9B00080B582B000AF78607B689B68044A1340E2
:10E9C00004221A437B689A60C046BD4602B080BDEF
:10E9D000E8FFFF7F80B582B000AF78607B689B68FE
:10E9E000044A134010221A437B689A60C046BD4611
:10E9F00002B080BDE8FFFF7F80B582B000AF7860D5
:10EA00007B689B6804221340042B01D1012300E0A2
:10EA100000231800BD4602B080BD000080B588B05C
:10EA200000AF78601F23FB1800221A700023BB611F
:10EA300000237B610023FB607B68002B01D1012355
:10EA40007FE17B689B6D002B0AD17B681800F5F78E
:10EA5000E1F87B680022DA657B6854220021995432
:10EA60007B681B681800FFF749FF031E15D17B6800
:10EA70001B681800FFF72EFFB44B1B68B449180041
:10EA8000E1F768FB030001335B00FB6002E0FB6819
:10EA9000013BFB60FB68002BF9D17B681B68180009
:10EAA000FFF72CFF031E0FD17B689B6D10221A43CA
:10EAB0007B689A657B68DB6D01221A437B68DA65A7
:10EAC0001F23FB1801221A707B681B681800FFF7D0
:10EAD00093FF03003B617B689B6D1022134000D0C5
:10EAE00022E13B69002B00D01EE17B689B6D994AB7
:10EAF000134002221A437B689A657B681B681800E2
:10EB0000FFF734FF031E00D0ADE07B689A687B6896
:10EB10001B7E9B031A437B685B7EDB031A437B6887
:10EB20009B7E5B031A437B681B6B002B02D0802308
:10EB30005B0100E000231A437B68DB681A437B68B3
:10EB40001B69002B04DA7B681B695B005B0801E032
:10EB500080239B031A437B682C215B5C5B0013437F
:10EB6000BA691343BB617B6820229B5C012B15D1E2
:10EB70007B689B7E002B05D1BB6980225202134328
:10EB8000BB610BE07B689B6D20221A437B689A6512
:10EB90007B68DB6D01221A437B68DA657B685B6A00
:10EBA000002B0AD07B685A6AE0235B001A407B681E
:10EBB0009B6A1343BA691343BB617B681B68DB68BC
:10EBC000654A134019007B681B68BA690A43DA601A
:10EBD0007B685B689B0F9A077B68DB6C13437A69E1
:10EBE00013437B617B683C229B5C012B11D17B68CA
:10EBF0005B689B0F9A077B681B6C1A437B685B6C96
:10EC00001A437B689B6C1A437B69134301221343AD
:10EC10007B617B681B681B69504A134019007B6845
:10EC20001B687A690A431A617B685A68C0231B060D
:10EC30009A4218D07B685A688023DB059A4212D02A
:10EC40007B685A6880231B069A420CD0444B1B6891
:10EC5000444A134019007B685A68F0239B031A400A
:10EC60003F4B0A431A607B6818687B685B6B1A002D
:10EC70000021FFF78AFD7B6818687B689B6B3A4927
:10EC80001A00FFF782FD7B681B69002B09D17B68A6
:10EC90001B689A6A7B681B68102149420A439A6282
:10ECA00018E07B681A6980239B039A4212D17B6823
:10ECB0001B689B6A7B68DB69013B9B001C2213403D
:10ECC000102252429A4011007B681A6E7B681B68C2
:10ECD0000A439A627B681B6800211800FFF772FDE7
:10ECE00002007B685B6B9A420BD17B680022DA657D
:10ECF0007B689B6D0322934301221A437B689A65CC
:10ED00001CE07B689B6D1222934310221A437B68A0
:10ED10009A657B68DB6D01221A437B68DA651F23E5
:10ED2000FB1801221A7009E07B689B6D10221A43C0
:10ED30007B689A651F23FB1801221A701F23FB189A
:10ED40001B781800BD4608B080BDC04630020020C8
:10ED5000400D0300FDFEFFFF0102DEFF02FCFF1F6E
:10ED600008270140FFFFC3FF04FFFF07B0B584B0D1
:10ED700000AF78607B681B681800FFF73DFE031E3C
:10ED800035D17B6854229B5C012B01D1022335E0F5
:10ED90007B685422012199540F257C197B68180047
:10EDA00000F028FB030023707B191B78002B19D17E
:10EDB0007B689B6D134A1340802252001A437B6884
:10EDC0009A657B680022DA657B681B681C221A60E2
:10EDD0007B685422002199547B681B681800FFF758
:10EDE000E7FD08E07B6854220021995403E00F23DB
:10EDF000FB1802221A700F23FB181B781800BD465F
:10EE000004B0B0BDFEF0FFFFB0B584B000AF7860D5
:10EE10007B6854229B5C012B01D1022329E07B6893
:10EE20005422012199540F257C197B68180000F0A9
:10EE30009FFA030023707B191B78002B12D17C19D9
:10EE40007B68180000F05CFB030023707B191B78C3
:10EE5000002B07D17B689B6D084A134001221A439F
:10EE60007B689A657B685422002199540F23FB1814
:10EE70001B781800BD4604B0B0BDC046FEFEFFFFC3
:10EE800080B584B000AF786039607B685B69082B1F
:10EE900002D10823FB600FE07B681B68DB6801225E
:10EEA000134007D07B689B6D20221A437B689A65CC
:10EEB000012372E00423FB60FFF79EFB0300BB60AD
:10EEC0001FE03B6801331CD0FFF796FB0200BB68D4
:10EED000D31A3A689A4202D33B68002B11D17B685F
:10EEE0001B681B68FA6813400BD17B689B6D04227A
:10EEF0001A437B689A657B68542200219954032346
:10EF00004BE07B681B681B68FA681340D9D07B68AC
:10EF10009B6D802292001A437B689A657B681B6810
:10EF20001800FFF766FC031E2ED07B689B7E002B2B
:10EF30002AD17B681B681B6808221340082B23D149
:10EF40007B681B681800FFF757FD031E10D17B6814
:10EF50001B685A687B681B680C218A435A607B686F
:10EF60009B6D104A134001221A437B689A650BE09F
:10EF70007B689B6D20221A437B689A657B68DB6DFA
:10EF800001221A437B68DA657B681B7E002B03D164
:10EF90007B681B680C221A6000231800BD4604B071
:10EFA00080BDC046FEFEFFFF80B582B000AF786036
:10EFB0007B681B681B6C1800BD4602B080BD00005A
:10EFC00080B586B000AF786039601723FB18002247
:10EFD0001A700023FB607B6854229B5C012B01D1DB
:10EFE0000223C0E17B685422012199547B681B688D
:10EFF0001800FFF701FD031E00D0A3E13B685B682A
:10F00000022B00D143E17B681A6980231B069A42D8
:10F0100004D07B681B69C14A934208D17B681A6897
:10F020003B681B6819001000FFF714FCC9E07B68FF
:10F030001A6E3B685B681F210B400F2199400B0043
:10F04000DB43134019003B681B685B035B0B05D176
:10F050003B681B689B0E1F22134098E03B681B68AF
:10F060000122134000D091E03B681B68022213404C
:10F0700000D089E03B681B680422134000D081E087
:10F080003B681B680822134000D079E03B681B688E
:10F090001022134000D071E03B681B68202213400F
:10F0A00000D069E03B681B684022134000D061E05B
:10F0B0003B681B688022134000D059E03B681A6807
:10F0C00080235B00134051D13B681A6880239B006A
:10F0D000134049D13B681A688023DB00134041D1BB
:10F0E0003B681A6880231B01134039D13B681A68BA
:10F0F00080235B01134031D13B681A6880239B0158
:10F10000134029D13B681A688023DB01134021D1C9
:10F110003B681A6880231B02134019D13B681A68A8
:10F1200080235B02134011D13B681A6880239B0245
:10F13000134009D13B681A688023DB02134001D0D9
:10F14000122324E0002322E0112320E010231EE0FC
:10F150000F231CE00E231AE00D2318E00C2316E009
:10F160000B2314E00A2312E0092310E008230EE029
:10F1700007230CE006230AE0052308E0042306E049
:10F18000032304E0022302E0012300E000233A68A5
:10F1900052681F20024093400A001A437B681A6697
:10F1A0003B685B689B085A1C7B68DB699A4208D8FD
:10F1B0007B6818683B6859683B681B681A00FFF752
:10F1C00029FB7B6818683B6819683B689B681A00D4
:10F1D000FFF764FB3B681B68002B00DBBCE0504B77
:10F1E0001800FFF7C5FA03003B613B681B684D4AF6
:10F1F000934222D13A6980231B0413401DD13B69FD
:10F20000802212041343464A19001000FFF79CFAAB
:10F21000454B1B6845491800E0F79CFF03005A1C4A
:10F2200013005B009B189B00FB6002E0FB68013B46
:10F23000FB60FB68002BF9D18EE03B681B683C4A01
:10F2400093420ED13A6980235B04134009D13B6994
:10F25000802252041343324A19001000FFF774FA57
:10F260007AE03B681B68334A934200D074E03A6905
:10F270008023DB03134000D06EE03B698022D20381
:10F280001343274A19001000FFF75EFA64E07B6819
:10F290001A6980231B069A4204D07B681B691F4AA7
:10F2A000934207D17B681A683B681B6819001000FD
:10F2B000FFF7E1FA3B681B68002B4DDA184B18008A
:10F2C000FFF756FA03003B613B681B68154A9342FF
:10F2D00008D13B69184A1340114A19001000FFF782
:10F2E00033FA39E03B681B68114A934208D13B6905
:10F2F000124A13400A4A19001000FFF725FA2BE0C2
:10F300003B681B680B4A934226D13B690C4A134069
:10F31000034A19001000FFF717FA1DE004000080EF
:10F3200008270140001000B030020020400D03000B
:10F33000004000B8002000B4FFFF7FFFFFFFFFFE8A
:10F34000FFFFBFFF7B689B6D20221A437B689A6595
:10F350001723FB1801221A707B685422002199544C
:10F360001723FB181B781800BD4606B080BDC046A9
:10F3700080B584B000AF78607B681B681800FFF729
:10F380003BFB031E31D07B681B681800FFF7FFFAB8
:10F39000031E04D17B681B681800FFF71BFBFFF7F7
:10F3A0002BF90300FB601AE0FFF726F90200FB6867
:10F3B000D31A022B13D97B681B689B680422134065
:10F3C0000DD07B689B6D10221A437B689A657B6821
:10F3D000DB6D01221A437B68DA65012306E07B6856
:10F3E0001B689B6804221340DED100231800BD4631
:10F3F00004B080BD80B584B000AF78600023BB60EE
:10F400007B681B681800FFF7B1FA031E00D069E0A3
:10F410007B681B689B68364A13400DD07B689B6DE8
:10F4200010221A437B689A657B68DB6D01221A43C0
:10F430007B68DA65012356E07B681B681800FFF7DC
:10F4400071FA2C4B1800FFF793F9020080231B047C
:10F4500013400FD0284B1B6828491800E0F77AFEAC
:10F4600003000133BB6002E0BB68013BBB60BB68CB
:10F47000002BF9D17B685B7E012B33D0FFF7BCF802
:10F480000300FB6027E07B681B681800FFF76EFA3B
:10F49000031E04D17B681B681800FFF743FAFFF7CF
:10F4A000ABF80200FB68D31A022B14D97B681B68E7
:10F4B0001B6801221340012B0DD07B689B6D10222D
:10F4C0001A437B689A657B68DB6D01221A437B686F
:10F4D000DA65012307E07B681B681B680122134083
:10F4E000012BD0D100231800BD4604B080BDC0461A
:10F4F000170000800827014030020020400D030063
:10F5000080B584B000AF78607B681B681800FFF797
:10F510003EFA0300FB607B681B681800FFF726FAC1
:10F52000031E46D0FB68002B43D17B681B689B6899
:10F5300005221340012B0DD17B681B681800FFF7D3
:10F5400003FA7B681B6803221A60FFF755F8030073
:10F55000BB6028E07B689B6D10221A437B689A652C
:10F560007B68DB6D01221A437B68DA65012321E0A9
:10F57000FFF742F80200BB68D31A022B13D97B684D
:10F580001B689B68012213400DD07B689B6D102285
:10F590001A437B689A657B68DB6D01221A437B689E
:10F5A000DA65012306E07B681B689B680122134033
:10F5B000DED100231800BD4604B080BD80B582B006
:10F5C00000AF78607B681A68F0239B031340180033
:10F5D000BD4602B080BD80B582B000AF78607B6868
:10F5E0001B699B0F9B071800BD4602B080BD80B50C
:10F5F00082B000AF786039607B68B4229B587F226C
:10F6000093431A003B681A437B68B4215A50C046A2
:10F61000BD4602B080BD80B582B000AF78607B6827
:10F62000B4229B587F2213401800BD4602B080BD13
:10F6300080B582B000AF78607B689B68044A134055
:10F6400001221A437B689A60C046BD4602B080BD65
:10F65000E8FFFF7F80B582B000AF78607B689B6871
:10F66000044A134002221A437B689A60C046BD4692
:10F6700002B080BDE8FFFF7F80B582B000AF786048
:10F680007B689B6801221340012B01D1012300E01C
:10F6900000231800BD4602B080BD000080B582B0D6
:10F6A00000AF78607B689B68054A13408022120691
:10F6B0001A437B689A60C046BD4602B080BDC04612
:10F6C000E8FFFF7F80B582B000AF78607B689B6801
:10F6D000DB0FDA0780231B069A4201D1012300E0E9
:10F6E00000231800BD4602B080BD000090B58BB06D
:10F6F00000AF78600023FB6000233B627B685422EC
:10F700009B5C012B01D10223DDE07B6854220121A7
:10F7100099541F23FC187B681800FFF7F1FE0300C3
:10F7200023707B681B681800FFF7A6FF031E00D03C
:10F73000BCE07B689B6D664A134002221A437B68DB
:10F740009A657B681B68DB68624A1340BB617B6813
:10F750001B68DA687B681B685F490A40DA6000232F
:10F760007B622DE07B681B681800FFF797FF14E0B1
:10F77000FB680133FB60FB68584A93420DD97B68F4
:10F780009B6D1222934310221A437B689A657B6813
:10F79000542200219954012395E07B681B681800CE
:10F7A000FFF790FF031EE3D17B681B681800FFF78B
:10F7B00032FF02003B6A9B183B627B6A01337B622B
:10F7C0007B6A072BCED9796A386AE0F7C3FC03005D
:10F7D0003B627B681B681800FFF72AFF7B681B6889
:10F7E0001800FFF7F8FE031E1BD13D4B1800FFF772
:10F7F000E5FE03007B617A69E0235B039A4210D344
:10F800007B699B0C033B01229A401300BB60BB68E1
:10F810005B08BB6002E0BB68013BBB60BB68002BC0
:10F82000F9D17B681B683A6A11001800FFF7DFFE08
:10F830007B681B681800FFF70DFFFEF7DDFE030075
:10F840003B611BE0FEF7D8FE02003B69D31A022B96
:10F8500014D97B681B681800FFF70EFF031E0DD03C
:10F860007B689B6D10221A437B689A657B68DB6D11
:10F8700001221A437B68DA65012324E07B681B6858
:10F880001800FFF7F9FE031EDCD17B681B68D968FE
:10F890007B681B68BA690A43DA607B689B6D032248
:10F8A000934301221A437B689A6505E07B689B6D50
:10F8B00010221A437B689A657B6854220021995470
:10F8C0001F23FB181B781800BD460BB090BDC04627
:10F8D000FDFEFFFF03800000FC7FFFFFFFF1020041
:10F8E0000827014080B582B000AF0200FB1D1A70EE
:10F8F000FB1D1B787F2B09D8FB1D1B781A001F23CB
:10F900001A40044B012191400A001A60C046BD46CE
:10F9100002B080BD00E100E090B583B000AF02000E
:10F920003960FB1D1A70FB1D1B787F2B28D82F4ACE
:10F93000FB1D1B785BB29B08C0339B009B58FA1DD4
:10F940001278110003220A40D200FF2191400A00E0
:10F95000D2431A4011003B689B01FF221A40FB1D55
:10F960001B78180003230340DB009A401F48FB1D4F
:10F970001B785BB29B080A43C0339B001A5031E0EE
:10F980001B4AFB1D1B7819000F230B40083B9B08EB
:10F9900006339B00D31804331B68FA1D127811003C
:10F9A00003220A40D200FF2191400A00D2431A40AC
:10F9B00011003B689B01FF221A40FB1D1B781800B9
:10F9C00003230340DB009A400948FB1D1B781C0001
:10F9D0000F232340083B9B080A4306339B00C318B0
:10F9E00004331A60C046BD4603B090BD00E100E09C
:10F9F00000ED00E080B582B000AF78607B685A1EF1
:10FA000080235B049A4201D3012310E00A4B7A68F9
:10FA1000013A5A6001235B4203211800FFF77CFF83
:10FA2000054B00229A60044B07221A60002318003D
:10FA3000BD4602B080BDC04610E000E080B584B095
:10FA400000AFB9607A600F217B18021C1A70BA6887
:10FA50007B181B785BB211001800FFF75DFFC046F2
:10FA6000BD4604B080BD80B582B000AF0200FB1D72
:10FA70001A70FB1D1B785BB21800FFF733FFC046FE
:10FA8000BD4602B080BD80B582B000AF78607B68B3
:10FA90001800FFF7AFFF03001800BD4602B080BD9D
:10FAA00080B582B000AF78607B68002B01D1012364
:10FAB00056E07B685B7FDBB2002B06D17B680022BF
:10FAC0001A777B681800F4F7CFFB7B6802225A771D
:10FAD0007B681B79002B0CD17B681B68224A5A611A
:10FAE0007B681B689A687B681B6818218A439A6048
:10FAF0000BE07B6899687B68DA687B68180000F027
:10FB000093F9031E01D001232AE07B685B79002B67
:10FB100005D17B681B68012252421A6104E07B68B0
:10FB20001B687A6812691A617B681B689B6860228F
:10FB3000934319007B685A697B681B680A439A6083
:10FB40007B681B689B688022934319007B689A69D5
:10FB50007B681B680A439A607B6801225A770023FE
:10FB60001800BD4602B080BDB71DC10480B586B087
:10FB700000AFF860B9607A6000233B61FB68022245
:10FB80005A77FB681B6A032B05D02DD8012B19D09F
:10FB9000022B20D028E000237B610AE07B699B00D8
:10FBA000BA68D218FB681B6812681A607B69013357
:10FBB0007B617A697B689A42F0D3FB681B681B689B
:10FBC0003B6112E07A68B968FB68180000F064F8DD
:10FBD00003003B6109E07A68B968FB68180000F02F
:10FBE000ECF803003B6100E0C046FB6801225A7755
:10FBF0003B691800BD4606B080BD80B586B000AF39
:10FC0000F860B9607A6000233B61FB6802225A7792
:10FC1000FB681B689A68FB681B6801210A439A60AD
:10FC2000FB681B6A032B05D02DD8012B19D0022BA2
:10FC300020D028E000237B610AE07B699B00BA6842
:10FC4000D218FB681B6812681A607B6901337B61FC
:10FC50007A697B689A42F0D3FB681B681B683B613A
:10FC600012E07A68B968FB68180000F015F8030024
:10FC70003B6109E07A68B968FB68180000F09DF8FC
:10FC800003003B6100E0C046FB6801225A773B69F4
:10FC90001800BD4606B080BD80B588B000AFF860E2
:10FCA000B9607A600023FB6123E0FB699B00BA68BE
:10FCB000D3181B781A06FB699B000133B968CB186F
:10FCC0001B781B041A43FB699B000233B968CB18ED
:10FCD0001B781B021A43FB699B000333B968CB18DE
:10FCE0001B781900FB681B680A431A60FB69013323
:10FCF000FB617B689B08FA699A42D6D37B68032232
:10FD0000134053D07B6803221340012B07D1FB69BA
:10FD10009B00BA68D218FB681B6812781A707B685F
:10FD200003221340022B19D1FB699B00BA68D31838
:10FD30001B781B021AB2FB699B000133B968CB1810
:10FD40001B781BB213431AB21A217B181A80FB6866
:10FD50001B687B617B697A1812881A807B68032292
:10FD60001340032B22D1FB699B00BA68D3181B7880
:10FD70001B021AB2FB699B000133B968CB181B78D0
:10FD80001BB213431AB21A217B181A80FB681B6836
:10FD90007B617B697A1812881A80FB699B000233A9
:10FDA000BA68D218FB681B6812781A70FB681B6867
:10FDB0001B681800BD4608B080BD80B586B000AF96
:10FDC000F860B9607A6000237B6113E07B699B0077
:10FDD000BA68D3181B881A047B699B000233B96880
:10FDE000CB181B881900FB681B680A431A607B69E3
:10FDF00001337B617B685B087A699A42E6D37B6852
:10FE00000122134009D0FB681B683B617B699B00A2
:10FE1000BA68D3181A883B691A80FB681B681B688C
:10FE20001800BD4606B080BD80B586B000AFF86052
:10FE3000B9607A6017217B1800221A701F233B617A
:10FE4000BB680122134003D17B1801221A7045E0E0
:10FE5000C0463B695A1E3A61002B08D03B691F22FD
:10FE60001340BA68DA40130001221340F1D07B68D6
:10FE7000182B0FD07B68182B24D87B68102B11D03F
:10FE80007B68102B1ED87B68002B20D07B68082B4A
:10FE900010D017E03B69062B1BD91723FB18012252
:10FEA0001A7016E03B69072B15D91723FB1801229E
:10FEB0001A7010E03B690F2B0FD91723FB18012292
:10FEC0001A700AE01723FB1801221A7006E0C046D8
:10FED00004E0C04602E0C04600E0C0461723FB181D
:10FEE0001B78002B0ED1FB681B68BA685A61FB684F
:10FEF0001B689B68182293431900FB681B687A688B
:10FF00000A439A601723FB181B781800BD4606B0F9
:10FF100080BD000080B582B000AF78607B68002BA8
:10FF200001D1012391E07B681B681A00494B9A427A
:10FF300010D87B681B68484A944663441421180013
:10FF4000E0F708F903009A007B685A647B68434A2B
:10FF50001A640FE07B681B68414A9446634414218D
:10FF60001800E0F7F7F803009A007B685A647B6892
:10FF70003C4A1A647B682522022199547B681B68DD
:10FF80001A687B681B6838490A401A607B681B68DE
:10FF900019687B689A687B68DB681A437B681B6911
:10FFA0001A437B685B691A437B689B691A437B68C9
:10FFB000DB691A437B681B6A1A437B681B680A4328
:10FFC0001A607B68180000F0A9FA7B689A688023A1
:10FFD000DB019A4202D17B6800225A607B685A6832
:10FFE0007B689B6C7F210A401A607B68DB6C7A68B7
:10FFF000126D5A607B685B68002B11D07B685B6870
:020000040802F0
:10000000042B0DD87B68180000F0D2FA7B685B6D7A
:1000100000221A607B689B6D7A68D26D5A6008E096
:100020007B6800225A657B6800229A657B68002203
:10003000DA657B680022DA637B6825220121995406
:100040007B6824220021995400231800BD4602B089
:1000500080BDC04607040240F8FFFDBF000002401B
:10006000F8FBFDBF000402400F80FFFF80B586B0A3
:1000700000AFF860B9607A603B601723FB1800227C
:100080001A70FB6824229B5C012B01D102236FE0D4
:10009000FB68242201219954FB6825229B5CDBB27A
:1000A000012B57D1FB68252202219954FB680022BD
:1000B000DA63FB681B681A68FB681B6801218A43C6
:1000C0001A603B687A68B968F86800F0EBF9FB6879
:1000D0001B6B002B08D0FB681B681A68FB681B6849
:1000E0000E210A431A600FE0FB681B681A68FB6860
:1000F0001B6804218A431A60FB681B681A68FB6846
:100100001B680A210A431A60FB689B6C1A688023EB
:100110005B02134008D0FB689B6C1A68FB689B6C01
:10012000802149000A431A60FB685B6D002B08D0F0
:10013000FB685B6D1A68FB685B6D802149000A43B0
:100140001A60FB681B681A68FB681B6801210A4378
:100150001A600AE0FB688022DA63FB68242200212F
:1001600099541723FB1801221A701723FB181B78C8
:100170001800BD4606B080BD80B582B000AF786083
:100180007B68002B01D101234FE07B6825229B5C1B
:10019000DBB2022B08D07B680422DA637B6824225E
:1001A00000219954012340E07B681B681A687B6832
:1001B0001B680E218A431A607B689B6C1A687B68F7
:1001C0009B6C1C490A401A607B681B681A687B6834
:1001D0001B6801218A431A607B685B6C1C221A40F1
:1001E0007B681B6C012191400A005A607B68DB6CC4
:1001F0007A68126D5A607B685B6D002B0CD07B684F
:100200005B6D1A687B685B6D0A490A401A607B68FF
:100210009B6D7A68D26D5A607B68252201219954C2
:100220007B6824220021995400231800BD4602B0A7
:1002300080BDC046FFFEFFFF80B584B000AF786090
:100240000F217B1800221A707B6825229B5CDBB291
:10025000022B06D07B680422DA637B1801221A7015
:1002600048E07B681B681A687B681B680E218A431C
:100270001A607B681B681A687B681B6801218A43C7
:100280001A607B689B6C1A687B689B6C1D490A40EE
:100290001A607B685B6C1C221A407B681B6C012116
:1002A00091400A005A607B68DB6C7A68126D5A6074
:1002B0007B685B6D002B0CD07B685B6D1A687B687C
:1002C0005B6D10490A401A607B689B6D7A68D26D3D
:1002D0005A607B682522012199547B6824220021E1
:1002E00099547B689B6B002B04D07B689B6B7A686E
:1002F000100098470F23FB181B781800BD4604B068
:1003000080BDC046FFFEFFFF80B584B000AF7860BF
:100310007B681B6C1B68FB607B681B681B68BB6091
:100320007B685B6C1C22134004229A401300FA681D
:10033000134026D0BB680422134022D07B681B6880
:100340001B682022134007D17B681B681A687B68F2
:100350001B6804218A431A607B685B6C1C221A406C
:100360007B681B6C042191400A005A607B681B6B00
:10037000002B00D180E07B681B6B7A6810009847E7
:100380007AE07B685B6C1C22134002229A401300C7
:10039000FA6813403CD0BB680222134038D07B6817
:1003A0001B681B68202213400BD17B681B681A68EE
:1003B0007B681B680A218A431A607B682522012119
:1003C00099547B681B681A002E4B9A4209D97B68A6
:1003D0005B6C1C221A402C4B022191400A005A608F
:1003E00008E07B685B6C1C221A40284B022191407C
:1003F0000A005A607B682422002199547B68DB6ADA
:10040000002B39D07B68DB6A7A681000984733E0AC
:100410007B685B6C1C22134008229A401300FA6828
:1004200013402AD0BB680822134026D07B681B6883
:100430001A687B681B680E218A431A607B685B6CB4
:100440001C221A407B681B6C012191400A005A60F3
:100450007B680122DA637B682522012199547B683D
:100460002422002199547B685B6B002B05D07B68AC
:100470005B6B7A6810009847C046C046BD4604B022
:1004800080BDC046800002400004024000000240DF
:1004900080B582B000AF78607B68DB6B1800BD462A
:1004A00002B080BD80B584B000AFF860B9607A60FA
:1004B0003B60FB68DB6CFA68126D5A60FB685B6D31
:1004C000002B04D0FB689B6DFA68D26D5A60FB6804
:1004D0005B6C1C221A40FB681B6C012191400A00D6
:1004E0005A60FB681B683A685A60FB689B68102B6F
:1004F00008D1FB681B687A689A60FB681B68BA6859
:10050000DA6007E0FB681B68BA689A60FB681B68E2
:100510007A68DA60C046BD4604B080BD80B584B05C
:1005200000AF78607B681B681A001D4B9A4214D894
:100530007B685B6C9B089B001A4A9A187B689A64DC
:100540007B681B681A00FF231340083B1421180026
:10055000DFF700FE0300FB6014E07B685B6C9B0828
:100560009B00114A9A187B689A647B681B681A0082
:10057000FF231340083B14211800DFF7EBFD0300B5
:100580000733FB607B68094ADA64FB681F2213406B
:1005900001229A407B681A65C046BD4604B080BD02
:1005A00007040240000802401C0802408008024084
:1005B00080B584B000AF78607B685B687F221340B1
:1005C000FB60FB680A4A944663449B001A007B6800
:1005D0005A657B68074A9A65FB68013B0322134012
:1005E00001229A407B68DA65C046BD4604B080BDF2
:1005F0003F82001040090240B0B586B000AFF860FD
:10060000B9603A607B60214B1B78012B01D102233A
:1006100038E01E4B01221A701C4B00225A6017252D
:100620007C19FA239B00180000F07AF8030023706D
:100630007B191B78002B1FD1FB68012B06D13A6870
:100640007B68B968080000F0B9F805E03A68BB6853
:10065000110018000BF0ECFB1723FC18FA239B0089
:10066000180000F05DF803002370094B5A69FB681D
:10067000D943074B0A405A61044B00221A701723D2
:10068000FB181B781800BD4606B0B0BDD49B0120F6
:100690000020024080B582B000AFFB1D00221A701E
:1006A0000B4B5B69002B0CDA094B0A4A9A60084B2A
:1006B000094A9A60064B5B69002B02DAFB1D012296
:1006C0001A70FB1D1B781800BD4602B080BDC046E5
:1006D0000020024023016745AB89EFCD80B582B091
:1006E00000AFFB1D01221A70FA239B00180000F0D6
:1006F00017F80A4B5A69094B802109060A435A61C7
:10070000064B5B69002B02DAFB1D00221A70FB1DF1
:100710001B781800BD4602B080BDC04600200240D4
:1007200080B584B000AF7860FDF766FF0300FB6022
:10073000C0239B02BB600CE07B68013309D0FDF74E
:100740005BFF0200FB68D31A7A689A4201D8032340
:1007500028E0164B1B69BA681340EDD1134B1B6997
:10076000134A1340BB60114B124A1A61BB68002B3D
:1007700011D0114BBA685A60012313E07B68013332
:1007800009D0FDF739FF0200FB68D31A7A689A4254
:1007900001D8032306E0054B1A698023DB021340CE
:1007A000ECD100231800BD4604B080BD00200240FB
:1007B000FAC30000FBC30800D49B0120B0B584B08D
:1007C00000AFF8603A607B600B4B5A690A4B01211D
:1007D0000A435A61FB683A681A60BFF36F8FC046DC
:1007E0007B681C0000231D00FB68043322001A6094
:1007F000C046BD4604B0B0BD00200240B0B584B0D4
:1008000000AF78603960334B1B78012B01D1022394
:100810005CE0304B01221A702E4B00225A600F25EB
:100820007C19FA239B001800FFF77AFF030023705E
:100830002C003B191B78002B42D17B681B68042BD2
:100840000DD17B685B68180000F048F83C19FA236A
:100850009B001800FFF764FF0300237030E03B6843
:10086000012252421A607B689B68BB601AE07B6879
:100870005B68BA681100180000F044F80F257C1975
:10088000FA239B001800FFF74BFF030023707B192E
:100890001B78002B03D03B68BA681A600AE0BB687B
:1008A0000133BB607B689A687B68DB68D318BA68E1
:1008B0009A42DCD3084B5A69074B02218A435A619A
:1008C000044B00221A700F23FB181B781800BD463A
:1008D00004B0B0BDD49B01200020024080B582B09E
:1008E00000AF7860064B5A697B681A43044B80213D
:1008F00049020A435A61C046BD4602B080BDC046A7
:100900000020024080B584B000AF786039600F4BA2
:100910005B690F4A1340FB607B68042B05D0FB68C2
:10092000802292011343FB6003E0FB68094A1340F5
:10093000FB603B68DA00FB681A43044B06490A4334
:100940005A61C046BD4604B080BDC046002002408A
:1009500007E0FFFFFFDFFFFF0200010080B586B068
:1009600000AF7860396000237B614DE13B681B6814
:1009700001217A6991400A001340FB60FB68002B5B
:1009800000D13EE13B685B6803221340012B05D098
:100990003B685B6803221340022B30D17B689B6865
:1009A0003B617B695B0003229A401300DA433B6999
:1009B00013403B613B68DA687B695B009A40130037
:1009C0003A6913433B617B683A699A607B685B686C
:1009D0003B6101227B699A401300DA433B69134073
:1009E0003B613B685B681B0901221A407B699A40A6
:1009F00013003A6913433B617B683A695A603B686C
:100A00005B6803221340032B17D07B68DB683B61D4
:100A10007B695B0003229A401300DA433B69134071
:100A20003B613B689A687B695B009A4013003A69B6
:100A300013433B617B683A69DA603B685B68032279
:100A40001340022B23D17B69DA087B6808329200BD
:100A5000D3583B617B69072213409B000F229A40C9
:100A60001300DA433B6913403B613B681A697B69B9
:100A700007210B409B009A4013003A6913433B61E6
:100A80007B69DA087B68083292003969D1507B684B
:100A90001B683B617B695B0003229A401300DA43C9
:100AA0003B6913403B613B685B6803221A407B69EA
:100AB0005B009A4013003A6913433B617B683A69D3
:100AC0001A603B685A68C0239B02134000D198E02B
:100AD000534A7B699B0818339B009B583B617B6999
:100AE00003221340DB000F229A401300DA433B69D4
:100AF00013403B617A68A023DB059A4219D07B68DA
:100B0000484A934213D07B68474A93420DD07B6892
:100B1000464A934207D07B68454A934201D1042359
:100B200008E0052306E0032304E0022302E001239A
:100B300000E000237A6903210A40D20093403A6919
:100B400013433B6136497B699B0818339B003A6924
:100B50005A50334B1B683B61FB68DA433B691340D7
:100B60003B613B685A6880235B03134003D03A69BA
:100B7000FB6813433B612A4B3A691A60284B5B6858
:100B80003B61FB68DA433B6913403B613B685A6851
:100B900080239B03134003D03A69FB6813433B61F6
:100BA0001F4B3A695A601E4A8423D3583B61FB6845
:100BB000DA433B6913403B613B685A6880239B02E0
:100BC000134003D03A69FB6813433B611449842204
:100BD0003B698B50124A8023D3583B61FB68DA4350
:100BE0003B6913403B613B685A6880235B021340BA
:100BF00003D03A69FB6813433B61094980223B6992
:100C00008B507B6901337B613B681A687B69DA40F2
:100C1000131E00D0AAE6C046C046BD4606B080BD41
:100C2000001802400004005000080050000C005062
:100C30000010005080B584B000AF78600A00BB1C83
:100C40001A807B681B69BA1C1288134004D00F23DA
:100C5000FB1801221A7003E00F23FB1800221A7000
:100C60000F23FB181B781800BD4604B080BD80B56B
:100C700082B000AF786008001100BB1C021C1A8013
:100C80007B1C0A1C1A707B1C1B78002B04D0BB1C1D
:100C90001A887B689A6103E0BB1C1A887B689A6299
:100CA000C046BD4602B080BD80B584B000AF78605C
:100CB0000A00BB1C1A807B685B69FB60BB1C1B883D
:100CC000FA6813401A04FB68DB43B91C09880B401F
:100CD0001A437B689A61C046BD4604B080BD0000DF
:100CE00080B582B000AF78607B68002B01D1012312
:100CF0008FE07B6841229B5CDBB2002B07D17B68D5
:100D00004022002199547B681800F3F79DFE7B6810
:100D10004122242199547B681B681A687B681B68F0
:100D200001218A431A607B685A687B681B683B49CB
:100D30000A401A617B681B689A687B681B6838499F
:100D40000A409A607B68DB68012B08D17B689A684F
:100D50007B681B68802109020A439A6007E07B6870
:100D60009A687B681B68842109020A439A607B6841
:100D7000DB68022B09D17B681B685A687B681B689B
:100D8000802109010A435A6007E07B681B685A68A2
:100D90007B681B6823490A405A607B681B685A6855
:100DA0007B681B6820490A435A607B681B68DA68C5
:100DB0007B681B681A490A40DA607B681A697B689D
:100DC0005B691A4311007B689B691A027B681B6888
:100DD0000A43DA607B68D9697B681A6A7B681B689A
:100DE0000A431A607B681B681A687B681B680121CC
:100DF0000A431A607B6800225A647B6841222021E2
:100E000099547B6800221A637B684222002199541E
:100E100000231800BD4602B080BDC046FFFFFFF0B2
:100E2000FF7FFFFFFFF7FFFF0080000290B589B052
:100E300002AFF86008007A6019000A23FB18021C50
:100E40001A800823FB180A1C1A80FB6841229B5C4D
:100E5000DBB2202B00D00AE1FB6840229B5C012B17
:100E600001D1022304E1FB68402201219954FDF7DE
:100E7000C3FB03003B6180231902F8683B690093C0
:100E80001923012200F026FA031E01D00123EFE00E
:100E9000FB68412221219954FB6842221021995478
:100EA000FB6800225A64FB687A685A62FB68082271
:100EB000BA1812885A85FB6800225A63FB685B8D5A
:100EC0009BB2FF2B06D9FB68FF221A8580235B04A7
:100ED0007B6107E0FB685B8D9AB2FB681A85802313
:100EE0009B047B61FB681B8D002B27D0FB685B6A32
:100EF0001A78FB681B689A62FB685B6A5A1CFB687D
:100F00005A62FB685B8D9BB2013B9AB2FB685A85C3
:100F1000FB681B8D013B9AB2FB681A85FB681B8D31
:100F2000DBB20133DAB27C690A23FB181988F8684E
:100F3000514B0093230000F04DFC6FE0FB681B8DCC
:100F4000DAB27C690A23FB181988F8684A4B0093C7
:100F5000230000F03FFC61E03A69B96AFB681800C1
:100F600000F010FA031E01D0012381E0FB685B6AE8
:100F70001A78FB681B689A62FB685B6A5A1CFB68FC
:100F80005A62FB685B8D9BB2013B9AB2FB685A8543
:100F9000FB681B8D013B9AB2FB681A85FB685B8D71
:100FA0009BB2002B3AD0FB681B8D002B36D1BA6A5E
:100FB000F8683B69009313000022802100F08AF951
:100FC000031E01D0012353E0FB685B8D9BB2FF2B16
:100FD00011D9FB68FF221A85FB681B8DDAB28023CA
:100FE0005C040A23FB181988F86800230093230087
:100FF00000F0F0FB12E0FB685B8D9AB2FB681A858B
:10100000FB681B8DDAB280239C040A23FB18198825
:10101000F86800230093230000F0DCFBFB685B8D85
:101020009BB2002B98D13A69B96AFB68180000F0AE
:10103000EFF9031E01D001231AE0FB681B68202290
:10104000DA61FB681B685A68FB681B680B490A4039
:101050005A60FB68412220219954FB6842220021FA
:101060009954FB68402200219954002300E0022398
:101070001800BD4607B090BD0020008000E800FECB
:1010800090B589B002AFF86008007A6019000A23B1
:10109000FB18021C1A800823FB180A1C1A80FB6824
:1010A00041229B5CDBB2202B00D0E8E0FB684022B1
:1010B0009B5C012B01D10223E2E0FB68402201216D
:1010C0009954FDF799FA03007B6180231902F868AF
:1010D0007B6900931923012200F0FCF8031E01D064
:1010E0000123CDE0FB68412222219954FB68422272
:1010F00010219954FB6800225A64FB687A685A628E
:10110000FB680822BA1812885A85FB6800225A63C5
:10111000FB685B8D9BB2FF2B11D9FB68FF221A8500
:10112000FB681B8DDAB280235C040A23FB18198844
:10113000F868554B0093230000F04CFB76E0FB6809
:101140005B8D9AB2FB681A85FB681B8DDAB280232F
:101150009C040A23FB181988F8684B4B0093230062
:1011600000F038FB62E07A69B96AFB68180000F0A9
:1011700093F9031E01D0012382E0FB681B685A6AC1
:10118000FB685B6AD2B21A70FB685B6A5A1CFB6828
:101190005A62FB681B8D013B9AB2FB681A85FB689B
:1011A0005B8D9BB2013B9AB2FB685A85FB685B8DF5
:1011B0009BB2002B3AD0FB681B8D002B36D1BA6A4C
:1011C000F8687B69009313000022802100F082F808
:1011D000031E01D0012353E0FB685B8D9BB2FF2B04
:1011E00011D9FB68FF221A85FB681B8DDAB28023B8
:1011F0005C040A23FB181988F86800230093230075
:1012000000F0E8FA12E0FB685B8D9AB2FB681A8581
:10121000FB681B8DDAB280239C040A23FB18198813
:10122000F86800230093230000F0D4FAFB685B8D7C
:101230009BB2002B97D17A69B96AFB68180000F05D
:10124000E7F8031E01D001231AE0FB681B68202287
:10125000DA61FB681B685A68FB681B680B490A4027
:101260005A60FB68412220219954FB6842220021E8
:101270009954FB68402200219954002300E0022386
:101280001800BD4607B090BD0024008000E800FEB5
:1012900080B582B000AF78607B681B689B690222D2
:1012A0001340022B03D17B681B6800229A627B6883
:1012B0001B689B6901221340012B07D07B681B68C8
:1012C0009A697B681B6801210A439A61C046BD4642
:1012D00002B080BD80B584B000AFF860B9603B60FB
:1012E000FB1D1A703AE0BA693968FB68180000F013
:1012F00071F9031E01D0012340E03B6801332DD07A
:10130000FDF77AF90200BB69D31A3A689A4202D310
:101310003B68002B22D1FB681B689B69BA681340AD
:10132000BA68D31A5A425341DBB21A00FB1D1B782C
:101330009A4213D1FB685B6C20221A43FB685A6403
:10134000FB68412220219954FB68422200219954D4
:10135000FB6840220021995401230FE0FB681B68C1
:101360009B69BA681340BA68D31A5A425341DBB238
:101370001A00FB1D1B789A42B5D000231800BD4609
:1013800004B080BD80B584B000AFF860B9607A6009
:1013900032E07A68B968FB68180000F01BF9031E98
:1013A00001D0012330E0BB68013325D0FDF724F9DB
:1013B00002007B68D31ABA689A4202D3BB68002B3A
:1013C0001AD1FB681B689B6902221340022B13D0C1
:1013D000FB685B6C20221A43FB685A64FB6841225D
:1013E00020219954FB68422200219954FB68402235
:1013F00000219954012307E0FB681B689B690222C6
:101400001340022BC5D100231800BD4604B080BD97
:1014100080B584B000AFF860B9607A602FE07A6878
:10142000B968FB68180000F0D5F8031E01D001234D
:101430002DE0FDF7E1F802007B68D31ABA689A4202
:1014400002D3BB68002B1AD1FB681B689B69202262
:101450001340202B13D0FB685B6C20221A43FB68DF
:101460005A64FB68412220219954FB6842220021E2
:101470009954FB68402200219954012307E0FB683E
:101480001B689B6920221340202BC8D10023180021
:10149000BD4604B080BD000080B586B000AFF860E6
:1014A000B9607A601723FB1800221A707BE07A6813
:1014B000B968FB68180000F08DF8031E03D01723ED
:1014C000FB1801221A70FB681B689B6920221340DD
:1014D000202B40D117217B181B78002B3BD1FB68B8
:1014E0001B689B6904221340042B06D1FB681B8DEB
:1014F000002B02D07B1800221A70FB681B689B69C6
:1015000010221340102B23D1FB681B681022DA61D4
:10151000FB6804225A64FB681B682022DA61FB68BE
:101520001B685A68FB681B6829490A405A60FB68B7
:10153000412220219954FB68422200219954FB68E2
:101540004022002199541723FB1801221A7002E04F
:10155000FB6800225A64FDF74FF802007B68D31A3B
:10156000BA689A4202D3BB68002B1CD117203B18E3
:101570001B78002B17D1FB681B689B690422134062
:10158000042B10D0FB685B6C20221A43FB685A6462
:10159000FB68412220219954FB6840220021995484
:1015A0003B1801221A70FB681B689B6904221340D8
:1015B000042B05D01723FB181B78002B00D176E7EE
:1015C0001723FB181B781800BD4606B080BDC04627
:1015D00000E800FE90B58BB000AFF860B9607A60AB
:1015E0002723FB1800221A70FB681B689B69BB61EC
:1015F00000233B627B68FB61BB691022134000D172
:1016000082E0FB681B681022DA6160E027243B1946
:101610003A1912781A70BB68013358D0FCF7ECFF06
:101620000200FB69D31ABA689A4206D33B193A19E9
:1016300012781A70BB68002B49D1FB681B685A6886
:101640008023DB0113407B6113203B18FA684221A1
:10165000525C1A70FB681B689A6980231B021A404F
:1016600080231B029A4226D17A698023DB019A42A9
:1016700021D03B181B78202B1DD0FB681B685A68B3
:10168000FB681B688021C9010A435A60FCF7B4FF5C
:101690000300FB610FE0FCF7AFFF0200FB69D31A08
:1016A000192B08D93B6A202213433B622723FB18DE
:1016B00001221A700BE0FB681B689B692022134013
:1016C00027217A18791809781170202BE3D1FB684B
:1016D0001B689B6920221340202B04D02723FB1872
:1016E0001B78002B92D02723FB181B78002B03D1EB
:1016F000FB681B682022DA613B6A042213433B62C9
:101700002723FB1801221A70FB681B689B69BB61C9
:10171000BA6980235B0013400CD03B6A012213435B
:101720003B62FB681B6880225200DA612723FB18AA
:1017300001221A70BA698023DB0013400CD03B6A87
:10174000082213433B62FB681B688022D200DA61E7
:101750002723FB1801221A70BA6980239B001340CB
:101760000CD03B6A022213433B62FB681B68802259
:101770009200DA612723FB1801221A702723FB1835
:101780001B78002B1DD0FB681800FFF781FDFB685C
:101790001B685A68FB681B680D490A405A60FB6861
:1017A0005A6C3B6A1A43FB685A64FB684122202149
:1017B0009954FB68422200219954FB684022002181
:1017C00099542723FB181B781800BD460BB090BD19
:1017D00000E800FE90B587B000AFF8600800110087
:1017E0007B600A243B19021C1A8009203B180A1C42
:1017F0001A703B191B889B059A0D3B181B7819041E
:10180000FF231B040B401A437B681A43BB6A134334
:101810005B005B087B61FB681B685B68BA6A510D03
:101820008022D2000A4007490A43D2431A401100DD
:10183000FB681B687A690A435A60C046BD4607B018
:1018400090BDC046FF63FF0380B582B000AF7860F3
:1018500039607B6841229B5CDBB2202B38D17B68EE
:1018600040229B5C012B01D1022332E07B684022A5
:10187000012199547B684122242199547B681B687B
:101880001A687B681B6801218A431A607B681B68A1
:101890001A687B681B6811490A401A607B681B68DC
:1018A00019687B681B683A680A431A607B681B6882
:1018B0001A687B681B6801210A431A607B68412211
:1018C000202199547B68402200219954002300E094
:1018D00002231800BD4602B080BDC046FFEFFFFFE7
:1018E00080B584B000AF786039607B6841229B5C32
:1018F000DBB2202B39D17B6840229B5C012B01D1CC
:10190000022333E07B684022012199547B68412205
:10191000242199547B681B681A687B681B68012125
:101920008A431A607B681B681B68FB60FB68114A6E
:101930001340FB603B681B02FA681343FB607B6843
:101940001B68FA681A607B681B681A687B681B68EA
:1019500001210A431A607B684122202199547B6847
:10196000402200219954002300E002231800BD46C4
:1019700004B080BDFFF0FFFF80B582B000AF78609B
:101980000C4BDB687A683F210A40D2431A401100B1
:101990007B681A0A074B0A43DA60064B99687B6832
:1019A0003F221A40034B0A439A60C046BD4602B02C
:1019B00080BDC0460070004080B582B000AF786046
:1019C000064B9A687B683F210B40D943034B0A4082
:1019D0009A60C046BD4602B080BDC046007000405F
:1019E00080B582B000AF78600A00FB1C1A707B687B
:1019F000002B09D0144B1B68072293431A00124B8B
:101A000001210A431A6005E00F4B1A680E4B0721AB
:101A10008A431A600D4B1A690C4B04210A431A6160
:101A2000FB1C1B78012B01D130BF02E040BF20BF5F
:101A300020BF064B1A69054B04218A431A61C04630
:101A4000BD4602B080BDC0460070004000ED00E021
:101A500080B500AF094B1B68072293431A00074B60
:101A600003210A431A60064B1A69054B04210A43F5
:101A70001A6130BFC046BD4680BDC0460070004000
:101A800000ED00E080B500AF044B9A68034B802165
:101A900049000A439A60C046BD4680BD00700040C0
:101AA00080B584B000AF7860194B1B68194A1340A9
:101AB0001900174B7A680A431A607A6880239B00E2
:101AC0009A421FD1144B1A6813005B009B185B00ED
:101AD00012491800DEF73EFB03000133FB6008E00B
:101AE000FB68002B03D0FB68013BFB6001E0032394
:101AF00009E0074B5A698023DB001A408023DB0092
:101B00009A42EDD000231800BD4604B080BDC04607
:101B100000700040FFF9FFFF3002002040420F003C
:101B200080B500AF034B9A68E023DB011340180037
:101B3000BD4680BD0010024080B588B000AF78601F
:101B40007B68002B02D1012300F050FB7B681B68EF
:101B50000122134000D17CE0C34B9B683822134024
:101B6000BB61C14BDB68032213407B61BB69102B57
:101B700002D17B69032B02D0BB69082B0BD1BA4B76
:101B80001A6880239B02134062D07B685B68002B3D
:101B90005ED101232AE37B685A6880235B029A4264
:101BA00007D1B14B1A68B04B802149020A431A6031
:101BB00020E07B685A68A023DB029A420ED1AA4B30
:101BC0001A68A94B8021C9020A431A60A64B1A68F9
:101BD000A54B802149020A431A600BE0A24B1A6808
:101BE000A14BA2490A401A609F4B1A689E4BA0491C
:101BF0000A401A607B685B68002B14D0FCF7FCFC81
:101C000003003B6108E0FCF7F7FC02003B69D31AD4
:101C1000642B01D90323E9E2934B1A6880239B02CA
:101C20001340F0D015E0FCF7E7FC03003B6108E04F
:101C3000FCF7E2FC02003B69D31A642B01D90323B1
:101C4000D4E2894B1A6880239B021340F0D100E054
:101C5000C0467B681B680222134000D199E0824B8A
:101C60009B6838221340BB617F4BDB680322134023
:101C70007B61BB69102B02D17B69022B02D0BB694F
:101C8000002B35D1784B1A688023DB00134005D038
:101C90007B68DB68002B01D10123A7E2724B5B68F4
:101CA000744A134019007B685B691A026E4B0A4341
:101CB0005A60BB69002B12D16B4B1B686E4A1340F4
:101CC00019007B681A69684B0A431A60664B1B68E7
:101CD000DB0A07221340694ADA40694B1A60694BF4
:101CE0001B681800FCF72CFC031E51D001237DE279
:101CF0007B68DB68002B30D05B4B1B685E4A13406F
:101D000019007B681A69584B0A431A60564B1A68C7
:101D1000554B802149000A431A60FCF76DFC030013
:101D20003B6108E0FCF768FC02003B69D31A022B18
:101D300001D903235AE24C4B1A688023DB0013407D
:101D4000F0D0494B5B684B4A134019007B685B69D4
:101D50001A02454B0A435A601BE0434B1A68424B38
:101D600049490A401A60FCF747FC03003B6108E060
:101D7000FCF742FC02003B69D31A022B01D9032372
:101D800034E2394B1A688023DB001340F0D100E0C5
:101D9000C0467B681B680822134047D0324B9B68C3
:101DA00038221340182B0AD12F4B1B6E02221340EE
:101DB0003CD07B689B69002B38D1012316E27B68FD
:101DC0009B69002B19D0284B1A6E274B01210A431F
:101DD0001A66FCF711FC03003B6108E0FCF70CFC01
:101DE00002003B69D31A022B01D90323FEE11E4BEB
:101DF0001B6E02221340F1D018E01B4B1A6E1A4BD7
:101E000001218A431A66FCF7F7FB03003B6108E0F7
:101E1000FCF7F2FB02003B69D31A022B01D9032322
:101E2000E4E1114B1B6E02221340F1D17B681B6869
:101E30000422134000D1C7E01F23FB1800221A70B0
:101E4000094B9B6838221340202B1FD1064BDB6DBA
:101E50000222134000D1B7E07B689B68002B00D0C2
:101E6000B2E00123C2E1C04600100240FFFFFEFFC6
:101E7000FFFFFBFFFF80FFFFFFC7FFFF0024F40011
:101E80003002002048020020FFFEFFFFB54BDA6B56
:101E900080235B05134001D1012300E00023002BC8
:101EA00011D0B04BDA6BAF4B802149050A43DA639E
:101EB000AC4BDA6B80235B051340FB60FB681F2390
:101EC000FB1801221A70A84B1A6880235B0013408C
:101ED0001AD1A54B1A68A44B802149000A431A6005
:101EE000FCF78AFB03003B6108E0FCF785FB02007E
:101EF0003B69D31A022B01D9032377E19A4B1A6865
:101F000080235B001340F0D07B689B68012B06D1D7
:101F1000944BDA6D934B01210A43DA651CE07B6830
:101F20009B68052B0CD18F4BDA6D8E4B04210A4335
:101F3000DA658C4BDA6D8B4B01210A43DA650BE0D5
:101F4000884BDA6D874B01218A43DA65854BDA6D60
:101F5000844B04218A43DA657B689B68002B14D08C
:101F6000FCF74AFB03003B6109E0FCF745FB02007C
:101F70003B69D31A7D4A934201D9032336E1794B59
:101F8000DB6D02221340F0D013E0FCF735FB0300B9
:101F90003B6109E0FCF730FB02003B69D31A734A4E
:101FA000934201D9032321E16E4BDB6D02221340E2
:101FB000F0D11F23FB181B78012B05D1694BDA6B7D
:101FC000684B6B490A40DA637B681B682022134028
:101FD00039D07B68DB69002B1BD0624B1A68614BE0
:101FE0008021C9030A431A60FCF706FB03003B612A
:101FF00008E0FCF701FB02003B69D31A022B01D970
:102000000323F3E0574B1A6880231B041340F0D0DE
:1020100019E0544B1A68534B56490A401A60FCF7B2
:10202000EBFA03003B6108E0FCF7E6FA02003B69CB
:10203000D31A022B01D90323D8E04A4B1A68802314
:102040001B041340F0D17B681B6A002B00D1CCE04D
:10205000444B9B6838221340102B00D17BE07B68F7
:102060001B6A022B56D13F4B1A683E4B42490A402D
:102070001A60FCF7C1FA03003B6108E0FCF7BCFA08
:1020800002003B69D31A022B01D90323AEE0354B82
:102090001A6880239B041340F0D1324BDB68374A27
:1020A000134019007B685A6A7B689B6A1A437B68F5
:1020B000DB6A1B021A437B681B6B1A437B685B6BF2
:1020C0001A437B689B6B1A43264B0A43DA60254B05
:1020D0001A68244B802149040A431A60214BDA68AC
:1020E000204B802149050A43DA60FCF785FA03009A
:1020F0003B6108E0FCF780FA02003B69D31A022B2F
:1021000001D9032372E0174B1A6880239B04134004
:10211000F0D06AE0134B1A68124B17490A401A6054
:10212000FCF76AFA03003B6108E0FCF765FA02007D
:102130003B69D31A022B01D9032357E0094B1A68D4
:1021400080239B041340F0D1064BDA68054B0C4901
:102150000A40DA6049E07B681B6A012B12D1012337
:1021600044E0C046001002400070004088130000A8
:10217000FFFFFFEFFFFFBFFFFFFFFFFE8C80C111DE
:10218000FCFFFEEE1B4BDB687B617B6903221A4080
:102190007B685B6A9A4226D17B6970221A407B6811
:1021A0009B6A9A421FD17A69FE23DB011A407B6841
:1021B000DB6A1B029A4216D17A69F8239B031A4004
:1021C0007B681B6B9A420ED17A69E0231B051A408B
:1021D0007B685B6B9A4206D17B695B0F5A077B6811
:1021E0009B6B9A4201D0012300E000231800BD46FA
:1021F00008B080BD0010024080B584B000AF7860A8
:1022000039607B68002B01D10123E9E0764B1B6824
:10221000072213403A689A421ED9734B1B68072263
:1022200093431900704B3A680A431A60FCF7E4F9CB
:102230000300FB6009E0FCF7DFF90200FB68D31A3A
:102240006A4A934201D90323CAE0674B1B680722FD
:1022500013403A689A42EED17B681B680222134011
:1022600015D07B681B680422134006D0604B9A6827
:102270005F4BE021C9010A439A605D4B9B685D4A50
:10228000134019007B689A68594B0A439A607B682F
:102290001B680122134057D07B685B68012B07D174
:1022A000534B1A6880239B0213402BD1012397E0E4
:1022B0007B685B68022B07D14D4B1A6880239B0417
:1022C00013401FD101238BE07B685B68002B07D193
:1022D000474B1A688023DB00134013D101237FE0B2
:1022E0007B685B68032B06D1414B1B6E02221340B7
:1022F00008D1012374E03E4BDB6D0222134001D173
:1023000001236DE03A4B9B680722934319007B68D9
:102310005A68374B0A439A60FCF76EF90300FB607A
:1023200009E0FCF769F90200FB68D31A2F4A9342CF
:1023300001D9032354E02E4B9B6838221A407B6856
:102340005B68DB009A42ECD1274B1B6807221340E5
:102350003A689A421ED2244B1B6807229343190005
:10236000214B3A680A431A60FCF746F90300FB6008
:1023700009E0FCF741F90200FB68D31A1B4A9342BB
:1023800001D903232CE0184B1B68072213403A683D
:102390009A42EED17B681B680422134009D0144B8B
:1023A0009B68154A134019007B68DA68104B0A4392
:1023B0009A6000F029F801000D4B9B681B0A0F2260
:1023C0001A400E4B9200D3581F2213400A00DA40E5
:1023D0000B4B1A600B4B1B681800FCF7B1F803009D
:1023E0001800BD4604B080BD0020024088130000E4
:1023F00000100240FFF0FFFFFF8FFFFFACEF02086D
:10240000300200204802002080B586B000AF3C4B6F
:102410009B68382213400FD1394B1B68DB0A072217
:10242000134001229A4013003B6039683548DDF7BC
:1024300091FE03003B615DE0314B9B683822134005
:10244000082B02D1304B3B6154E02D4B9B68382266
:102450001340102B38D12A4BDB6803221340FB605A
:10246000274BDB681B09072213400133BB60FB6865
:10247000032B0DD1B9682448DDF76CFE0300190069
:102480001F4BDB681B0A7F2213404B437B610DE02F
:10249000B9681C48DDF75EFE03001900184BDB68C5
:1024A0001B0A7F2213404B437B61C046144BDB6801
:1024B0005B0F0722134001337B6079687869DDF791
:1024C00049FE03003B6115E00D4B9B683822134029
:1024D000202B03D180231B023B610BE0084B9B6840
:1024E00038221340182B03D1FA23DB013B6101E0B2
:1024F00000233B613B691800BD4606B080BDC04665
:10250000001002400024F40000127A0080B500AFF1
:10251000024B1B681800BD4680BDC046300200203B
:10252000B0B500AFFFF7F2FF0400FFF7F9FA0300C0
:102530001A0B054B9200D3581F221340DC40230096
:102540001800BD46B0BDC046ECEF020880B586B0AD
:1025500000AF78601323FB1800221A701223FB18B7
:1025600000221A707B681A6880239B02134000D1F6
:10257000ADE011203B1800221A70474BDA6B802324
:102580005B05134010D1444BDA6B434B8021490566
:102590000A43DA63404BDA6B80235B051340BB6070
:1025A000BB683B1801221A703C4B1A683B4B8021D8
:1025B00049000A431A60FCF71FF80300FB600BE0B8
:1025C000FCF71AF80200FB68D31A022B04D9132374
:1025D000FB1803221A7005E0304B1A6880235B0059
:1025E0001340EDD01323FB181B78002B5ED12A4B30
:1025F000DA6DC0239B0013407B617B69002B19D0EF
:102600007B681B6C7A699A4214D0234BDB6D244A99
:1026100013407B61204BDA6D1F4B802149020A4336
:10262000DA651D4BDA6D1C4B1E490A40DA651A4B00
:102630007A69DA657B690122134016D0FBF7DCFF6B
:102640000300FB600CE0FBF7D7FF0200FB68D31A26
:10265000154A934204D91323FB1803221A7004E08D
:102660000D4BDB6D02221340EDD01323FB181B78BA
:10267000002B0AD1084BDB6D094A134019007B6817
:102680001A6C054B0A43DA6516E01223FB18132275
:10269000BA1812781A700FE0001002400070004063
:1026A000FFFCFFFFFFFFFEFF881300001223FB1853
:1026B0001322BA1812781A701123FB181B78012BF9
:1026C00005D1B64BDA6BB54BB5490A40DA637B6886
:1026D0001B680122134009D0B04B5B6D032293436A
:1026E00019007B685A68AD4B0A435A657B681B68C2
:1026F0000222134009D0A94B5B6D0C2293431900B1
:102700007B689A68A54B0A435A657B681B6804225C
:10271000134009D0A14B5B6D3022934319007B68B5
:10272000DA689E4B0A435A657B681B681022134087
:1027300009D09A4B5B6D9B4A134019007B681A695C
:10274000964B0A435A657B681A6880235B011340E5
:1027500009D0924B5B6D944A134019007B685A690B
:102760008E4B0A435A657B681A6880239B0013408E
:1027700009D08A4B5B6D8D4A134019007B689A6AB9
:10278000864B0A435A657B681A688023DB00134036
:1027900009D0824B5B6D864A134019007B68DA6A68
:1027A0007E4B0A435A657B681B682022134009D080
:1027B0007A4B5B6D7F4A134019007B689A69774BAF
:1027C0000A435A657B681B684022134009D0734B4B
:1027D0005B6D794A134019007B68DA696F4B0A43D5
:1027E0005A657B681A688023DB01134015D06B4B58
:1027F0005B6D9B0099087B681A6B684B0A435A65AE
:102800007B681A6B8023DB059A4206D1634BDA683A
:10281000624B802149020A43DA607B681A68802390
:102820001B03134009D05D4B5B6D4022934319009D
:102830007B685A6B594B0A435A657B681A68802338
:102840009B03134016D0554B5B6D5C4A1340190037
:102850007B689A6B514B0A435A657B689A6B80235D
:10286000DB039A4206D14D4BDA684C4B8021490478
:102870000A43DA607B681A688023DB03134016D0B2
:10288000464B5B6D4E4A134019007B68DA6B434B35
:102890000A435A657B68DA6B80235B049A4206D14F
:1028A0003E4BDA683D4B802149040A43DA607B687D
:1028B0001A6880231B01134014D0384B9B6D0322F0
:1028C000934319007B681A6A344B0A439A657B6804
:1028D0001B6A012B06D1314BDA68304B802149024B
:1028E0000A43DA607B681A6880239B01134014D086
:1028F0002A4B9B6D0C22934319007B685A6A274B25
:102900000A439A657B685B6A042B06D1234BDA681D
:10291000224B802149020A43DA607B681A688023CF
:102920005B04134016D01D4B9B6D224A13401900C7
:102930007B685A6C194B0A439A657B685A6C8023F2
:102940009B019A4206D1154BDA68144B8021490449
:102950000A43DA607B681A6880239B04134016D010
:102960000E4B9B6D104A134019007B689A6C0B4B01
:102970000A439A657B689A6C80235B009A4206D171
:10298000064BDA68054B802149040A43DA601223BA
:10299000FB181B781800BD4606B080BD0010024031
:1029A000FFFFFFEFFFF3FFFFFFFCFFFFFFFFF3FF62
:1029B000FFFFCFFFFFCFFFFFFF3FFFFFFFFFBFFF87
:1029C000FFFFFFFEB0B584B000AF78600F23FB18A7
:1029D00001221A707B68002B00D18CE07B682922D1
:1029E0009B5CDBB2002B0BD17B6828220021995421
:1029F0007B68882212025A607B681800F3F7E0FEB9
:102A00007B682922022199547B681B68DB681022AD
:102A10001340102B62D07B681B68CA225A627B6805
:102A20001B6853225A620F257C197B68180000F03E
:102A300011FB0300237028003B181B78002B2CD1BE
:102A40007B681B689A697B681B682E490A409A61FB
:102A50007B681B6899697B689A687B685B691A4325
:102A60007B68DB691A437B681B680A439A617B6851
:102A70001B687A6812691A617B681B6819697B6830
:102A8000DB681A047B681B680A431A613C187B6880
:102A9000180000F021FB030023700F23FB181B78A4
:102AA000002B16D17B681B689A697B681B68D20073
:102AB000D2089A617B681B6899697B685A6A7B684F
:102AC0001B6A1A437B689B691A437B681B680A432D
:102AD0009A617B681B68FF225A6203E00F23FB1890
:102AE00000221A700F23FB181B78002B03D17B6880
:102AF0002922012199540F23FB181B781800BD4689
:102B000004B0B0BDBFFF8FFBB0B584B000AF78603C
:102B10007B682922022199547B681B68CA225A6269
:102B20007B681B6853225A620F257C197B6818004A
:102B300000F090FA030023707B191B78002B5CD106
:102B40007B681B6800221A607B681B68394A5A60E0
:102B50007B681B689A697B681B6807210A409A6139
:102B6000FBF74AFD0300BB6012E0FBF745FD0200E6
:102B7000BB68D21AFA239B009A4209D97B681B686A
:102B8000FF225A627B6829220321995403234CE0D7
:102B90007B681B68DB6804221340E6D07B681B68F7
:102BA0009B697B681B6800229A617B681B68224ACC
:102BB0005A617B681B68214A1A617B681B68002286
:102BC0001A647B681B6800229A647B681B68002279
:102BD000DA627B681B6800229A627B681B680022AD
:102BE0005A647B681B680022DA640F23FC187B6838
:102BF000180000F071FA030023707B681B68FF2245
:102C00005A620F23FB181B78002B07D17B68180032
:102C1000F3F710FE7B682922002199547B68282253
:102C2000002199540F23FB181B781800BD4604B0EF
:102C3000B0BDC04601210000FFFF0000FF007F0083
:102C4000B0B586B000AFF860B9607A60FB68282242
:102C50009B5C012B01D1022392E0FB682822012119
:102C60009954FB68292202219954FB681B68CA22E7
:102C70005A62FB681B6853225A6213257C19FB6851
:102C8000180000F0E7F9030023707B191B78002B74
:102C900062D17B68002B25D1FB681B689B694022B1
:102CA000134002D1BB680022DA70BB681B781800A1
:102CB00000F056FA03001C04BB685B78180000F0B3
:102CC0004FFA03001B021C43BB689B78180000F0FE
:102CD00047FA030022001A43BB68DB789B051343C5
:102CE0007B6117E0FB681B689B694022134002D19F
:102CF000BB680022DA70BB681B781A04BB685B787B
:102D00001B021343BA6892781A43BB68DB789B05B1
:102D100013437B61FB681B687A691B490A401A6090
:102D2000FB681B689A69FB681B6818490A409A612E
:102D3000FB681B689969BB68DA68BB681B691A4342
:102D4000FB681B680A439A611323FC18FB68180090
:102D500000F0C2F903002370FB681B68FF225A626F
:102D60001323FB181B78002B03D1FB6829220121B8
:102D70009954FB682822002199541323FB181B78CF
:102D80001800BD4606B0B0BD7F7F7F00FFFFFBFF90
:102D900080B586B000AFF860B9607A60FB681B68E8
:102DA0009A68BB685A60FB681B681B695B045A0C15
:102DB000BB689A60FB681B681B68224A13407B61F2
:102DC0007B691B0CDBB23F221340DAB2BB681A707E
:102DD0007B691B0ADBB27F221340DAB2BB685A70F0
:102DE0007B69DBB27F221340DAB2BB689A707B69E1
:102DF0009B0DDBB201221340DAB2BB68DA707B684C
:102E0000002B1AD1BB681B78180000F0D1F9030021
:102E10001A00BB681A70BB685B78180000F0C8F92C
:102E200003001A00BB685A70BB689B78180000F05A
:102E3000BFF903001A00BB689A7000231800BD4652
:102E400006B080BD7F7F7F00B0B586B000AFF86070
:102E5000B9607A60FB6828229B5C012B01D10223B8
:102E60007EE0FB68282201219954FB682922022177
:102E700099547B68002B0ED1BB685B781A00102335
:102E8000134008D0BB685B7810229343DBB20A334F
:102E9000DAB2BB685A707B68002B1CD1BB68DB7848
:102EA000180000F05DF903001C04BB685B78180093
:102EB00000F056F903001B021C43BB689B78180006
:102EC00000F04EF9030022001A43BB681B785B0335
:102ED00013437B610EE0BB68DB781A04BB685B7848
:102EE0001B021343BA6892781A43BB681B785B03D2
:102EF00013437B61FB681B68CA225A62FB681B682C
:102F000053225A6213257C19FB68180000F0A2F8BE
:102F10000300237028003B181B78002B0CD1FB68A2
:102F20001B687A6910490A405A603C18FB6818000F
:102F300000F0D2F803002370FB681B68FF225A627E
:102F40001323FB181B78002B03D1FB6829220121D6
:102F50009954FB682822002199541323FB181B78ED
:102F60001800BD4606B0B0BD3FFFFF0080B586B07B
:102F700000AFF860B9607A60FB681B685B68214A43
:102F800013407B617B691B0CDAB2BB68DA707B692A
:102F90001B0ADBB21F221340DAB2BB685A707B698E
:102FA000DBB23F221340DAB2BB689A707B695B0BDD
:102FB000DBB207221340DAB2BB681A707B68002BC1
:102FC0001AD1BB68DB78180000F0F2F803001A0091
:102FD000BB68DA70BB685B78180000F0E9F80300A2
:102FE0001A00BB685A70BB689B78180000F0E0F8C4
:102FF00003001A00BB689A7000231800BD4606B093
:1030000080BDC0463FFFFF0080B584B000AF786050
:103010007B681B680E4ADA60FBF7EEFA0300FB6080
:103020000AE0FBF7E9FA0200FB68D21AFA239B00D8
:103030009A4201D9032306E07B681B68DB682022E3
:103040001340EED000231800BD4604B080BDC0463A
:103050005F00010080B584B000AF78600F23FB18DB
:1030600000221A707B681B68DB68402213402CD159
:103070007B681B68DA687B681B6880210A43DA601A
:10308000FBF7BAFA0300BB6014E0FBF7B5FA0200E5
:10309000BB68D21A0F203B18391809781970FA2327
:1030A0009B009A4206D93B1803221A707B6829229A
:1030B000032199547B681B68DB684022134004D1CC
:1030C0000F23FB181B78032BDFD10F23FB181B7872
:1030D0001800BD4604B080BD90B585B000AF7860E3
:1030E0000F243B1900221A701C4BDA681B4B8021FD
:1030F0008A43DA60194B9B69202213400DD17B680B
:103100001800FFF781FF031E21D07B6829220321CD
:1031100099543B1903221A7019E0104B9A690F4B0E
:1031200020218A439A617B681800FFF76DFF031E18
:1031300007D07B682922032199540F23FB1803220F
:103140001A70064B9A69054B20210A439A610F2396
:10315000FB181B781800BD4605B090BD0028004044
:1031600080B584B000AF0200FB1D1A700023FB6025
:103170000B23FB18FA1D12781A7008E0FB68013364
:10318000FB600B22BB18BA1812780A3A1A700B218E
:103190007B181B78092BF1D8FB68DBB21B01DAB274
:1031A0007B181B781343DBB21800BD4604B080BD0A
:1031B00080B584B000AF0200FB1D1A70FB1D1B78A8
:1031C0001B09DBB21A0013009B009B185B00FB601D
:1031D000FB68DAB2FB1D1B780F210B40DBB2D31862
:1031E000DBB21800BD4604B080BD80B586B000AF2C
:1031F000F860B9607A60FB681B681A00FB685B685E
:10320000D3187B617B690133FF333B61BB689B0053
:103210003A69D3183B613B697A681A60C046BD467B
:1032200006B080BD80B584B000AF786039607B683F
:103230001B681A007B685B68D318FB60FB6801336E
:10324000FF33BB603B689B00BA68D318BB60BB68A8
:103250001B681800BD4604B080BD80B582B000AFC9
:1032600078607B68002B01D101234AE07B683D2216
:103270009B5CDBB2002B07D17B683C220021995478
:103280007B681800F3F76EFB7B683D22022199549E
:103290007B681A687B6804331900100000F090F80E
:1032A0007B684822012199547B683E220121995470
:1032B0007B683F22012199547B6840220121995467
:1032C0007B684122012199547B6842220121995453
:1032D0007B684322012199547B684422012199543F
:1032E0007B684522012199547B684622012199542B
:1032F0007B684722012199547B683D220121995422
:1033000000231800BD4602B080BD000080B584B027
:1033100000AF78607B683D229B5CDBB2012B01D063
:1033200001233FE07B683D22022199547B681B68A2
:103330001E4A934214D07B681A688023DB059A42A8
:103340000ED07B681B681A4A934209D07B681B68C1
:10335000184A934204D07B681B68174A934216D1DF
:103360007B681B689B68154A1340FB60FB68062B53
:1033700016D0FA6880235B029A4211D07B681B68E2
:103380001A687B681B6801210A431A6008E07B68A1
:103390001B681A687B681B6801210A431A6000E0F9
:1033A000C04600231800BD4604B080BD002C01407B
:1033B00000040040000800400040014007000100F8
:1033C00080B584B000AF786039607B681B68FB60B3
:1033D0007B683F4A93420CD07A688023DB059A428F
:1033E00007D07B683B4A934203D07B683A4A9342BA
:1033F00008D1FB6870229343FB603B685B68FA6806
:103400001343FB607B68324A93421CD07A68802366
:10341000DB059A4217D07B682E4A934213D07B6813
:103420002D4A93420FD07B682C4A93420BD07B6885
:103430002B4A934207D07B682A4A934203D07B6889
:10344000294A934208D1FB68284A1340FB603B6835
:10345000DB68FA681343FB60FB68802293431A0021
:103460003B685B691343FB607B68FA681A603B68E2
:103470009A687B68DA623B681A687B689A627B6844
:10348000134A93420BD07B68154A934207D07B685E
:10349000144A934203D07B68134A934203D13B689A
:1034A0001A697B681A637B6801225A617B681B6911
:1034B00001221340012B06D17B681B690122934333
:1034C0001A007B681A61C046BD4604B080BDC04684
:1034D000002C014000040040000800400020004093
:1034E000004001400044014000480140FFFCFFFF54
:1034F00080B582B000AF78607B68002B01D10123DA
:1035000046E07B6888229B58002B07D17B68842289
:10351000002199547B681800F3F7AAFB7B68882286
:10352000242199507B681B681A687B681B680121FD
:103530008A431A607B689B6A002B03D07B68180063
:1035400001F0D8F87B68180000F07EFD0300012B25
:1035500001D101231CE07B681B685A687B681B68EB
:103560000D490A405A607B681B689A687B681B6833
:103570002A218A439A607B681B681A687B681B68EB
:1035800001210A431A607B68180001F067F9030003
:103590001800BD4602B080BDFFB7FFFF80B582B006
:1035A00000AF78607B68002B01D1012332E07B689B
:1035B0008822242199507B681B681A687B681B68E5
:1035C00001218A431A607B681B6800221A607B68AD
:1035D0001B6800225A607B681B6800229A607B6827
:1035E000180000F01BF87B689022002199507B683E
:1035F0008822002199507B688C22002199507B6899
:103600000022DA667B6800221A677B688422002128
:10361000995400231800BD4602B080BD80B582B029
:1036200000AF7860C046BD4602B080BD80B58AB0AC
:1036300002AFF860B9603B60BB1D1A80FB6888224E
:103640009B58202B00D090E0BB68002B03D0BB1D03
:103650001B88002B01D1012388E0FB689A68802336
:103660005B019A4209D1FB681B69002B05D1BB683D
:103670000122134001D0012378E0FB689022002151
:103680009950FB68882221219950FAF7B5FF030071
:103690007B61FB68BA1D542112885A52FB68BA1D1F
:1036A000562112885A52FB689A6880235B019A421D
:1036B00008D1FB681B69002B04D10023FB61BB68A8
:1036C000BB6103E0BB68FB610023BB6130E07A694A
:1036D000F8683B68009313000022802101F068F92C
:1036E000031E05D0FB6888222021995003233DE06A
:1036F000FB69002B0BD1BB691B881A00FB681B6898
:10370000D205D20D9A62BB690233BB6107E0FB6947
:103710001A78FB681B689A62FB690133FB61FB68DE
:1037200056229B5A9BB2013B99B2FB685622995292
:10373000FB6856229B5A9BB2002BC8D17A69F86865
:103740003B68009313000022402101F031F9031E71
:1037500005D0FB68882220219950032306E0FB68EE
:10376000882220219950002300E002231800BD4642
:1037700008B080BD80B58CB000AFF860B960BB1DEB
:103780001A80FB6888229B58202B00D08DE0BB68F4
:10379000002B03D0BB1D1B88002B01D1012385E02A
:1037A000FB689A6880235B019A4209D1FB681B6918
:1037B000002B05D1BB680122134001D0012375E025
:1037C000FB68BA681A65FB68BA1D542112885A5200
:1037D000FB68BA1D562112885A52FB6800229A676C
:1037E000FB68902200219950FB6888222121995082
:1037F000FB685A6E80239B059A422AD1FB689A681F
:1038000080235B019A4207D1FB681B69002B03D11F
:10381000FB68284A9A6702E0FB68274A9A67EFF339
:103820001083FB61FB69BB6201233B623B6A83F34C
:103830001088C046FB681B689A68FB681B6880217B
:1038400009040A439A60BB6A7B627B6A83F310882F
:1038500029E0FB689A6880235B019A4207D1FB68E4
:103860001B69002B03D1FB68144A9A6702E0FB68CE
:10387000134A9A67EFF310833B613B69FB620123B4
:103880007B617B6983F31088C046FB681B681A68FC
:10389000FB681B6880210A431A60FB6ABB61BB6935
:1038A00083F31088C046002300E002231800BD46C1
:1038B0000CB080BDAD510208C1500208035002088F
:1038C0004F4F020880B58CB000AF78607B688822CB
:1038D0009B58FB627B688C229B58BB627B681B6891
:1038E0009B6880221340802B38D1FB6A212B35D175
:1038F000EFF310837B617B697B620123BB61BB6952
:1039000083F31088C0467B681B689A687B681B68D5
:1039100080218A439A607B6AFB61FB6983F310888C
:10392000C0467B68DB6F002B14D07B68DB6F180010
:10393000FCF722FC031E0DD07B68DB6F1800FCF740
:10394000A7FD0300202B05D17B6890221021995000
:10395000032347E07B68180001F040F97B681B688F
:103960009B6840221340402B3BD1BB6A222B38D1AD
:10397000EFF31083BB60BB683B620123FB60FB6815
:1039800083F31088C0467B681B689A687B681B6855
:1039900040218A439A603B6A3B613B6983F310880C
:1039A000C0467B6880229B58002B16D07B68802203
:1039B0009B581800FCF7E0FB031E0ED07B688022AA
:1039C0009B581800FCF764FD0300202B05D17B6891
:1039D000902210219950032304E07B68180001F025
:1039E0003DF900231800BD460CB080BDB0B5AAB0AB
:1039F00000AF78607B681B68DB69A422B9180B6094
:103A00007B681B681B68A02039180B607B681B68EB
:103A10009B689C2439190B601100BB181B68A24AD3
:103A200013409822BD182B60BB181B68002B1AD1BD
:103A30007B181B682022134015D03B181B682022DE
:103A4000134005D13B191A6880235B0513400AD047
:103A50007B685B6F002B00D1DCE27B685B6F7A6870
:103A600010009847D6E29823FB181B68002B00D162
:103A700022E19C23FB181B688C4A134006D1A0232B
:103A8000FB181B688A4A134000D115E1A423FB18D8
:103A90001B680122134012D0A023FB181A68802350
:103AA0005B0013400BD07B681B6801221A627B68A5
:103AB00090229B5801221A437B6890215A50A423DC
:103AC000FB181B680222134011D09C23FB181B68B3
:103AD000012213400BD07B681B6802221A627B68AC
:103AE00090229B5804221A437B6890215A50A423A9
:103AF000FB181B680422134011D09C23FB181B6881
:103B0000012213400BD07B681B6804221A627B6879
:103B100090229B5802221A437B6890215A50A4237A
:103B2000FB181B680822134017D0A023FB181B6842
:103B30002022134005D19C23FB181B685B4A1340CD
:103B40000BD07B681B6808221A627B6890229B5806
:103B500008221A437B6890215A50A423FB181A6844
:103B600080231B01134013D0A023FB181A68802365
:103B7000DB0413400CD07B681B68802212011A62A0
:103B80007B6890229B5820221A437B6890215A50D0
:103B90007B6890229B58002B00D13DE2A423FB18A8
:103BA0001B682022134015D0A023FB181B6820227D
:103BB000134006D19C23FB181A6880235B05134031
:103BC00008D07B685B6F002B04D07B685B6F7A68E2
:103BD000100098477B6890229B5894217A181360B4
:103BE0007B681B689B6840221340402B04D07B18E5
:103BF0001B68282213404CD07B68180001F02EF877
:103C00007B681B689B6840221340402B3CD1EFF33C
:103C100010833B663B6E90203A18136001237B664D
:103C20007B6E83F31088C0467B681B689A687B684C
:103C30001B6840218A439A603B181B68BB66BB6EB9
:103C400083F31088C0467B6880229B58002B16D0D7
:103C50007B6880229B58174A9A637B6880229B5816
:103C60001800FCF7E9FA031E1CD07B6880229B58E1
:103C70009B6B7A68802152581000984712E07B684D
:103C80001800F2F777FA0DE07B681800F2F772FA85
:103C900008E07B681800F2F76DFA7B68902200213B
:103CA0009950B9E1C046B7E10F08000001000010CB
:103CB00020010004214F02087B68DB6E012B00D03D
:103CC0003EE1A423FB181B681022134000D137E10A
:103CD000A023FB181B681022134000D130E17B6841
:103CE0001B6810221A627B681B689B684022134085
:103CF000402B00D0A4E07B6880229B581B685A6848
:103D00007E217B181A807B181B88002B00D185E14F
:103D10007B685C229B5A7A1812889A4200D37DE114
:103D20007B687A185E2112885A527B6880229B58E1
:103D30001B681B682022134070D1EFF310833B6394
:103D40003B6BBB6701237B637B6B83F31088C046AF
:103D50007B681B681A687B681B68B4490A401A6054
:103D6000BB6FBB63BB6B83F31088C046EFF310835C
:103D7000FB63FB6B7B6701233B643B6C83F3108825
:103D8000C0467B681B689A687B681B6801218A4370
:103D90009A607B6F7B647B6C83F31088C046EFF383
:103DA0001083BB64BB6C3B670123FB64FB6C83F338
:103DB0001088C0467B681B689A687B681B68402136
:103DC0008A439A603B6F3B653B6D83F31088C04626
:103DD0007B688C22202199507B680022DA66EFF301
:103DE00010837B657B6DFB660123BB65BB6D83F335
:103DF0001088C0467B681B681A687B681B681021A6
:103E00008A431A60FB6EFB65FB6D83F31088C04626
:103E10007B6880229B581800FCF7AEF97B68022271
:103E20001A677B685C229A5A7B685E215B5A9BB258
:103E3000D31A9AB27B6811001800F1F74BFFEDE03E
:103E40007B685C22995A7B685E229B5A9AB28E20CC
:103E50003B188A1A1A807B685E229B5A9BB2002B01
:103E600000D1DDE03B181B88002B00D1D8E0EFF338
:103E70001083FB60FB6888243A19136001233B61BF
:103E80003B6983F31088C0467B681B681A687B68AF
:103E90001B6867490A401A603B191B687B617B6994
:103EA00083F31088C046EFF31083BB61BB698424A1
:103EB0003A1913600123FB61FB6983F31088C04644
:103EC0007B681B689A687B681B685A490A409A603D
:103ED0003B191B683B623B6A83F31088C0467B68D2
:103EE0008C22202199507B680022DA667B680022B0
:103EF0005A67EFF310837B627B6A80243A19136060
:103F00000123BB62BB6A83F31088C0467B681B68D1
:103F10001A687B681B6810218A431A603B191B686A
:103F2000FB62FB6A83F31088C0467B6802221A6733
:103F30003B181A887B6811001800F1F7CBFE6FE080
:103F4000A423FB181A6880235B03134010D09C2322
:103F5000FB181A688023DB03134009D07B681B68B9
:103F6000802252031A627B681800F2F775F95AE052
:103F7000A423FB181B688022134016D0A023FB1833
:103F80001B688022134006D19C23FB181A688023EB
:103F90001B04134009D07B689B6F002B42D07B68C9
:103FA0009B6F7A68100098473CE0A423FB181B68BD
:103FB000402213400AD0A023FB181B684022134064
:103FC00004D07B68180001F06BF92CE0A423FB18E7
:103FD0001A6880231B0413400BD0A023FB181A6817
:103FE0008023DB05134004D07B68180001F08CF9B6
:103FF00019E0A423FB181A6880235B04134012D035
:10400000A023FB181B68002B0DDA7B68180001F059
:1040100073F908E0C04606E0C04604E0C04602E08E
:10402000C04600E0C046BD462AB0B0BDFFFEFFFF5F
:10403000DFFEFFFFFEFFFFEF80B582B000AF7860CC
:10404000C046BD4602B080BDB0B590B000AF78624A
:104050001A2320229B18DB1900221A707B6A9A68A7
:104060007B6A1B691A437B6A5B691A437B6ADB695B
:104070001343FB637B6A1B681B68C14A134019002A
:104080007B6A1A68FB6B0B4313607B6A1B685B6877
:10409000BC4A134018007B6AD9687B6A1A6803001F
:1040A0000B4353607B6A9B69FB637B6A1B68B64A60
:1040B000934209D07B6A1B68B44A934204D07B6A5E
:1040C0001B6AFA6B1343FB637B6A1B689B68B04AED
:1040D000134019007B6A1A68FB6B0B4393607B6A81
:1040E0001B68DB6A0F22934318007B6A596A7B6A5C
:1040F0001A6803000B43D3627B6A1B68A54A93428C
:1041000031D1A54B5B6D03221340032B1DD023D867
:10411000022B0CD020D8002B02D0012B0ED01BE09C
:104120001B2320229B18DB1900221A7054E11B2349
:1041300020229B18DB1902221A704DE11B2320223A
:104140009B18DB1904221A7046E11B2320229B18BE
:10415000DB1908221A703FE11B2320229B18DB1970
:1041600010221A7038E17B6A1B688C4A934231D165
:10417000894B5B6D0C2213400C2B1DD023D8082BD0
:104180000CD020D8002B02D0042B0ED01BE01B2318
:1041900020229B18DB1900221A701DE11B2320220C
:1041A0009B18DB1902221A7016E11B2320229B1890
:1041B000DB1904221A700FE11B2320229B18DB1944
:1041C00008221A7008E11B2320229B18DB191022F9
:1041D0001A7001E17B6A1B68714A934231D16E4BC0
:1041E0005B6D30221340302B1DD023D8202B0CD0F8
:1041F00020D8002B02D0102B0ED01BE01B23202236
:104200009B18DB1900221A70E6E01B2320229B1862
:10421000DB1902221A70DFE01B2320229B18DB1916
:1042200004221A70D8E01B2320229B18DB190822D5
:104230001A70D1E01B2320229B18DB1910221A7060
:10424000CAE07B6A1B68574A934206D11B2320228F
:104250009B18DB1900221A70BEE07B6A1B68524A69
:10426000934206D11B2320229B18DB1900221A70CF
:10427000B2E07B6A1B684D4A934206D11B23202281
:104280009B18DB1900221A70A6E07B6A1B683E4A65
:1042900093423ED1404B5A6DC0231B011340C022B4
:1042A0001201934227D0C022120193422AD88022C1
:1042B0001201934211D080221201934222D8002B86
:1042C00004D08022D20093420ED01BE01B23202278
:1042D0009B18DB1900221A707EE01B2320229B18FA
:1042E000DB1902221A7077E01B2320229B18DB19AE
:1042F00004221A7070E01B2320229B18DB1908226D
:104300001A7069E01B2320229B18DB1910221A70F7
:1043100062E07B6A1B681D4A934257D11E4B5A6D5F
:10432000C0239B001340C0229200934240D0C02281
:104330009200934243D880229200934211D080226F
:10434000920093423BD8002B04D08022520093422B
:104350000ED034E01B2320229B18DB1900221A7098
:104360003AE01B2320229B18DB1902221A7033E04B
:104370001B2320229B18DB1904221A702CE0C04654
:10438000F369FFCFFFCFFFFF0080004000840040B3
:10439000FFF4FF11003801400010024000440040CB
:1043A00000480040004C004000500040003C0140EC
:1043B0001B2320229B18DB1908221A700CE01B23F8
:1043C00020229B18DB1910221A7005E01B232022E3
:1043D0009B18DB1910221A707B6A1B68C14A934232
:1043E00005D07B6A1B68C04A934200D093E01B2330
:1043F00020229B18DB191B78082B15D018DC042B06
:104400000DD015DC002B02D0022B05D010E0FEF7FA
:1044100087F803007B6314E0B44B7B6311E0FDF786
:10442000F3FF03007B630CE080231B027B6308E047
:1044300000237B631A2320229B18DB1901221A70A8
:10444000C0467B6B002B00D135E17B6A5A6AA84BD2
:104450005200D35A1900786BDBF77CFE0300BB6275
:104460007B6A5A6813005B009B18BA6A9A4205D3AC
:104470007B6A5B681B03BA6A9A4206D91A23202218
:104480009B18DB1901221A7044E07B6BBB6100238F
:10449000FB617B6A5A6A964B5200D35A3B610023F8
:1044A0007B613A697B69B869F969DCF741F8020018
:1044B0000B00110E1D020D4314027B6A5B685B0842
:1044C000BB600023FB60B868F968001969417B6A2A
:1044D0005B683B6000237B603A687B68DCF728F808
:1044E00002000B0013003B633A6BC0239B009A420F
:1044F00009D33A6B80235B039A4204D27B6A1B6820
:104500003A6BDA6006E01A2320229B18DB1901229D
:104510001A70D0E0CFE07B6ADA6980231B029A42EE
:1045200000D070E01B2320229B18DB191B78082B7E
:1045300015D018DC042B0DD015DC002B02D0022B7B
:1045400005D010E0FDF7ECFF03007B6314E0674B40
:104550007B6311E0FDF758FF03007B630CE08023D1
:104560001B027B6308E000237B631A2320229B1835
:10457000DB1901221A70C0467B6B002B00D19AE038
:104580007B6A5A6A5A4B5200D35A1900786BDBF790
:10459000E1FD03005A007B6A5B685B08D2187B6A06
:1045A0005B6819001000DBF7D5FD03003B633B6B34
:1045B0000F2B21D93A6B80235B029A421CD23B6BB2
:1045C0009AB20E2020240319DB190F218A431A8086
:1045D0003B6B5B089BB20722134099B20319DB19AE
:1045E0000219D21912880A431A807B6A1B680219C1
:1045F000D2191288DA605EE01A2320229B18DB1998
:1046000001221A7057E01B2320229B18DB191B780C
:10461000082B15D018DC042B0DD015DC002B02D094
:10462000022B05D010E0FDF77BFF03007B6314E055
:104630002E4B7B6311E0FDF7E7FE03007B630CE08C
:1046400080231B027B6308E000237B631A23202264
:104650009B18DB1901221A70C0467B6B002B2AD0F5
:104660007B6A5A6A224B5200D35A1900786BDBF7E7
:1046700071FD03001A007B6A5B685B08D2187B6AD5
:104680005B6819001000DBF765FD03003B633B6BC3
:104690000F2B0AD93A6B80235B029A4205D23B6BFF
:1046A0009AB27B6A1B68DA6005E01A2320229B1805
:1046B000DB1901221A707B6A6A22012199527B6AF6
:1046C0006822012199527B6A00225A677B6A002284
:1046D0009A671A2320229B18DB191B781800BD4605
:1046E00010B0B0BD00800040008400400024F40001
:1046F00004F2020880B582B000AF78607B689B6AE4
:10470000082213400BD07B681B685B684A4A134041
:1047100019007B689A6B7B681B680A435A607B6848
:104720009B6A012213400BD07B681B685B68434A7D
:10473000134019007B68DA6A7B681B680A435A6079
:104740007B689B6A022213400BD07B681B685B6806
:104750003B4A134019007B681A6B7B681B680A434D
:104760005A607B689B6A042213400BD07B681B68ED
:104770005B68344A134019007B685A6B7B681B687E
:104780000A435A607B689B6A102213400BD07B68F7
:104790001B689B682C4A134019007B68DA6B7B68A6
:1047A0001B680A439A607B689B6A202213400BD0E7
:1047B0007B681B689B68254A134019007B681A6C4C
:1047C0007B681B680A439A607B689B6A402213409F
:1047D0001DD07B681B685B681D4A134019007B680D
:1047E0005A6C7B681B680A435A607B685A6C80234A
:1047F0005B039A420BD17B681B685B68154A1340C8
:1048000019007B689A6C7B681B680A435A607B6856
:104810009B6A802213400BD07B681B685B680E4A42
:10482000134019007B68DA6C7B681B680A435A6086
:10483000C046BD4602B080BDFF7FFFFFFFFFFDFF0A
:10484000FFFFFEFFFFFFFBFFFFEFFFFFFFDFFFFFAD
:10485000FFFFEFFFFFFF9FFFFFFFF7FF80B592B065
:1048600002AF78607B68902200219950F9F7C4FE6E
:104870000300FB637B681B681B6808221340082B3E
:104880002DD1FB6B802291037868474A0092002269
:1048900000F08EF8031E22D0EFF310837B627B6A58
:1048A000BB630123BB62BB6A83F31088C0467B688D
:1048B0001B681A687B681B6880218A431A60BB6B7F
:1048C000FB62FB6A83F31088C0467B688822202144
:1048D00099507B68842200219954032360E07B680F
:1048E0001B681B6804221340042B46D1FB6B8022FB
:1048F000D10378682C4A0092002200F059F8031E78
:104900003BD0EFF31083FB60FB687B6301233B61CB
:104910003B6983F31088C0467B681B681A687B6814
:104920001B6822490A401A607B6B7B617B6983F3B9
:104930001088C046EFF31083BB61BB693B63012362
:10494000FB61FB6983F31088C0467B681B689A682B
:104950007B681B6801218A439A603B6B3B623B6A20
:1049600083F31088C0467B688C22202199507B6895
:10497000842200219954032312E07B68882220219D
:1049800099507B688C22202199507B680022DA663E
:104990007B6800221A677B688422002199540023D7
:1049A0001800BD4610B080BDFFFFFF01DFFEFFFF16
:1049B00080B584B000AFF860B9603B60FB1D1A7031
:1049C00051E0BB6901334ED0F9F716FE02003B6897
:1049D000D31ABA699A4202D3BB69002B01D10323CF
:1049E00051E0FB681B681B68042213403BD0BB6886
:1049F000802B38D0BB68402B35D0FB681B68DB6947
:104A000008221340082B11D1FB681B6808221A6288
:104A1000FB68180000F022F9FB68902208219950E9
:104A2000FB6884220021995401232CE0FB681B6859
:104A3000DA6980231B011A4080231B019A4212D19C
:104A4000FB681B68802212011A62FB68180000F0E4
:104A500005F9FB68902220219950FB6884220021EF
:104A6000995403230FE0FB681B68DB69BA681340A5
:104A7000BA68D31A5A425341DBB21A00FB1D1B78A5
:104A80009A429ED000231800BD4604B080BD0000AD
:104A900080B590B000AFF860B960BB1D1A80FB68AC
:104AA000BA689A65FB68BA1D5C2112885A52FB6885
:104AB000902200219950FB688C2222219950FB689A
:104AC00080229B58002B2DD0FB6880229B58404AA7
:104AD000DA62FB6880229B583E4A1A63FB68802298
:104AE0009B583D4A5A63FB6880229B5800229A6378
:104AF000FB6880229858FB681B6824331900FB6808
:104B00009B6D1A00BB1D1B88FBF7B0FA031E09D072
:104B1000FB68902210219950FB688C22202199502B
:104B2000012350E0FB681B69002B19D0EFF31083C1
:104B3000BB62BB6AFB630123FB62FB6A83F31088E1
:104B4000C046FB681B681A68FB681B688021490027
:104B50000A431A60FB6B3B633B6B83F31088C046D0
:104B6000EFF310833B613B69BB6301237B617B698E
:104B700083F31088C046FB681B689A68FB681B6853
:104B800001210A439A60BB6BBB61BB6983F3108848
:104B9000C046EFF31083FB61FB697B6301233B623B
:104BA0003B6A83F31088C046FB681B689A68FB6801
:104BB0001B6840210A439A607B6B7B627B6A83F3AC
:104BC0001088C04600231800BD4610B080BDC04606
:104BD000294D0208594E02089B4E020880B58AB042
:104BE00000AF7860EFF31083BB60BB687B6201238A
:104BF000FB60FB6883F31088C0467B681B681A68FB
:104C00007B681B68C0218A431A607B6A3B613B69F1
:104C100083F31088C046EFF310837B617B693B62AE
:104C20000123BB61BB6983F31088C0467B681B68A6
:104C30009A687B681B6808490A409A603B6AFB6176
:104C4000FB6983F31088C0467B6888222021995035
:104C5000C046BD460AB080BDFFFF7FFF80B58EB065
:104C600000AF7860EFF310837B617B697B63012386
:104C7000BB61BB6983F31088C0467B681B681A68F8
:104C80007B681B6826490A401A607B6BFB61FB69E5
:104C900083F31088C046EFF310833B623B6A3B63AB
:104CA00001237B627B6A83F31088C0467B681B68A4
:104CB0009A687B681B681B490A409A603B6BBB6221
:104CC000BB6A83F31088C0467B68DB6E012B18D16A
:104CD000EFF31083BB60BB68FB620123FB60FB68E2
:104CE00083F31088C0467B681B681A687B681B6862
:104CF00010218A431A60FB6A3B613B6983F3108889
:104D0000C0467B688C22202199507B680022DA669D
:104D10007B6800225A67C046BD460EB080BDC046C3
:104D2000DFFEFFFFFEFFFFEF80B594B000AF7860BD
:104D30007B689B6AFB647B681B681B6820221340AE
:104D40006FD1FB6C5E2200219952EFF31083BB619F
:104D5000BB69BB640123FB61FB6983F31088C04618
:104D6000FB6C1B681A68FB6C1B683A490A401A60A6
:104D7000BB6C3B623B6A83F31088C046EFF3108341
:104D80007B627B6A7B640123BB62BB6A83F310880E
:104D9000C046FB6C1B689A68FB6C1B6801218A4348
:104DA0009A607B6CFB62FB6A83F31088C046EFF36A
:104DB00010833B633B6B3B6401237B637B6B83F31F
:104DC0001088C046FB6C1B689A68FB6C1B6840210E
:104DD0008A439A603B6CBB63BB6B83F31088C0460D
:104DE000FB6C8C2220219950FB6CDB6E012B18D1BF
:104DF000EFF31083FB60FB68FB6301233B613B69BE
:104E000083F31088C046FB6C1B681A68FB6C1B6838
:104E100010218A431A60FB6B7B617B6983F31088E6
:104E2000C046FB6C00221A67FB6CDB6E012B08D1BD
:104E3000FB6C5C229A5AFB6C11001800F0F74AFFD9
:104E400003E0FB6C1800F1F7FFF9C046BD4614B053
:104E500080BDC046FFFEFFFF80B584B000AF786024
:104E60007B689B6AFB60FB6801221A67FB68DB6E4C
:104E7000012B0AD1FB685C229B5A5B089AB2FB6843
:104E800011001800F0F726FF03E0FB681800FFF799
:104E9000D3F8C046BD4604B080BD80B586B000AF33
:104EA00078607B689B6A7B617B6988229B583B6149
:104EB0007B698C229B58FB607B691B689B68802206
:104EC0001340802B0AD13B69212B07D17B695622E5
:104ED000002199527B691800FFF780FE7B691B68EF
:104EE0009B6840221340402B0AD1FB68222B07D13C
:104EF0007B695E22002199527B691800FFF7AEFEA4
:104F00007B6990229B5810221A437B6990215A504A
:104F10007B691800F1F72EF9C046BD4606B080BD8A
:104F200080B584B000AF78607B689B6AFB60FB68EB
:104F30005E2200219952FB68562200219952FB689B
:104F40001800F1F717F9C046BD4604B080BD80B522
:104F50008AB000AF78607B6888229B58212B4CD1A7
:104F60007B6856229B5A9BB2002B32D1EFF3108301
:104F7000BB60BB687B620123FB60FB6883F3108826
:104F8000C0467B681B681A687B681B6880218A435F
:104F90001A607B6A3B613B6983F31088C046EFF37C
:104FA00010837B617B693B620123BB61BB6983F337
:104FB0001088C0467B681B681A687B681B684021A4
:104FC0000A431A603B6AFB61FB6983F31088C046A1
:104FD00013E07B681B6D1A787B681B689A627B689C
:104FE0001B6D5A1C7B681A657B6856229B5A9BB2C4
:104FF000013B99B27B6856229952C046BD460AB021
:1050000080BD80B58CB000AF78607B6888229B58EB
:10501000212B51D17B6856229B5A9BB2002B32D157
:10502000EFF31083FB60FB68BB6201233B613B69CC
:1050300083F31088C0467B681B681A687B681B680E
:1050400080218A431A60BB6A7B617B6983F3108885
:10505000C046EFF31083BB61BB697B620123FB6138
:10506000FB6983F31088C0467B681B681A687B68FD
:105070001B6840210A431A607B6A3B623B6A83F3E8
:105080001088C04618E07B681B6DFB62FB6A1B88BA
:105090001A007B681B68D205D20D9A627B681B6D73
:1050A0009A1C7B681A657B6856229B5A9BB2013B0F
:1050B00099B27B6856229952C046BD460CB080BD5D
:1050C00080B58CB000AF78607B6888229B58212B1C
:1050D00065D12E23FB187A686A21525A1A8059E04A
:1050E0007B6856229B5A9BB2002B33D1EFF310837F
:1050F000FB60FB68BB6201233B613B6983F3108863
:10510000C0467B681B689A687B681B6826490A4012
:105110009A60BB6A7B617B6983F31088C046EFF3BA
:105120001083BB61BB697B620123FB61FB6983F375
:105130001088C0467B681B681A687B681B68402122
:105140000A431A607B6A3B623B6A83F31088C0465D
:10515000C04624E07B681B68DB698022134013D0C3
:105160007B681B6D1A787B681B689A627B681B6D75
:105170005A1C7B681A657B6856229B5A9BB2013B7E
:1051800099B27B68562299522E217B181A887B1877
:10519000013A1A802E23FB181B88002BA0D1C04691
:1051A000BD460CB080BDC046FFFF7FFF80B58CB010
:1051B00000AF78607B6888229B58212B6AD12E2310
:1051C000FB187A686A21525A1A805EE07B68562280
:1051D0009B5A9BB2002B33D1EFF31083BB60BB68AB
:1051E0007B620123FB60FB6883F31088C0467B6809
:1051F0001B689A687B681B6828490A409A607B6A2A
:105200003B613B6983F31088C046EFF310837B61F9
:105210007B693B620123BB61BB6983F31088C04695
:105220007B681B681A687B681B6840210A431A6008
:105230003B6AFB61FB6983F31088C046C04629E0E6
:105240007B681B68DB698022134018D07B681B6D6C
:10525000BB62BB6A1B881A007B681B68D205D20D33
:105260009A627B681B6D9A1C7B681A657B68562264
:105270009B5A9BB2013B99B27B68562299522E21D0
:105280007B181A887B18013A1A802E23FB181B887A
:10529000002B9BD1C046BD460CB080BDFFFF7FFFF9
:1052A00080B586B000AF7860EFF31083BB60BB6859
:1052B0007B610123FB60FB6883F31088C0467B6839
:1052C0001B681A687B681B6840218A431A607B69E7
:1052D0003B613B6983F31088C0467B6888222021AC
:1052E00099507B6800229A677B681800F0F71EFFD0
:1052F000C046BD4606B080BD80B582B000AF7860C4
:10530000C046BD4602B080BD80B582B000AF7860B7
:10531000C046BD4602B080BD80B588B002AFF8601F
:105320003B1D19605A601723FB1800221A70FB6896
:1053300084229B5C012B01D102234CE0FB68842278
:1053400001219954FB68882224219950FB681B682D
:105350001A68FB681B6801218A431A60FB681B6896
:105360009B681F4A134019003B1D1A68FB681B68A5
:105370000A439A603B1D1B68002B05D13B1DF86852
:1053800019685A6800F0B6F9FB681B681A68FB6870
:105390001B6801210A431A60F9F72EF903003B61EB
:1053A0003B698022D103F8680E4A00920022FFF781
:1053B000FFFA031E04D01723FB1803221A7003E020
:1053C000FB68882220219950FB688422002199548F
:1053D0001723FB181B781800BD4606B080BDC046D9
:1053E000FFFFCFFFFFFFFF0180B586B000AF786001
:1053F0007B6884229B5C012B01D1022321E07B6826
:10540000842201219954EFF31083BB60BB687B6158
:105410000123FB60FB6883F31088C0467B681B6830
:105420001A687B681B6802210A431A607B693B612A
:105430003B6983F31088C0467B688422002199541D
:1054400000231800BD4606B080BD80B586B000AF11
:1054500078607B6884229B5C012B01D1022321E0D0
:105460007B68842201219954EFF31083BB60BB68F1
:105470007B610123FB60FB6883F31088C0467B6877
:105480001B681A687B681B6802218A431A607B6963
:105490003B613B6983F31088C0467B68842200210E
:1054A000995400231800BD4606B080BD80B584B075
:1054B00000AF78607B6884229B5C012B01D10223C2
:1054C00027E07B688422012199547B68882224216B
:1054D00099507B681B681B68FB607B681B681A68B7
:1054E0007B681B6801218A431A60FB680B4A1340E2
:1054F000FB607B6800225A667B681B68FA681A604A
:105500007B688822202199507B688422002199544D
:1055100000231800BD4604B080BDC046FFFFFFDF7A
:1055200080B584B000AF786039607B6884229B5C72
:10553000012B01D102232EE07B68842201219954A2
:105540007B688822242199507B681B681B68FB605C
:105550007B681B681A687B681B6801218A431A6094
:105560007B681B689B68DB00D9087B681B683A680E
:105570000A439A607B68180000F0E0F87B681B68BB
:10558000FA681A607B688822202199507B688422FF
:105590000021995400231800BD4604B080BD0000CE
:1055A00080B584B000AF786039607B6884229B5CF2
:1055B000012B01D102232FE07B6884220121995421
:1055C0007B688822242199507B681B681B68FB60DC
:1055D0007B681B681A687B681B6801218A431A6014
:1055E0007B681B689B680E4A134019007B681B6828
:1055F0003A680A439A607B68180000F09FF87B685D
:105600001B68FA681A607B688822202199507B68A1
:1056100084220021995400231800BD4604B080BDA7
:10562000FFFFFFF1B0B58AB000AFF860B960BB1DF5
:105630001A80FB688C229B58202B56D1BB68002B0C
:1056400003D0BB1D1B88002B01D101234EE0FB685A
:105650009A6880235B019A4209D1FB681B69002B81
:1056600005D1BB680122134001D001233EE0FB6855
:105670000122DA66FB6800221A6727257C19BB1D08
:105680001A88B968FB681800FFF702FA0300237054
:105690007B191B78002B24D1FB68DB6E012B1CD1FE
:1056A000FB681B6810221A62EFF310837B617B6931
:1056B0003B620123BB61BB6983F31088C046FB6872
:1056C0001B681A68FB681B6810210A431A603B6A52
:1056D000FB61FB6983F3108803E02723FB18012299
:1056E0001A702723FB181B7800E002231800BD4620
:1056F0000AB0B0BD80B584B000AFF8603B1D196042
:105700005A60FB681B685B68102293431A003B1DBC
:105710009B881900FB681B680A435A60FB681B687A
:105720005B681B02190A3B1D9B791A06FB681B6804
:105730000A435A60C046BD4604B080BDF0B585B08E
:1057400000AF78607B685B6E002B08D17B686A22B3
:10575000012199527B6868220121995243E00F266A
:10576000BB1908221A700E203B1808221A707B6899
:105770001B689B685B0EDAB20D243B1907210A40B7
:105780001A707B681B689B685B0FDAB20C257B196B
:1057900007210A401A703B181B787A1912781449AD
:1057A0008A5C5A4310007B191B78124AD35C19009B
:1057B000DAF75AFD030099B27B686A229952BB1945
:1057C0001B783A1912780A498A5C5A4310003B192F
:1057D0001B78084AD35C1900DAF746FD030099B23A
:1057E0007B6868229952C046BD4605B0F0BDC046F0
:1057F00024F202082CF2020880B500AFDEF7B2FCFA
:10580000FEE780B582B000AF7860FEE780B584B077
:1058100000AFF860B9607A6001235B421800BD46B2
:1058200004B080BD80B584B000AFF860B9607A6024
:1058300001235B421800BD4604B080BD80B584B032
:1058400000AFF860B9607A6001235B421800BD4682
:1058500004B080BD80B582B000AF786039600123AC
:105860005B421800BD4602B080BD80B582B000AF7B
:10587000786000231800BD4602B080BD80B500AF3F
:1058800001231800BD4680BD80B582B000AF7860AE
:1058900039603B68802292015A6000231800BD469F
:1058A00002B080BD80B582B000AF786001235B425A
:1058B0001800BD4602B080BD10B5002101F01AFAF3
:1058C00010BD10B50A22002101F0ACFA10BD10B5D0
:1058D0000A22002101F0A6FA10BD000010B5034B0A
:1058E0000100186800F00EF810BDC046D80700206F
:1058F00010B5034B0100186801F0B8FD10BDC0469B
:10590000D8070020F0B50D0087B00B350190162D9B
:1059100009D907239D4307D50C23019A136000245E
:10592000200007B0F0BD1025A942F5D8019800F07D
:10593000F9F9FC23BA4E5B009D421DD22A000832C1
:10594000B218110054680839EB088C4203D1D468AE
:105950000233A24226D003226368A1689343E2681F
:10596000E318CA609160012259680A435A6001989D
:1059700000F0E0F90834D3E73F236A0A03D0042A91
:1059800026D8AB09383303229446D9008919CC684C
:105990008C4206D0604662688243571B0F2F2FDD72
:1059A000013B013334699F498C4250D00320626827
:1059B0008243501B0F2831DD012367191D43034328
:1059C000656077613761F960B9607B60A050CEE7B0
:1059D000142A02D813005B33D5E7542A02D82B0BC4
:1059E0006E33D0E7AA235B009A4202D8EB0B7733E1
:1059F000C9E78D497E238A42C5D8AB0C7C33C2E708
:105A0000E068002F08DBA368D86083600123A21838
:105A100051680B435360AAE70400B9E77161316133
:105A20000028F3DA71688C46802189008A4200D30D
:105A30008AE0D10850090122824060460243726028
:105A4000CA0092199168E260A1609460CC60012262
:105A5000734899108A404168914226D30A4205D181
:105A60000324A343520004330A42FBD0DE0086190C
:105A7000B44602936146CC68644500D09BE008348C
:105A8000A44603240299013102912142F2D123421A
:105A900000D0B7E0436893434360614B52005968BC
:105AA000914202D3002A00D0B8E003228368029317
:105AB0005B6893430393AB4203D35A1B0F2A00DD69
:105AC0001FE1029B039A08209E18584B1B68103355
:105AD0005F1901F03FFC564B04901B68013303D063
:105AE000013F3B1847421F403900019801F0DEFB9F
:105AF0000400431C00D1DAE0864204D9484B029AE4
:105B00009A4200D0D3E04B4A1368FB181360049A02
:105B1000013AA64200D093E0164200D090E0404BFC
:105B20009A68039BDF1901233B435360414B424A70
:105B30001B6811688B4200D91360404A11688B4280
:105B400000D8B4E01360B2E0500A042811D89109DB
:105B50003831CF00BF19B868874225D1012289109A
:105B60008A4061460A437260E760A060BC60C4601E
:105B70006DE7142802D801005B31EAE7542802D807
:105B8000110B6E31E5E7AA214900884202D8D10BFA
:105B90007731DEE7244F7E21B842DAD8910C7C3190
:105BA000D7E78068874204D003264168B143914219
:105BB000F7D8C768D8E703276168B9430391E76856
:105BC000491B0F2910DD0122631915436560A56883
:105BD0000A43EF60BD604361036112485A60D860B8
:105BE0009860039BE150C2E6002909DB039BE118A2
:105BF00001234A6813434B60A368DF60BB60B6E6CD
:105C00003C0039E73168083E013BB14200D13EE734
:105C100043E7043352000A42FBD027E7029BFAE72E
:105C2000580200206002002054050000209C012042
:105C300050020020F09B01201C9C0120189C012098
:105C400035490868013040D10C6007212600002347
:105C50000E400C4202D008339B1BE418E119059159
:105C6000059F04991740CB18DF1B17403900019896
:105C700001F01CFB431C07D1371E059804D03000EF
:105C80000027059B08381818244A001B1368C01900
:105C9000DB1913600122224B029910439C60606063
:105CA000994200D142E7039B0F2B13D86260032275
:105CB0001B4B9B685B6893435A1BAB4201D30F2A73
:105CC0001FDC019800F036F829E61449A61BF618E7
:105CD0000E60BAE70721039B0C3B8B43029949688E
:105CE0000A4002991A434A60CA180521516091601E
:105CF0000F2B00D81AE702990198083101F0B6FB82
:105D000014E701231800064928438C6813436519DA
:105D100060608D606B602AE650020020F09B0120DD
:105D20005802002010B5024801F012FB10BDC04619
:105D3000649D012010B5024801F00BFB10BDC04668
:105D4000649D0120094B10B51C68094A98342068ED
:105D50006168084BDAF70CFC0122002380185941D6
:105D6000206061604800400810BDC046D807002090
:105D70002D7F954C2DF4515810B5034B0A000100AE
:105D8000186800F003F810BDD8070020F0B587B000
:105D90000C1E0390059206D11100FFF7B3FD07001A
:105DA000380007B0F0BD0398FFF7BCFF2300083BA5
:105DB0005F6802933A0003239A43059B04920B33D6
:105DC000162B08D907229343019306D50C23039A77
:105DD00013600027E4E710230193059B019A934287
:105DE000F4D8049B019A934200DB6DE1049A029B74
:105DF000BA489B18826894465A689C4506D001258B
:105E00001100A94359184968294244D103218A4302
:105E100004998E1801999C4517D11031B1423CDC90
:105E2000019A01219446B61A2200029B0E43634454
:105E30008360083A5E60536803980B4061460B43E9
:105E40005360FFF777FF2700AAE7B14225DCDA6845
:105E50009B68DA609360019B029AF41A029B921984
:105E60005868012318400F2C00D82FE1019D02999A
:105E700028434919029D1C4368604C6050680831F2
:105E800003435360039801F0F1FA0398FFF752FFC0
:105E9000029F083784E700221300FF0700D5C6E001
:105EA0002100032008390D6802994D1B6968814360
:105EB00004980F18002B00D184E0D6199C4548D1D6
:105EC000019B1033B3427DDCAA68EB682F00D360DE
:105ED0009A600200043A0837242A35D83B00132A76
:105EE00008D92368AB606368EB601B2A1AD82B00C3
:105EF0000834103322681A6062685A60A2689A6097
:105F0000019B764AEB189360019AB61A0122164358
:105F10005E606B681340019A13436B600398FFF750
:105F200009FF3DE7A3682B61E3686B61242A03D076
:105F30002B0010341833DDE72369AB612B00626955
:105F40002033EA611834D5E72100380001F0DAF88F
:105F5000D6E7019AB24235DC2800DA689B6808303F
:105F6000DA609360AA68EB68D3609A60049A043A96
:105F7000242A23D8132A07D92368AB606368EB600F
:105F80001B2A09D80834083023680360636843601B
:105F9000A368836002955EE7A3682B61E3686B6189
:105FA000242A03D0280010341830EDE72800236994
:105FB0002030AB6163691834EB61E5E7210001F043
:105FC000A1F8E7E7019BBB4231DC2800AA68EB6837
:105FD0000830D3609A60049A043A242A23D8132AFA
:105FE00007D92368AB606368EB601B2A09D80834C3
:105FF00008302368036063684360A36883603E00E1
:10600000C8E7A3682B61E3686B61242A03D02800EA
:1060100010341830EDE7280023692030AB61636944
:106020001834EB61E5E7210001F06CF8E7E705992A
:106030000398FFF767FC071E03D10398FFF77AFE6A
:10604000C7E623000122083B5B689343029AD318FA
:106050000200083A934205D15E6803239E43049BE5
:10606000F618F8E6049A043A242A29D803002100F5
:10607000132A08D923680360636843601B2A0DD87C
:106080000300083108330A681A604A685A608A684F
:106090009A602100039801F0E9F93FE7A368836063
:1060A000E368C360242A03D0030010311033EAE709
:1060B0002369183103610300626918334261E2E722
:1060C000210001F01FF8E4E7049EC4E602990643AC
:1060D0004E6051680B435360D7E6C046580200201B
:1060E00070B516000D0002F01FF9002E0DD06B23C5
:1060F0006A00520D9B1A002B07DD0024034A1B0582
:106100009D182B002200DBF7F5FE70BD0000F03F6C
:10611000F0B5A3B01B92002200260027059009913C
:106120001E921D910A782B2A53D03FD80D2A39D8B8
:10613000082A39D8002A42D00022129200211D9D3F
:106140000C912A78302A00D083E06A7820318A4383
:10615000582A00D073E00293129B954A01931EAB1C
:10616000009305981FAB1DA901F09AFA0F230200B6
:106170001A4004000692184205D0062A2BD10023AB
:1061800001351D9512931B9B002B02D01D9B1B9A62
:106190001360129B002B19D0802330001B06F918C6
:1061A00023B0F0BD202AC7D10131BAE72D2AC3D1CF
:1061B0002C3A12924A1C1D924A78002ABED1099BA1
:1061C0001D93002312931B9B002BDFD1300039005D
:1061D000E6E70022EDE71E9A002A07D0352120A825
:1061E00002F098F91E99059801F086FD06981F9B0C
:1061F0000138042806D8D9F799FF12031C1E120093
:10620000209E219FE40502D580231B061F43694B76
:106210003B42B8D101F070F822230360B3E766492E
:10622000219A209E0A4065495B181B051A431700F6
:10623000E8E7604FE6E70126614F7642E2E71D9B03
:106240005A1C1D925B78302BF9D0002B9BD0012378
:106250000C9300250A221D9B0D95139308951D98FC
:1062600004782300303BD9B2092927D901225549A6
:1062700000F07EFF002831D0002023008446089AD9
:106280000E9006922022190091430A0000210791E6
:10629000452A00D0C0E0069B0C9A034313438B426F
:1062A0008DD01D9B099301331D93099B5B782B2B8C
:1062B00070D00C002D2B73D101246CE008990829B3
:1062C00009DC0D9951435B180D93089B0130013394
:1062D00008931D90C3E755435D19F6E71D9B5A1CB3
:1062E0001D92089A5B78002A3AD00E9006921A0006
:1062F000303A092A12D901229446C3E71D9B013086
:106300005A1C1D925B78302BF8D01A00313A082ABB
:106310003BD80E9000201D9A069013921A00411C43
:10632000303A302B16D00E9B5B180E93069B0A2139
:106330009C4684449C4515D10699069B0131091859
:106340001B180691082B19DC0A230D994B430021D9
:10635000D3180D931D9B08005A1C1D925B78C6E74D
:106360000898D0E75C1C082B04DC0D9B4B430D9375
:106370002300DFE7102CFBDC4D43F9E700210F2B56
:10638000E8DC0A235D435519E4E700220E920692E9
:106390000132B1E70024099B02331D93099B9B78CE
:1063A0001A00303A092A13D9099A1D92002232E0C4
:1063B00008F302080000F07FFFFFEFFF3304000046
:1063C000FFFFFF7FF0F202081D9B5A1C1D925B78B5
:1063D000302BF9D0002207921A00313A082A1BD834
:1063E000303B10931D9B07931D9B591C1D915B789F
:1063F0001A00303A092A3AD9079A8A1AB4490791F9
:10640000082A04DC109A07928A4200DD0791002CCA
:1064100002D0079A52420792069A002A4DD10C9A4E
:10642000104300D0AFE66246002A00D0C7E6692BD1
:1064300027D023DC492B24D04E2B00D0BFE6A54922
:106440001DA801F063FB002800D1B8E61D9B1B7856
:10645000282B2CD1A04920AA1DA801F06BFB0528F0
:1064600025D1219B9D4A209E1A4317008BE60A22C4
:1064700010994A43D218303A1092B5E76E2BDED00D
:106480009DE697491DA801F041FB002800D196E642
:106490001D9B9449013B1DA81D9301F037FB00286B
:1064A00002D11D9B01331D9300268C4F6BE68E4855
:1064B00000F06CFF06000F0065E6079B0E9A9B1A22
:1064C0000C93089B002B01D1069B0893069C102C73
:1064D00000DD10240D98DCF7FDFB069B06000F0085
:1064E000092B13DC0C9B002B00D14CE60C9B002BE2
:1064F00000DC7EE0162B63DC7C49DB00C91832002F
:10650000086849683B00DBF7F5FCD3E72200774BCE
:10651000093AD2009B181A685B68DBF7EBFC0600AF
:1065200028000F00DCF7D6FB0B000200390030001A
:10653000DAF738FD069B06000F000F2BD2DD069B15
:106540001C1B0C9BE418002C00DC9BE00F2223009A
:10655000134014420AD06549DB00C91832000868AC
:1065600049683B00DBF7C6FC06000F000F239C4385
:1065700073D02633FF339C424BDD002306930793F1
:106580000D93089322230026059A544F13600D9B08
:10659000B34200D1F7E51E99059801F0ADFB0899CB
:1065A000059801F0A9FB0799059801F0A5FB0D9945
:1065B000059801F0A1FB0699059801F09DFBE2E525
:1065C0002523069A9B1A0C9A9342B8DB0F24069B4C
:1065D000464DE41AE10069183200086849683B003A
:1065E000DBF788FC0C9B1C1BE4002D192A686B68E8
:1065F00089E70C9B1633A2DB07990E9A3B4B521A84
:10660000D2009B1830001A685B683900DBF72EF85F
:1066100050E7002330003900354D24110993012C37
:106620001EDC002B01D006000F00324B099AFF1828
:106630002F4BD5005D193200286869683B00DBF7F5
:1066400059FC264B2C4A06000B40934295D82B4A06
:10665000934213D901262A4F76420023099386E0FC
:106660000122144204D02A686B68DBF743FC012343
:10667000099A6410013209920835D0E7D4239B04AB
:10668000CF18EAE7002CE8D064420F2322001A401A
:106690001C420AD0154BD2009B1830001A685B6868
:1066A0003900DAF7E3FF06000F002411D5D01F2CC4
:1066B00028DD0023069307930D9308932223059A60
:1066C000002613600D9B0027002B00D063E75AE5DE
:1066D0001F4E000025F60208F4F202080000F07FC9
:1066E0001DF60208ABF60208A7F6020850F50208EC
:1066F00028F502080000B0FC0000A07C0000907C9F
:10670000FFFFEF7F102322001A4009921C4201D0A4
:106710005A330993300039000023BF4D012214423F
:1067200004D02A686B68DBF7E5FB012364100835A9
:10673000002CF3D1002B01D006000F00099B002B89
:106740000DD06B237A00520D39009B1A002B06DD09
:106750001F2B5ADD0026342B50DDDC27BF0400221E
:10676000002330003900D9F77BFE0028A1D10D9B12
:10677000089A00931399069B059801F00BFB0D9066
:10678000002800D1F9E60C9B0799DA170E9B5B1ADB
:106790001A400C9B1792DB430C9ADB171A4000231C
:1067A0001A92069307930D9B0598596801F07CFA9D
:1067B0000890002800D1E5E60D9B0C3019001A69FD
:1067C0000C310232920000F0D8FD20AB01931FABD8
:1067D000009332003B0005981096119701F010FECF
:1067E0001E90002800D1CDE60121059801F06EFB36
:1067F000079000280ED100230793C3E64B239A1A73
:106800004C3B934019400F00A9E7012252429A40A5
:106810001640A4E71F9B1A9A179DD41A002B01DB80
:106820001A9C5D190999209A5B1A36219B188A1ABD
:106830007A4901208C460021013B16911490634552
:1068400006DA6146C91A521A1F293FDC88401490A3
:10685000AB180E93A418099B0E9A1C192B00954295
:1068600000DD1300A34200DD2300002B04DD0E9A9F
:10687000E41AD21A0E92ED1A179B002B16DD1A009D
:106880000799059801F0ECFB07900028B3D00100B0
:106890001E9A059801F032FB1390002800D171E692
:1068A0001E99059801F028FA139B1E930E9B002B4E
:1068B00012DC0C9B002B18DD1A9A0899059801F040
:1068C000CFFB0890002810D100235AE65449CB1A78
:1068D000010099401691BAE70E9A1E99059801F0A9
:1068E00001FC1E900028E4D14CE6002C07DD2200BC
:1068F0000899059801F0F6FB08900028E4D0002DD7
:1069000008DD2A000799059801F0ECFB07900028A4
:1069100000D137E6089A1E99059801F06BFC0690A5
:10692000002800D12EE6C368079913930023C360A3
:1069300001F044FC00283BDA139B334367D13B034F
:1069400065D1D622374BD2043B4093425FD9069B98
:106950005B69002B03D1069B1B69012B57DD069950
:106960000122059801F0BEFB0799069001F026FC74
:1069700000284CDD2B4B099A3B40002A74D0D622CC
:10698000D204934270D8DC229204934200D895E658
:1069900030003900244B0022DBF7ACFA214B060013
:1069A0000F000B4200D0F6E52223059A1360F2E5B2
:1069B0000E97002875D1139A3B031B0B002A39D080
:1069C0001A4A934238D10121099B494232000800FA
:1069D000002B0BD0D424134B08003B40E404A3420B
:1069E00004D86C301B0DC31A99400800824223D191
:1069F0000F4B0E99994202D1013200D1C2E5094BE9
:106A00000E9A00261A401300802252039F18099BF9
:106A1000002BBDD1BFE5C04620F3020802FCFFFFFA
:106A2000E2FBFFFF0000F07F00005039FFFF0F0086
:106A3000FFFFEF7F33439DD0169B002B1CD00E9B96
:106A4000169A1342E3D0139B30003900099A002BA9
:106A500016D0FFF745FB02000B0010981199DAF7EA
:106A6000A1FA06000F00D2E70126924A76429B184F
:106A7000914A1A431700CAE7149B3342C7D0E2E792
:106A8000FFF72EFB02000B0010981199DBF7FAFCC0
:106A90000022002306000F00D9F7E2FC0028B6D040
:106AA0000CE60799069801F00BFD80230022DB0518
:106AB00004000D00D9F7E4FC00286CD0139B002BD8
:106AC00077D1002E57D10E9B1B035AD100222000F4
:106AD00029007A4BD9F7CAFC002859D12000290097
:106AE0000022774BDBF706FA04000D0080231B061B
:106AF000EB180A940B930A9A0B9B14921593714A04
:106B00000E9B13401693169A6F4B9A4200D087E063
:106B10006E4A0E9B944663441F003000190001F03A
:106B200003FC0A9A0B9BDBF7E5F932003B00DAF72E
:106B300039FA644A664B06000A409A4240D9119BD2
:106B4000644A934203D1109B013300D11AE5012618
:106B5000604F76421E99059801F0CEF80899059885
:106B600001F0CAF80799059801F0C6F8069905984A
:106B700001F0C2F817E6012E03D10E9B002B00D1C5
:106B80009CE50023544C4D4D0A930B940024B2E72E
:106B900000244B4DAAE720002900494B0022DBF7D7
:106BA000A9F9139B04000D00002B9FD00A940B95AC
:106BB000A1E70023414C25000A930B941C009AE79F
:106BC000D4239B04CF18099B1097002BC2D13D4BB7
:106BD000169A3B409A42BDD120002900D9F714FDF6
:106BE000D9F74CFD02000B0020002900DBF74AFC1E
:106BF0003C03139B240B34430E900F91374A1C43E4
:106C000052D0374BD9F732FC002800D0C3E40E989D
:106C10000F99344A2A4BD9F73DFC00289AD0BAE4A0
:106C2000099B002B2AD0D423169ADB049A4225D83C
:106C3000200029002C4A2D4BD9F722FC002816D021
:106C400020002900D9F7C2FC002800D10130DCF770
:106C500041F8139B04000D00002B22D180231B065A
:106C6000CB1818901993189A199B14921593D62241
:106C7000159BD2049B18169A9B1A1593109811997C
:106C8000149E159F01F050FB02000B0030003900EC
:106C9000DBF730F9109A119BDAF784F906000F0040
:106CA00091E718941995DEE7114B0E980F99D9F7D3
:106CB000DDFBB2E70000F0FFFFFF0F000000F03F38
:106CC0000000E03F0000F07F0000E07F0000B0FC2B
:106CD000FFFF9F7CFFFFEF7F0000F0BF9535A09482
:106CE000FFFFDF3F35E5AF350000C0FFFFFFDF41AD
:106CF000FFFFCF3F10B5044C0A000100034B206892
:106D0000FFF706FA10BDC046D80700206C06002029
:106D1000F0B585B017001E0003900191242B44D8D4
:106D20000C00012B41D03D4B08229C4623006146BC
:106D30001D780134485D010011401042F6D12D2D1F
:106D40003AD125789C1C01230093102233009343F1
:106D500009D1302D36D1202123788B43582B31D1C6
:106D60001600657802342E4A009B94466344310035
:106D700018000293D9F774FA0022844610002B0001
:106D8000303B092B25D81D00AE4231DD531C09D004
:106D900001225242844505D301D1A94225DB0122BB
:106DA0007043281825780134E9E700F0A5FA162386
:106DB0000360002005B0F0BD00912B2DC5D12578D2
:106DC0009C1CC2E7002ECED10836302DCBD0023627
:106DD000C9E72B00413B192B01D8373DD4E72B00E5
:106DE000613B192B04D8573DCEE701225242D9E727
:106DF000531C08D12223039A02981360002FD9D084
:106E0000631E019307E0009B002B00D04042002F3F
:106E1000D0D0002AF4D1019B3B60CBE749F30208B4
:106E2000FFFFFF7F10B5044C13000A00010020682B
:106E3000FFF76EFF10BDC046D8070020002310B535
:106E4000040003604360836081814366C281036103
:106E500043618361190008225C3000F066F90B4B36
:106E6000E46123620A4B63620A4BA3620A4BE3624A
:106E70000A4B9C4205D00A4B9C4202D0094B9C42D3
:106E800003D12000583000F061FA10BD6D70020887
:106E900095700208CD700208F9700208249C012048
:106EA0008C9C0120F49C012010B5034A034904483E
:106EB00000F06CF810BDC046600600202D9A020854
:106EC000E007002041680B4B10B50400994201D047
:106ED00002F0ACFDA168084B994202D0200002F0FC
:106EE000A5FDE168054B994202D0200002F09EFD0D
:106EF00010BDC046249C01208C9C0120F49C0120E4
:106F000010B5094B094A04211A6009480022FFF70D
:106F100095FF012209210748FFF790FF0222122165
:106F20000548FFF78BFF10BD5C9D0120A96E02088C
:106F3000249C01208C9C0120F49C012010B5024867
:106F400000F006FA10BDC046669D012010B502484B
:106F500000F0FFF910BDC046669D012010B5040089
:106F6000FFF7ECFF636B002B02D0FFF7EFFF10BDC4
:106F7000044B6363044B1B68002BF6D1FFF7C0FF83
:106F8000F3E7C046C56E02085C9D0120F7B514000A
:106F9000002600900191A5686768013F04D5246828
:106FA000002CF8D13000FEBDAB89012B08D90E2290
:106FB000AB5E013304D029000098019B984706433B
:106FC0006835EAE70CB430B5174B0C001D689DB06E
:106FD000002908DA8B2301202B6040421DB030BC11
:106FE00008BC02B0184782236A469B0093820023A4
:106FF00002900690994200D04B1E04930793012300
:107000006A465B42D382280021AB209A02A90193F1
:1070100001F0D2FA431C01DA8B232B60002CDDD067
:107020000022029B1A70D9E7D80700200EB400B5E1
:107030000B499CB01DAB0290069007910491094842
:10704000094904CB0591006802A9019301F0B4FA43
:107050000022029B1A701CB008BC03B01847C0463F
:10706000FFFFFF7FD80700200802FFFF70B50C006C
:107070000E25495F00F006F9002803DB236D1B187D
:10708000236570BDA389024A1340A381F9E7C04676
:10709000FFEFFFFFF8B51F008B8905000C001600FD
:1070A000DB0505D50E23C95E0022022300F0D6F8C9
:1070B000A389054A28001340A38132000E23E15E14
:1070C0003B0000F005F9F8BDFFEFFFFF70B50C00C5
:1070D0000E25495F00F0C2F8A389421C03D1054A7E
:1070E0001340A38170BD802252011343A381206508
:1070F000F8E7C046FFEFFFFF10B50E23C95E00F0B2
:107100009BF810BD10B5884206D800239A4208D0DB
:10711000CC5CC4540133F9E78B189842F5D2013A9C
:1071200000D210BD8B5C8354F9E7030082189342B0
:1071300000D1704719700133F9E7020010B51378D8
:1071400014000132002BFAD1CA5CE2540133002A48
:10715000FAD110BDC9B20378002B04D08B4200D104
:1071600070470130F7E74B42594149420840F7E781
:1071700030B50500101E0BD00024013A2B5D085DD0
:10718000834204D1A24202D00134002BF6D1181A56
:1071900030BD030030B51D00002A06D00C78013A3E
:1071A00001332C700131002CF5D100219A18934243
:1071B00000D130BD19700133F9E70000034B10B561
:1071C0001A680123503200F003F810BDD8070020E0
:1071D000F0B5041E02D11468002C09D020000E0066
:1071E000057801343778002F04D1002D0DD11560BA
:1071F000002006E00136BD42F4D1002BEED1146030
:107200000370F0BD0133002D02D10B00267801344C
:107210001D78AE42F6D100231D009E4202D023000D
:10722000611E0D701360ECE79422024B5200985CD3
:107230007047C0466C060020002370B5064D040060
:1072400008002B60FEF72EFB431C03D12B68002B9C
:1072500000D0236070BDC046609D012070B5040061
:10726000080011001A000023054D2B60FEF7E6FA16
:10727000431C03D12B68002B00D0236070BDC04697
:10728000609D012070B50400080011001A00002361
:10729000054D2B60FEF7C6FA431C03D12B68002B6B
:1072A00000D0236070BDC046609D0120002370B5F2
:1072B000064D040008002B6004F09CFD431C03D124
:1072C0002B68002B00D0236070BDC046609D01205C
:1072D00070B50400080011001A000023054D2B6052
:1072E000FEF794FA431C03D12B68002B00D02360D7
:1072F00070BDC046609D0120014B18687047C046B4
:10730000D807002070B500260C4C0D4D641BA4104E
:10731000A64209D1002604F07FFD0A4C0A4D641BE9
:10732000A410A64205D170BDB300EB5898470136B2
:10733000EEE7B300EB5898470136F2E738F702085A
:1073400038F7020840F7020838F70208704770471C
:1073500070477047802310B5082804D0FFF7CCFF92
:1073600016230360173B180010BD03000A78013193
:107370001A700133002AF9D17047002310B59A42E0
:1073800000D110BDCC5CC4540133F8E700200149A2
:107390007047C0460000F87F034B10B5002B02D0A9
:1073A000024800F005F810BD00000000599C0208DA
:1073B000002310B501001A00180002F09FFC10BD58
:1073C000F7B5040008200D00FFF7C4FF06002000F9
:1073D000FEF7A8FC0322224F3100BB685B68934391
:1073E00018001138401B80190193D8F7B3FE451ED1
:1073F0007543AE4204DD2000FEF79CFC0020FEBD7C
:1074000000212000FFF752FFBB68019A9B189842A9
:10741000F1D120006942FFF749FF013010D100216E
:107420002000FFF743FFBA68811A0F29E3DD0D4DF5
:107430000D4B2D68401B186001230B435360DAE7A6
:107440000126019BBA685B1B33435360064A200048
:1074500013685B1B1360FEF76DFC3000CFE7C0467E
:107460005802002050020020F09B0120F7B50D1EAD
:1074700001902DD0FEF756FC012329009C460839C7
:107480004F6862463B0064469343C8184568023221
:1074900095434A4A2740966886421AD15B19002FC5
:1074A00006D10868091A8D681B18C868E8608560ED
:1074B0000120184348609160414A12689A4204D8FA
:1074C000404B01981968FFF77BFF0198FEF732FCEB
:1074D000F7BD00264560B74209D10F683A4CC91B79
:1074E000DB198F68A7422CD0CC68FC60A7604719D5
:1074F0007C6801273C420BD15B198568002E22D1A4
:10750000314CA5421FD13E0051611161CD608D60AB
:107510000125280018434860CB50002ED5D180208B
:107520008000834213D2D8085B099D4053681D43F5
:10753000C3009B1855609A68CB608A609960D160DF
:10754000C3E76646D3E7C068E8608560E0E75D0AA8
:10755000042D12D898093830C600B618B56803272C
:10756000AE4225D10123801083405068034353600D
:10757000CE608D60B160E960A7E7142D02D82800C5
:107580005B30E9E7542D02D8180B6E30E4E7AA20EF
:107590004000854202D8D80B7730DDE70B4E7E20C5
:1075A000B542D9D8980C7C30D6E7AD68AE4203D04E
:1075B0006A68BA439A42F8D8EE68D9E758020020C0
:1075C00054020020209C012060020020540500008D
:1075D0000200F0B5046985B014324B111600029315
:1075E0009C4231DD1F260F009B00A500D3183740B9
:1075F00055190093019731420DD1160019008D42A3
:1076000036D8009B0026033B9D4202D3029BE41A1E
:10761000A600961918E02021019E019F891B009E5B
:10762000039102CE9446F940B54216D8009B00263D
:1076300001339D4203D3029BE41AA600043E96192F
:107640003160002900D00436B11A891001619642D8
:1076500001D10023436105B0F0BD3768039B9F4013
:107660000F43614680C18C46019B02CED940DBE7C7
:1076700080C980C6C3E70200303A0300092A02D855
:10768000203BD8B270470200613A052A01D8473B37
:10769000F7E71A00413A0020052AF3D8273BF0E724
:1076A000F0B589B007930B680192039006919A1C7C
:1076B00011000132501E00783028F9D0CB1A023B5D
:1076C00005930091FFF7D7FF00231D000293984216
:1076D0001ED10122A6490098FFF74AFD0700A842E3
:1076E00000D06AE0009B58785C1CFFF7C4FF0123C0
:1076F0000293A8422FD00094009B1878302809D01C
:10770000FFF7B9FF4242424101232500029205934F
:10771000009C04E0009B01330093EDE701342078E6
:10772000FFF7A9FF071EF9D1012220009049FFF7BA
:107730001FFD00280DD1002D06D101342500207831
:10774000FFF799FF002802D12D1BAF0003E00134A1
:10775000F5E7002DF8D12022237826009343502B03
:107760001DD163782B2B2DD02D2B2FD00023661C01
:1077700004933078FFF77FFF431EDBB20500182B20
:107780002AD87078FFF777FF431EDBB20136103D31
:10779000182B1DD9049B002B00D06D427F19069B2E
:1077A0001E60029B002B19D0059B06265A425341AE
:1077B0005B421E40300009B0F0BD01230027009C51
:1077C0000293C8E700230493A61CD2E70123FAE73B
:1077D0000A235D432D18D4E72600E0E7009B0299B9
:1077E000E31A013B072B0ADC039800F05DFA051E43
:1077F00008D12A00E4215F4B5F4802F0BFFA013153
:107800005B10EFE7030014330293059300231E007F
:107810000493009BA34238D3059C029B40C4E41A06
:10782000A41030002C6100F001FB019B64011B6877
:10783000261A00939E4252DDF61A3100280000F00D
:107840008AFE041E0FD001241F232000721E134045
:10785000984003005111029889000958194202D03A
:10786000A24234DC022431002800FFF7B1FEBF1928
:10787000019B9B68BB4242DA2900039800F03CFA66
:1078800000230E9AA326136094E7013C23782E2B45
:1078900012D0049B202B04D1059B40C300260593E6
:1078A00004962078FFF7E7FE0F231840049B9840CA
:1078B000043306430493ACE7009BA342E9D80122BA
:1078C00020002B49FFF754FC0028E2D1A1E7280053
:1078D000B11E00F040FE0028C4D00324C3E7009B83
:1078E00000249E42C4DA9E1B29003200039800F057
:1078F000F9FB030014330500BF1B0293B8E7019B9B
:107900005E68BE426FDD009BF61BB34236DC019B16
:10791000DB68022B24D0032B26D0012B17D1009B30
:10792000B34214D1012B0BD1019B079A5B686226ED
:1079300013600123029A2B6113600E9B1D6039E7CF
:1079400000992800013900F006FE0028ECD129003A
:10795000039800F0D1F900230E9A5026136029E70E
:107960000F9B002BF3D1DFE70F9B002BDCD1EEE761
:10797000F0F2020851F4020862F40208771E002CAB
:107980002FD1002F04D03900280000F0E4FD0400BE
:107990001F237A111F401E3BBB4002999200525890
:1079A0001A4201D002231C43009B31009B1B02267C
:1079B00028000093FFF70CFE019B5F68002C3FD06E
:1079C000019BDB68022B10D0032B12D0012B06D1B8
:1079D000A20704D5029A126814431C420CD110234A
:1079E0002DE00124D4E70126E8E701230F9A9B1A32
:1079F0000F930F9B002BF2D02B69002002939B006A
:107A000004932B00049A143399181A68541C1CD040
:107A100001321A602B001433022E3FD1019A0099D3
:107A20001268013A8A4209D10A001F20104001223F
:107A3000824049118900CB5813423DD120231E4377
:107A40000E9B1D60079B1F60B4E601C39942DCD802
:107A5000AB68029A9A4218DB69680398013100F01A
:107A600023F9041E04D1220084211D4B1D48C4E6C5
:107A700029002A690C31023292000C30FFF77DFC9C
:107A80002900039800F038F925002B695A1C2A6157
:107A9000012204339B00EB185A60BBE72A69029964
:107AA0008A420BDD01212800FFF792FD019B01377F
:107AB0009B68BB4200DADFE60126BFE71F22009C7D
:107AC000009914401142F7D0049A9B18043B18689F
:107AD00000F0ACF920231B1B9842E3DBECE7C04627
:107AE00051F4020862F40208082370B520259A1A9E
:107AF0009200AD1A436804681E00AE40D340344380
:107B00000460436004308842F4D370BD30B503682C
:107B10000C780133002C02D10360012030BD1A78AB
:107B20001500413D192D00D820320131A242EFD07D
:107B30000020F3E7F0B50B688BB0019201995A1160
:107B400092008A18029219001F2211400890069193
:107B5000134202D0029B04330293029B00251F1F95
:107B60003E003C00089B3D601B680795059303950C
:107B7000059B01330993059B5B780493002B28D068
:107B80000498FFF778FD002855D1049B202B19D8C5
:107B9000039B079A934212DDB44206D2072D04DC00
:107BA0002A0031002000FFF79FFF019B08259C421F
:107BB00005D9261F00253400039B35600793099BD8
:107BC0000593D5E7049B292B5AD1059B089A0233CC
:107BD0001360039B002B53D0B44206D2072D04DC64
:107BE0002A0031002000FFF77FFF019B9C4236D91D
:107BF0001A00230002CB02C29F42FBD2029B611CEF
:107C0000DA1E0423914205D8029B043B1B1B9B08F0
:107C100001339B00019AD318002204C39F42FCD277
:107C20003B68002B04D1019B9F4227D101233B607D
:107C300005200BB0F0BD039B013501330393082DE4
:107C400006DD019B9C42BAD900230125043C236038
:107C50000F22236810401B0103432360AFE7069BFC
:107C6000002BDDD02023069A02999B1A0122524252
:107C7000DA4004390B6813400B60D1E7043FCFE7CB
:107C80000420D6E782B0002900D101A9101E06D039
:107C9000002B06D013780B601078431E984102B079
:107CA000704702204042FAE7436C70B506000C00B2
:107CB000002B12D0736CA2009B181868002815D1F5
:107CC00001210D00A5406A1D3000920002F074F8F9
:107CD000002809D0446085600AE02122042102F0D6
:107CE0006BF870640028E5D1002070BD02681A604E
:107CF00000230361C360F8E7002906D04A68436C9B
:107D000092009B181A680A6019607047F7B50F0057
:107D100001900C001E0000200D6914373B680130F3
:107D200099B251431B0C534389190E0C9B191E0C1D
:107D300089B21B045B1808C78542EFDC002E22D0F5
:107D4000A368AB4219DC616801980131FFF7ACFF11
:107D5000071E05D13A00BA210C4B0D4802F00EF86F
:107D6000210022690C31023292000C30FFF705FB32
:107D700021000198FFF7C0FF3C002B1D9B00E3187A
:107D800001355E6025612000FEBDC04651F4020849
:107D9000C2F40208F7B5070018000C0008300921EA
:107DA00001931500D8F760FA0123002183420ADB12
:107DB0003800FFF779FF011E08D10A00194B1A4855
:107DC000D33101F0DBFF5B000131EFE7089B43613A
:107DD00001230361092D18DD230009331E000093E0
:107DE000641933780A223800303BFFF78FFF0136E1
:107DF0000100A642F5D12C00009B083C1C192E0066
:107E0000019B9E4204DB0800FEBD09250A34F6E70B
:107E1000631B9B5D0A223800303BFFF777FF01367A
:107E20000100EDE751F40208C2F4020880220300C9
:107E300052020020934201D21B04103080225204CF
:107E4000934201D208301B0280225205934201D294
:107E500004301B018022D205934201D202309B00E4
:107E6000002B03DB0130134200D120207047036850
:107E7000010007221800104013420DD0063A0020DE
:107E8000134205D10230034203D0D34010000B60EF
:107E900070479B080B60FBE79AB2002A01D11020C3
:107EA0001B0CDAB2002A01D108301B0A1A0701D1D3
:107EB00004301B099A0701D102309B08DA07E9D484
:107EC00001305B08E6D12020E2E7000010B50C008D
:107ED0000121FFF7E9FE002807D14621054C0200E9
:107EE000054B2000FF3101F049FF0123446103618C
:107EF00010BDC046C2F4020851F40208F0B51400E7
:107F00000A6923690D008BB09A4202DB23000C0042
:107F10001D0027692E696168BB190393A368BA190C
:107F2000934200DA0131FFF7BFFE0290002806D12C
:107F3000B121494B4948029A490001F01FFF029BB9
:107F4000002214339C46BB199B0063440493634690
:107F500004998B422AD32300BF00143314350893AD
:107F6000B600DB190593AB1909930423069323008C
:107F7000059A153301959A4205D3131B153B9B08AF
:107F800001339B000693019B099A934210D3039BF4
:107F9000002B05DD049B043B04931B68002B56D08B
:107FA000029B039A18001A610BB0F0BD04C3CFE71F
:107FB000019B186880B200281ED067460025089EE5
:107FC00002CE3B6807938BB243431A006B46090C01
:107FD0009B8B4143D318079A5B19120C89181A0C12
:107FE0008A189BB2150C12041A43059B04C7B342AE
:107FF000E6D86346069A9D50019B1868000C20D075
:1080000063462500614600271B6814352A680E6800
:1080100092B24243360C9219D21916049BB21E43F7
:108020000E6040CD4B68360C46439BB2120CF318E1
:108030009B18059A1F0C0431AA42E7D8624606999C
:108040005350019B0433019304239C449BE7039BFF
:10805000013B03939BE7C04651F40208C2F40208B7
:10806000F7B50323150007000E001A401D4208D083
:108070001A49013A9200525800233100FFF746FE98
:108080000600AD1027D03C6C002C07D138001449F5
:10809000FFF71CFF002304003864036001231D4226
:1080A0000AD0310022003800FFF728FF310001908C
:1080B0003800FFF721FE019E6D100CD020680028CB
:1080C00007D1220021003800FFF718FF00232060AD
:1080D00003600400E2E73000FEBDC0461CF5020864
:1080E00071020000F0B50C0016002369571185B02D
:1080F000FB180193013300934968A3680290009A2A
:10810000934210DB0298FFF7CFFD0023010005002A
:108110001A00143198420CD1EF212A00254B264831
:10812000490001F02BFE01315B00E8E798000A509E
:108130000133BB42FADBFB43DB171F40BF002300C8
:108140001F20C91937002269143392009A1807407A
:10815000064229D00130C01B03908C4600201E68C7
:10816000BE400643604640C08446039E01CBF040BB
:108170009A42F4D8260015360423B24204D3131BC6
:10818000153B9B0801339B00C850002802D0019B7F
:1081900002330093009B0298013B21002B61FFF703
:1081A000ABFD280005B0F0BD01CB01C19A42FBD860
:1081B000F0E7C04651F40208C2F4020830B50B697A
:1081C00004690200E01A9C420FD114329B00143162
:1081D0001400C918D218043A043915680B689D4276
:1081E00004D001209D4200D2023830BD9442F2D327
:1081F000FBE70000F0B50C0087B0009011002000F4
:108200001700FFF7DBFF051E10D101000098FFF7F4
:108210004BFD021E04D1404B4048414901F0AEFDE8
:10822000012345610361100007B0F0BD0026B04294
:1082300003DA23003C001F00013661680098FFF755
:1082400033FD021E03D1344B34483649E6E7236937
:10825000143400939B00E318210001943C00029326
:108260003B6914349B00E31803930300C6608C46FB
:108270000020143304930593634620CBA9B20E006B
:108280009C4608CC2D0C99B2711A09181B0C0814C5
:10829000EB1A1B18181489B21B041943059B02C35F
:1082A0000593039BA342E7D83900039C15310423AF
:1082B0008C4204D3E31B153B9B0801339B000199BF
:1082C000CD1804992E00CB181F0002998E4211D3AD
:1082D000029CE91E00208C4204D321000331491B7B
:1082E000890888001B18043B1968002910D0009BDE
:1082F000136198E7844602CE88B2604400140C0CE7
:1083000004196144201489B22404214302C7DCE724
:10831000009901390091E6E751F40208C2F402081D
:10832000370200004502000010B500240C4B0D4A36
:108330000B409B18A34206DC5B421A15132A05DC8E
:1083400080231B0313411900200010BD143A01249F
:108350001E2A02DC80242406D4400023F3E7C04612
:108360000000F07F0000C0FCF7B50600036914367A
:108370009B00F3181D1F2C680F0020000193FFF7CE
:1083800055FD2022121A3A6003001C4A0A2815DC07
:108390000B212700091ACF403A438C4611000022D6
:1083A000AE4202D2019A083A126815339C406346E5
:1083B0002700DA401743380003B0F0BD0027AE4273
:1083C00002D2019D083D2F680B2149428C469C44F6
:1083D0000B2B10D0614620238C405B1A3900D9400A
:1083E0000C43224311000022B54201D9043D2A6802
:1083F0006446A740DDE722431100DCE70000F03FC0
:10840000F7B5012116001F00FFF74EFC041E05D131
:108410002200254B2548264901F0B0FC3B037D0096
:108420001B0B6D0D02D08022520313430193002ECB
:1084300025D068460096FFF71AFD019B0099002899
:108440001BD020221E00121A96403200C3400A435D
:1084500062610193019EA661731E9E4101362661F1
:10846000002D14D03526134BED18089B2D181D60D8
:10847000099B361A1E602000FEBD6161EAE701A873
:10848000FFF7F5FC019B012663612030E7E70A4B0B
:10849000C018089B1860094BF3189B00E318586933
:1084A000FFF7C4FC7601E3E751F40208C2F40208C6
:1084B0000F030000CDFBFFFFCEFBFFFFFFFFFF3FE1
:1084C000F0B587B00F0004A90600FFF74DFF00903C
:1084D0000191009B019C380005A902930394FFF7CA
:1084E00043FF0D0002000B0030693969049E401AF9
:1084F00005994001711A41180805002908DD019904
:108500004118039102980399D9F7B0F807B0F0BD6C
:108510002B1AF7E770B514000500013913694911EA
:108520000131890014349B004118E318A3420DD88F
:108530001400113400259C4203D89B1A113B9B0860
:108540009D0000234019814203D870BD40CC40C536
:10855000ECE708C0F7E70200006910B514324B11D0
:10856000984213DB0CDD1F2408002040214207D075
:1085700099008C582100C140814001208C4204D1D7
:108580009B00D318934203D8002010BD0300F7E7E7
:10859000043B19680029F5D00120F6E70300081E06
:1085A00005D0FF2A04D98A2201201A604042704770
:1085B00001200A70FBE70000F0B5DDB01C000B9154
:1085C00009920A9001F044FB036818002093D7F742
:1085D000A5FD0B9B18909B891B0617D50B9B1B6950
:1085E000002B13D140210A98FDF78CF90B9B1860E2
:1085F0001861002807D10C230A9A136001235B42FB
:108600001A9300F011FC40230B9A536100230022BF
:10861000329331930E93002316921793002333AFB6
:1086200030972393229314931D9321931A93099DBA
:108630002B78002B02D0252B00D090E0099BEE1A5E
:108640009D4216D03B60329B7E609B193293319BDA
:10865000083701333193072B08DD0B990A9830AAAC
:1086600002F074FA002800D0D8E333AF1A9B9B19AC
:108670001A932B78002B01D101F08AF900231B22D9
:108680000126691C1D0022A8121813707642199346
:108690004B1C15930B781093109820385A2801D949
:1086A00000F002FED7F74CFD9B0000060006A50077
:1086B000000600060006800000060006A700AF00C6
:1086C0000006AD00B4000006D000D200D200D200F7
:1086D000D200D200D200D200D200D20000060006A2
:1086E0000006000600060006000654010006FD0014
:1086F0000F01540154015401000600060006000653
:10870000E40000060006D404000600060006180572
:10871000000636050006000666050006000600068F
:108720000006000600060006000654010006FD00D3
:108730001101540154015401E6001101F900000631
:10874000F2000006B604D6040705F9000006180575
:10875000A3003805000600065D000006A3000135F1
:1087600066E7A54B28002393202318401D4201D122
:1087700000F003FD193B07349C43220018CA0693FE
:1087800007940D92EB070AD5069B079A134306D070
:10879000302229AB1A70109A5A7002231D43974B4E
:1087A00002201D4000F066FC0A9801F051FA43686F
:1087B00018002193D7F7B2FC1D900A9801F048FAEF
:1087C000836814931D9B002B11D0149B002B0ED09B
:1087D0001B78002B0BD08023DB001D4307E01B23FD
:1087E00022AA9B181A78002A01D120321A701599F2
:1087F0004EE70123F1E708CC1993002BF7DA5B422F
:1088000019930423E9E71B2322AA9B182B22EDE7E7
:10881000159A159B1278013310922A2A0DD0002642
:108820000A21109A1593303A092A00D934E74E43A9
:10883000B6181A7801331092F3E740CC002E01DA13
:10884000012676421593D2E78023C6E700220A214B
:10885000159B1992199A10984A4330388218199228
:108860001A7801331092303A092AF3D9159313E795
:108870000823B2E7159B1B78682B05D1159B0133A4
:10888000159380239B00A8E74023A6E7159B1B7840
:108890006C2B04D1159B0133159320239DE71023E6
:1088A0009BE7210004C943AB0D911B211A700022E4
:1088B00022A809180A7001260C921B921292139298
:1088C00011920993BEE110231D43AB062FD5072358
:1088D00007349C43220018CA069307940D92079B05
:1088E0000120002B0BDA069B079C00225942A24173
:1088F000069107921B222D2122ABD2181170069AE5
:10890000079B1A43711C01D101F052F880212C0001
:108910008C43002A01D001F050F8002E01D100F064
:10892000B9FC012801D001F04CF800F04DFC220008
:1089300008CA0D92EA0603D50693DB170793CEE724
:108940006A0601D51BB2F7E7AA05F5D55BB2F3E7D6
:10895000072307349C43220018CA0D920122169364
:108960001794169B52422493179B5B005B08259338
:1089700024982599224BDAF721F9002824D124984C
:10898000259901221E4B5242D7F77AFD00281BD1B0
:108990001698179900220023D7F768FD002804D005
:1089A0001B2322AA9B182D221A70164B0993109B89
:1089B000472B01DD144B099380239D43002303269D
:1089C0000C931B9301F02CF8169A179B10001900BA
:1089D000DAF7F4F800281DD0179B002B04DA1B23CC
:1089E00022AA9B182D221A70084B0993109B472B23
:1089F000E2DD074BDFE7C04628F60208FFFBFFFF7A
:108A0000FFFFEF7F18F602081CF6020820F60208A6
:108A100024F60208109B612B00D1E9E15822412B7A
:108A200000D1E6E1731C00D109E22023109A0C90DA
:108A30009A43472A02D1002E00D1013680235B00E1
:108A40002B431C93179B002B00DBFBE180221206BB
:108A50009446169B1E93179B63441F932D232793C5
:108A60002023109A9A431292412A00D006E21E98BF
:108A70001F992AAA01F010F9FF2300229B05D9F7BC
:108A800039FA002200230E900F91D7F7E9FC002855
:108A900001D001232A93CF4B1393109B612B01D05C
:108AA000CD4B1393099C731E00220E980F991193BE
:108AB000CA4BD9F71FFA0E900F91DAF7A1F81B9065
:108AC000DAF7DAF802000B000E980F99D9F7DAFC02
:108AD000139A0E900F911B99119B525C22700134D6
:108AE00001330BD00E980F99119B0022013B269366
:108AF0000023D7F7B5FC002800D1A9E100220E9889
:108B00000F99B74B2694D7F7C5FC00280CD10E98C7
:108B10000F990022B24BD7F7A3FC002800D1A8E19F
:108B20001B9BDB0700D4A4E13020139B2E94DB7B3E
:108B30002E9A013A2E921178994200D18AE14B1C6B
:108B4000DBB2392901D1139B9B7A1370269B099ABA
:108B50009B1A0E932A9B1193129B472B00D0DCE1AA
:108B6000119B033303DB119BB34200DCFBE1109B41
:108B7000023B1093119B40225C1E6B4610999B1880
:108B8000203A00201B782A949143412902D10F33C7
:108B9000DBB201302CA90B702B23002C03DA01244B
:108BA000119BE41A2D234B70092C00DCCDE13723F7
:108BB00022AA9B181293129E2000731E0A21129360
:108BC000D7F738FC731E3031197020000A21119438
:108BD000D7F74AFB119B0400632BECDC2A2222A866
:108BE000B11E121837200B0030340C7022AC001963
:108BF000834200D2A4E10023814203D8393322AA60
:108C00009B189B1B2A2222A95218D3182CAA9B1A04
:108C10000E9A22939E18012A01DCEB0701D5189BBE
:108C2000F61880226F4B52002B401A4300231C92EF
:108C3000129313931193279B002B00D0E4E10023A0
:108C40001C9D1B931B9B1C93B34200DA1C961B2399
:108C500022AA9B181B785A1E93411C9AD3181C9366
:108C600002232B40269302231D4202D01C9B023379
:108C70001C9384232B40279384231D421FD1199BCF
:108C80001C9A9C1A002C1ADD3900319B5648329AE6
:108C9000013308313860102C00DD17E37C60A41824
:108CA0000F0032943193072B09DD0B990A9830AAF3
:108CB00001F04CFF002801D000F049FE33AF1B2229
:108CC00022A952181178329B002914D03A6001224F
:108CD0009B183293319B7A609B1831930837072B8E
:108CE00009DD0B990A9830AA01F030FF002801D065
:108CF00000F02DFE33AF269A329B002A15D029AA08
:108D00003A6002229B183293319B7A60013331938F
:108D10000837072B09DD0B990A9830AA01F016FFD6
:108D2000002801D000F013FE33AF279B802B1FD10A
:108D3000199B1C9A9C1A002C1ADD3900319B2B4878
:108D4000329A013308313860102C00DDD1E27C60AA
:108D5000A4180F0032943193072B09DD0B990A9860
:108D600030AA01F0F3FE002801D000F0F0FD33AF8F
:108D70001B9B9C1B002C1ADD3900319B1B48329A2F
:108D8000013308313860102C00DDC5E2A2187C6088
:108D900032920F003193072B09DD0B990A9830AA04
:108DA00001F0D4FE002801D000F0D1FD33AF329B9A
:108DB0001B93EB0500D5CBE2099B7E603B601B9BC0
:108DC000F618319B329601333193072B00DDA3E374
:108DD000083701E328F6020839F60208000030409F
:108DE0000000E03FFFFBFFFF5CF602084CF60208C4
:108DF0007822302129AB19705A7002231D43632E4B
:108E000015DD0A98711CFCF77DFD0990002813D12F
:108E10000B9B9A89402313430B9A93810B9B9B894D
:108E20005B0601D5FFF7EAFB1A985DB0F0BD0023A1
:108E30000C9343AB099301E6099B0C93FEE50626D0
:108E40000C90FBE5169B179C1E931F94002306E6CF
:108E5000269B29E610706BE618700133CA1AFBD501
:108E6000119A0023013201DB119B0133E318269391
:108E70006CE6119A230030201119EFE7129A3400A2
:108E80000323462A05D01400453C62425441013B6D
:108E900034192EAA04922BAA03922AAA02920093B2
:108EA0000A981E9A1F9B019401F062F8129B099088
:108EB000472B19D1EB0701D42E9B48E6099B1B19C0
:108EC0000E9300221E981F990023D7F7C9FA002895
:108ED00001D00E9B2E9330222E9B0E999942EBD9F6
:108EE000591C2E911A70F7E7099B1B190E93129BC0
:108EF000462BE6D1099B1B78302B0AD11E981F996F
:108F000000220023D7F7ACFA002802D101231B1B53
:108F10002A932A9B0E9AD318D2E7129B462B00D095
:108F200028E601222B00119913403343002929DD43
:108F3000002B42D0189A8B18F618662310932DE058
:108F40001C7801331470013252E62A2222ABD21867
:108F5000002804D130232B228B7022ABD21830345E
:108F6000531C147052E6119B0E9A93420FDA0E9B1B
:108F7000189A9E1867231093119B002B0EDCF61A8B
:108F800001360BE0002B1AD0189B0133D4E767237E
:108F9000119E1093EB0701D5189AB61880232A006A
:108FA000DB001A401392002212921D4200D142E6C9
:108FB000119B934225DC13923DE6119EBDE766238B
:108FC00016001093EAE7119A93420FDAD31A11931D
:108FD000149B5B78002B10D0139B01331393149BCD
:108FE00001331493149B1B78FF2BECD1129A139B23
:108FF0009B181D9A53439E191DE6129B0133129331
:10900000F0E7129B1393EDE71B2322AA9B182D2256
:109010001A7014E6AB0609D523681A9A1A60D2179B
:109020005A600434159B0993FFF701FBEB0603D547
:1090300023681A9A1A60F4E76B0603D523681A9A14
:109040001A80EEE7AD05F3D523681A9A1A70E8E79F
:1090500010231D432023280018401D420FD0193B28
:1090600007349C43220018CA069307940D920020EF
:10907000B34B1D401B2222AB0021D2183EE422003C
:1090800008CA29000D9210221140154202D0069301
:109090000790ECE7402228001040154203D09BB215
:1090A00006930791E3E780222900920011401542C0
:1090B000F6D0DBB2EBE7230004CBA2490D930023EB
:1090C000069229AA0793118002339F4A18001D4374
:1090D000763323921093CDE7230004CB00240D9325
:1090E0001B23099222AA9B181C70731C0DD03200FE
:1090F0002100099800F0C4FD0C90A04200D1E2E0EC
:10910000099A861A23000C945BE40998D7F706F8AD
:109110000600F7E710231D432023280018401D42B6
:1091200009D0193B07349C43220018CA06930794C0
:109130000D9201209EE7230004CB29000D931023FC
:1091400019401D4202D006920790F2E74023280002
:1091500018401D4203D093B206930791E9E780239C
:1091600029009B0019401D4202D0D3B20693EBE7C1
:109170000692F2E7754BFFF7F5FA230004CB2900BE
:109180000D93102319401D4203D006920790FFF75C
:10919000F9FA4023280018401D4204D093B20693E8
:1091A0000791FFF7EFFA802329009B0019401D4229
:1091B00002D0D3B20693E9E70692F1E7079B002BB2
:1091C0000CD1069B092B09D8069B3033DBB2E72272
:1091D00022A952181370099200F01BFC00230E9371
:1091E0008023DB0023405CAD0C930A22069807998C
:1091F0000023D7F79DF96B1E303209931A700E9B2E
:10920000119001330E930C9B1291002B1DD0149BD7
:109210000E9A1B789A4218D1FF2A16D0079B002B72
:1092200002D1069B092B10D9099B1D9A21999B1AE3
:1092300018000993FDF7ADFF0022149B0E925B7896
:109240005A1E9341149AD3181493079B002B03D1F1
:10925000069B092B00D8DCE3119B099D0693129B0A
:109260000793C2E70F20099B239A013B0993069BB2
:109270000340D35C099A1370079B1907069B1A09D0
:10928000079B11431B0907930B00079A0691134391
:10929000E9D1BEE35CAB0993002800D0B9E3ED0748
:1092A00000D4B6E3302392E7109B002B00D16FE38C
:1092B000109A1B2143AB1A70002222A809180A70C9
:1092C0000D94FFF7F8FA0C9BFFF77BFB10201218A8
:1092D000786032923193072B08DD0B990A9830AAF7
:1092E00001F034FC002800D031E333A90F00103C1A
:1092F000CAE410201218786032923193072B08DDEF
:109300000B990A9830AA01F021FC002800D01EE336
:1093100033A90F00103C10E510201218786032922B
:109320003193072B08DD0B990A9830AA01F00EFC47
:10933000002800D00BE333A90F00103C1CE5C04609
:10934000FFFBFFFF3078000028F6020839F602081C
:10935000109B652B00DC4AE2169817990022002327
:10936000D7F77EF8002878D0CA4B1B9E3B600123BC
:109370007B60F618319B3296013331930837072B07
:1093800008DD0B990A9830AA01F0E0FB002800D014
:10939000DDE233AF2A9B0E9A934201DBEB071BD52C
:1093A000209B189A3B60189B7B60329B08379B1868
:1093B0003293319B01333193072B08DD0B990A98C7
:1093C00030AA01F0C3FB002800D0C0E233AF0E9BEF
:1093D00010265C1E002C2FDC6D0700D59AE2199B2D
:1093E0001C9A934200DA13001A9AD3181A93329BEC
:1093F000002B07D00B990A9830AA01F0A7FB002890
:1094000000D0A4E2002331930C9B002B00D0BAE2E1
:109410000D9C33AF06E610327E6032923193072BFB
:1094200008DD0B990A9830AA01F090FB002800D0C3
:109430008DE233A90F00103C3900319B9648329AD7
:10944000013308313860102CE5DC7C60A4180F0073
:1094500032943193072BBFDD5EE02A9B002B77DC33
:109460008C4B1B9E3B6001237B60F618319B329630
:10947000013331930837072B08DD0B990A9830AA7E
:1094800001F064FB002800D061E233AF0E992A9B03
:10949000329A0B43012129400B439DD0209B3B6016
:1094A000189B7B609A18319B3292013331930837B5
:1094B000072B08DD0B990A9830AA01F047FB00281A
:1094C00000D044E233AF2A9C002C18DA6442380002
:1094D0003199714A329E013108370260102C25DC27
:1094E0004460A41932943191072908DD0B990A9838
:1094F00030AA01F02BFB002800D028E233AF099BF3
:10950000329A3B600E9BD2183292319A7B600132C4
:109510003192072A00DC5BE40B990A9830AA01F02B
:1095200015FB002800D012E233AF55E71023F618E0
:10953000436032963191072908DD0B990A9830AAC9
:1095400001F004FB002800D001E233AF103CBEE77D
:109550000E9A099B9446119C63441093944200DD3B
:109560001400002C14DD099B7C603B601B9B0837BA
:10957000E618319B329601333193072B08DD0B99A6
:109580000A9830AA01F0E2FA002800D0DFE133AFF8
:10959000E343DB171C40119B10261C1B002C00DD35
:1095A0008DE0119A099B9446634409936B050CD591
:1095B000139B002B00D09DE0129B002B00D09CE061
:1095C000099B109A934200D909922A9B0E9A9342C2
:1095D00001DBEB0716D5209B189A3B60189B7B603C
:1095E000329B08379B183293319B01333193072B01
:1095F00008DD0B990A9830AA01F0A8FA002800D0DB
:10960000A5E133AF099A109B2A9E9B1A0E9A961BCE
:109610009E4200DD1E00329B002E13DDF3183293B4
:10962000319B099A01333A607E6031930837072BEA
:1096300008DD0B990A9830AA01F088FA002800D0BA
:1096400085E133AF0E9B2A9C1C1BF343DB171E40A6
:10965000A41B1026002C00DCBEE63900319B0E480E
:10966000329A013308313860102C00DCEDE61032FC
:109670007E6032923193072B08DD0B990A9830AA4D
:1096800001F064FA002800D061E133A90F00103C1A
:10969000E3E7C0464AF602084CF6020810327E6044
:1096A00032923193072B08DD0B990A9830AA01F00A
:1096B0004DFA002800D04AE133A90F00103C3900D0
:1096C000319BB948329A013308313860102CE5DCFF
:1096D0007C60A4180F0032943193072B00DC60E704
:1096E0000B990A9830AA01F031FA002800D02EE137
:1096F00033AF56E7129B002B5FD0129B013B1293B6
:10970000219B1D9A3B601D9B7B60329B08379B18F9
:109710003293319B01333193072B08DD0B990A9863
:1097200030AA01F013FA002800D010E133AF099AF3
:10973000109B9B1A149A16789E4200DD1E00329BE5
:10974000002E13DDF3183293319B099A01333A60EE
:109750007E6031930837072B08DD0B990A9830AAF1
:1097600001F0F4F9002800D0F1E033AF149B1C782D
:10977000F343DB171E40A41B002C18DD3900319B7E
:109780008948329A013308313860102C1CDC7C6027
:10979000A4180F0032943193072B08DD0B990A9817
:1097A00030AA01F0D3F9002800D0D0E033AF149BE9
:1097B000099A1B78D3180993FAE6149B013B14937A
:1097C000139B013B13939BE7102012187860329291
:1097D0003193072B08DD0B990A9830AA01F0B6F9EE
:1097E000002800D0B3E033A90F00103CC6E73C00CE
:1097F0001B9E319B0E9A013601330834012A03DC8B
:109800000122154200D180E0099A32963A60012285
:1098100031937A60072B08DD0B990A9830AA01F082
:1098200095F9002800D092E033AC209B189A236071
:10983000189B6360329B08349B183293319B013331
:109840003193072B07DD0B990A9830AA01F07EF9B6
:1098500000287CD133AC319B0022169817991093C5
:109860000E9B329E5F1E0023D6F7FAFD002826D1FC
:10987000099B109A013323600E9B013E0132F618BA
:109880006760329631920834072A07DD0B990A98EF
:1098900030AA01F05BF9002859D133AC2CAB23601E
:1098A000229B229A6360329B9B183293319B013337
:1098B0003193072B00DD2FE6083427008CE50E9B43
:1098C0001026012BEADD2100319B3748329A013303
:1098D00008312060102F07DC67600C00BA18329244
:1098E0003193072BDADDD1E7103266603292319383
:1098F000072B07DD0B990A9830AA01F027F90028F9
:1099000025D133A90C00103FDDE70999329606C72F
:109910003193E6E7199B1C9A10259C1A002C00DC59
:109920005DE5319B2149329A01333960102C19DCF5
:1099300012197C6032923193072B00DC4FE50B99B2
:109940000A9830AA01F002F9002800D147E50C9BE3
:10995000002B01D1FFF762FA19000A98FDF786FD86
:10996000FFF75CFA10327D60329231930837072B93
:1099700007DD0B990A9830AA01F0E8F80028E6D133
:1099800033AF103CCDE70C990A98FDF76FFD3FE52A
:10999000329B002B01D1FFF741FA0B990A9830AAAC
:1099A00001F0D4F8FFF73AFA4CF602085CF6020828
:1099B0002C00002A01D1FEF7B4FF012801D1FFF7E6
:1099C000FDFB5CAB0993022800D14BE4099A072107
:1099D0001300013B0993069B0B40099930330B7030
:1099E000079949078C4665460699C80807990543B3
:1099F000C90807912900079806950143E6D1E107B8
:109A000007D5302B05D03021099B013B1970931EDF
:109A10000993099A5CAB1B969E1A002325000C93B0
:109A2000129313931193FFF70DF9C04670B505001B
:109A30000C1E19D0002804D0436B002B01D1FDF778
:109A40008DFA636EDB0705D4A3899B0502D4A06D54
:109A5000FDF77EFC0C22A35E002B08D1636EDB07B2
:109A600002D4A06DFDF775FC0026300070BD21000A
:109A7000280000F037F8E36A0600002B06D0280023
:109A8000E1699847002801DA01267642A3891B067E
:109A900003D528002169FDF7E9FC216B002908D0D6
:109AA00023004033994202D02800FDF7DFFC002359
:109AB0002363616C002904D02800FDF7D7FC002344
:109AC0006364FDF73BFA0023A381636EDB0702D4D6
:109AD000A06DFDF73EFCA06DFDF739FCFDF736FAF1
:109AE000C3E70000F7B50C228B5E05000C001A07D7
:109AF0005ED4802212011A438A814A68002A02DC5D
:109B0000CA6B002A52DDA76A002F4FD000228020A6
:109B10002E682A601A004001E1690240034237D0F2
:109B2000226DA3895B0706D56368D21A236B002BCD
:109B300001D0E36BD21A00232800A76AE169B84775
:109B4000431C06D12A681D2A4AD82C4B1341DB0737
:109B500046D40C22A35E2A4A1A40A28100226260E7
:109B600022692260DB0405D5431C02D12B68002B3F
:109B700000D12065216B2E60002917D023004033CF
:109B8000994202D02800FDF771FC002323630DE009
:109B900001232800B8470200431CC2D12B68002BC8
:109BA000BFD01D2B01D0162B1AD12E6000201EE035
:109BB0000E69002EFAD00F680E60BA1B01920022C7
:109BC0009B0700D14A69A260019B002BEEDD636A0E
:109BD00032001F002800019BE169B847002807DC1C
:109BE00040230120A289404213431BB2A381FEBD42
:109BF000019B36181B1A0193E6E7C046FEFFBFDF44
:109C0000FFF7FFFF70B505000C00002804D0436B80
:109C1000002B01D1FDF7A2F90C22A35E1E1E15D068
:109C2000626ED20704D49B0502D4A06DFDF790FBB1
:109C300021002800FFF756FF636E0600DB0705D4FE
:109C4000A3899B0502D4A06DFDF783FB300070BD96
:109C5000004870475C07002070B5074C074D641B37
:109C6000A410002C02D102F0DDF870BD013CA3006D
:109C7000EB589847F5E7C04644F7020840F702085A
:109C8000C9B28218904201D10020704703788B42FC
:109C9000FBD00130F6E7000070B514000025256008
:109CA000104D4B000A005B08AB421AD81D0005435B
:109CB00017D00D4D294209D100220C4BD8F71AF9C3
:109CC00036250A004B006D425B082560084D1B15C8
:109CD0005B192568EB182360064B1A40064B1343AB
:109CE000190070BDFFFFEF7F0000F07F00005043C0
:109CF00002FCFFFFFFFF0F800000E03FF7B51C4FA5
:109D000004003868160001930091FDF721FB194A01
:109D10001368002B01D1184B13605A6838681F2A4A
:109D200004DDFDF716FB01204042FEBD002C14D0DF
:109D3000910059180F0088373E6001271E00974098
:109D40008536FF367568FC313D437560019DCD60F9
:109D5000022C02D1B1683943B160511C5960023202
:109D600000999200D150FDF7F4FA0020DDE7C046DB
:109D700000090020689D01206C9D01207FB5140022
:109D80001A00094B05001B680E00D868074B002C11
:109D900001D1074B1C000749019302942B00009648
:109DA00000F0C4FE01F0D9FED80700206CF60208CE
:109DB000A7F6020879F60208F8B500240B0C160C79
:109DC000A34233D1A64221D18BB291B25943FBF7C2
:109DD00099FD051E32D00300083B5A6803239A43BD
:109DE000043A242A32D80300132A0AD904604460B2
:109DF00008331B2A05D98460C460242A21D00300BB
:109E0000103300221A605A609A6018E0331C0D1C4F
:109E100089B292B29BB24A43ADB25D43110C69184C
:109E20000B0C07D1090492B21143D0E7002E01D1E7
:109E3000151CEDE7FDF760FA0C23036000252800F0
:109E4000F8BD0300046118334461DAE70021FDF72F
:109E50006CF9F4E7F0B502690F6987B006000B00F2
:109E600000200291BA426DDB013FBC001433059320
:109E70001B190393330014331C19019323680493B3
:109E8000039B04981D6801352900D6F763F9049BEC
:109E90000090AB422BD3059B019D9C46002305936C
:109EA0000493624608CA28689446009A99B25143BE
:109EB000059A1B0C8918009A53430A0C9B181A0C1C
:109EC00089B2059282B2521A0499000C52189BB2C0
:109ED0001114C31A5B18191492B21B041A43039B82
:109EE000049104C56345DCD22368002B30D03000D8
:109EF0000299FEF763F9002823DB3400002502995C
:109F000014341431236801C902936B461B8982B251
:109F10009A1A029B5219000C1B0C1B1A10141B18C6
:109F20001D1492B21B041A43039B04C48B42E9D252
:109F3000019ABB00D3181A68002A13D0009B013382
:109F40000093009807B0F0BD2368002B04D1013FB7
:109F5000019B043CA342F7D33761C8E71A68002A83
:109F600004D1013F019A043B9A42F7D33761E5E7F8
:109F7000F0B514001D00816B9DB00A940B95259ED1
:109F80000390002909D00123C26B93404A608B6083
:109F9000FDF7B2FE0023039A9363002D1EDA01231E
:109FA00033606B005B080B930B9FB64BB54A3B408D
:109FB000934216D1B44B249A13603B031B0B2343EB
:109FC00001D100F085FDB14B269A0893002A02D0FA
:109FD000AF4B269A136008981DB0F0BD0023336084
:109FE000E2E70A9A0B9B129213931298139900229C
:109FF0000023D6F735FA061E0BD00123249A1360EE
:10A00000269B002B02D0A34B269A1360A24B0893E9
:10A01000E1E71AAB01931BAB00930398129A139BD1
:10A02000FEF7EEF97A000590520D00D17BE0139B0C
:10A0300018961903994B090B0B4399495718129815
:10A04000139919000022974BD8F71CFA964A974BA0
:10A05000D7F750FF964A974BD6F7A4FF0400380075
:10A060000D00D8F709FE944A944BD7F743FF02003E
:10A070000B0020002900D6F795FF04000D00D8F74B
:10A08000BFFD00220490002320002900D6F7EEF93E
:10A0900000280BD00498D8F7EFFD2B002200D6F74C
:10A0A000DFF943425841049B1B1A04930123159383
:10A0B000049B162B10D812981399049A804BD20047
:10A0C0009B181A685B68D6F7D1F9002847D0049B23
:10A0D000013B04930023159300221A9B0692DB1B7D
:10A0E0005A1E3ED50122D31A069300230D93049BDA
:10A0F000002B38DB049A0D9B944663440D93002398
:10A1000014920F93229B0124092B67D8052B02DDA3
:10A110000024043B2293229B981E032867D8D6F77D
:10A1200005F82B3A385B1B9B1A9EF618654BF21804
:10A13000202A0FDD40239B1A9F40634B3800F31801
:10A14000DC402043D8F7C6FD0122604B771ECB18B8
:10A15000189276E7202320009B1A9840F2E715908A
:10A16000BAE70D92C3E7069B049A9B1A06935342E3
:10A170000F9300231493C5E700231093239B0E93A2
:10A180000993002B13DC01231A000E9309932392E9
:10A190000DE00123F1E70023239A10939446049BDA
:10A1A00063440E9301330993002B00DC012300214B
:10A1B00004221000143098421DD9039B1800D96363
:10A1C000FDF772FD0890002818D1B021404B41489E
:10A1D000089AFF31FFF7D2FD0123DDE70023109439
:10A1E0002293013B0E93099300221333CFE70123FF
:10A1F0001093023BF6E701315200DAE7039B089A1D
:10A200009A63099B0E2B00D9D7E0002C00D1D4E033
:10A21000049B002B62DD0F21049A294B0A40D200D7
:10A220009B181E685F68049B02241D11DB050AD57C
:10A23000294B0D401A6A5B6A12981399D7F716FAE0
:10A240000A900B910134244B0C93002D08D10A98ED
:10A250000B9932003B00D7F709FA0A900B9158E0AE
:10A2600001231D4209D0E4180C9B30001A685B687A
:10A270003900D7F73FFE06000F000C9B6D10083326
:10A28000E2E7C0460000F07F0F270000B1F60208A9
:10A29000B4F602084BF602084AF602080000F03F46
:10A2A00001FCFFFF0000F83F61436F63A787D23FC7
:10A2B000B3C8608B288AC63FFB799F501344D33FB5
:10A2C00050F502083204000012040000000010FEE5
:10A2D00051F40208B5F6020828F50208049B02248E
:10A2E000002B16D0129813990F225D422A40C34BBF
:10A2F000D2009B181A685B68D7F7FCFD0127002382
:10A300000A900B91BE4E2D11002D00D0BAE0002B0B
:10A31000A3D10A9E0B9F159B002B00D1BDE000220C
:10A3200030003900B74BD6F7A1F8002800D1B4E0CF
:10A33000099B002B00D1B0E00E9B002B39DD049B64
:10A340000022013B0C933000AF4B3900D7F7D2FD10
:10A350000A900B910E9B013420001193D8F78CFCCE
:10A360000A9A0B9BD7F7C6FDA84B0022D6F71AFE18
:10A37000A74B0600CF18119B002B00D091E00A9844
:10A380000B990022A34BD8F77DF832003B00040064
:10A390000D00D6F77FF8002800D0A1E28021090641
:10A3A0007B18320020002900D6F760F8002800D082
:10A3B00044E1129B139C0A930B941B9B002B00DA25
:10A3C0007BE1049A0E2A00DD77E18C4BD2009B18CA
:10A3D0005C681B6806930794239B002B03DA099B98
:10A3E000002B00DC1AE10A9E0B9F099B089D013B94
:10A3F0005B190A93069A079B30003900D7F736F9A4
:10A40000D8F7FEFB0990D8F737FC069A079BD7F7D9
:10A4100071FD02000B0030003900D8F733F82B0033
:10A42000099A013530321A700A9A2C009A4200D0EB
:10A4300035E102000B00D6F7B5FD069A079B060032
:10A440000F00D6F727F8002800D013E1069A079BE3
:10A4500030003900D6F704F8002803D0099BDD0747
:10A4600000D507E105990398FDF746FC002323700A
:10A47000049B249A01331360269B002B00D1AAE58C
:10A480001C60A8E53D4205D032687368D7F732FDFD
:10A490003B0001346D10083636E7049B0C93099B92
:10A4A0005AE7119A554B013AD20010999B181A6835
:10A4B0005B68002950D000205749D7F7D7F8320001
:10A4C0003B00D7F7DFFF089A060094460F00089B71
:10A4D0001693119B634411930A980B99D8F790FB3C
:10A4E0000500D8F7C9FB02000B000A980B99D7F7B3
:10A4F000C9FF169B30350A900B9102005C1C1D7041
:10A5000030000B003900D5F7C5FF00286CD10A9A3E
:10A510000B9B00203B49D7F7B5FF02000B00300032
:10A520003900D5F7B7FF002800D0A5E0119BA34262
:10A5300000D13EE7002230003900334BD7F7DAFC78
:10A54000002206000F000A980B992F4BD7F7D2FC78
:10A5500016940A900B91BFE730003900D7F7CAFC78
:10A56000089D119A2B0094461690179163441993F5
:10A570000A980B99D8F744FB0400D8F77DFB0B0031
:10A5800002000A980B99D7F77DFF3034199B2C7085
:10A59000013506000F00AB4229D116981799089B88
:10A5A000119C9C4600221C4B6444D6F7FBFC020025
:10A5B0000B0030003900D5F76DFF00285CD1169AEA
:10A5C000179B00201449D7F75DFF02000B003000F5
:10A5D0003900D5F74BFF002800D1EAE62300013C03
:10A5E0002278302AFAD01C000C9B04933AE7002210
:10A5F000054BD7F77FFC0A900B91B9E750F502089D
:10A6000028F502080000F03F0000244000001C4034
:10A610000000C0FC000014400000E03F099B002B3C
:10A620000CD1069807990022BE4BD7F763FC0A9A13
:10A630000B9BD5F739FF002800D154E100263700E5
:10A64000239B089CDB430C93002304933100039865
:10A65000FDF752FB002FC7D0049B002B05D0BB4257
:10A6600003D019000398FDF747FB39000398FDF765
:10A6700043FBB9E7049B0C9323001C00013B1A78B1
:10A68000392A08D1089A9A42F7D10C9A08990132CE
:10A690000C9230220A701A7801321A70A4E7002254
:10A6A000A14BD7F727FC0022002306000F00D5F7A7
:10A6B000D7FE002800D19DE6D4E6109F0F9D069C92
:10A6C000002F14D0229A012A00DDC8E0189A002A2F
:10A6D00000D1BEE0954A9B18069A0121D218069235
:10A6E0000D9A0398D3180D93FDF7F0FB0700002C8B
:10A6F0000ED00D9B002B0BDD0D9A2300944200DD44
:10A700001300069AE41AD21A06920D9AD31A0D93E0
:10A710000F9B002B1FD0109B002B00D1B5E0002D0C
:10A7200010D039002A000398FDF79AFC059A010021
:10A7300007000398FDF7E2FB060005990398FDF773
:10A74000DBFA05960F9B5A1BAB4204D00599039880
:10A75000FDF786FC059001210398FDF7B7FB149BDC
:10A760000600002B00D1BDE11A0001000398FDF79F
:10A7700077FC229B06000025012B16DC00250A9B96
:10A78000AB420ED10B9B1B03AB420AD1684B0B9A19
:10A79000134206D0069B0135013306930D9B01330E
:10A7A0000D93149B0120002B08D0336903339B00C9
:10A7B000F3185868FDF73AFB2023181A0D9B181858
:10A7C00002001F231A40184265D001339B1A042B44
:10A7D0005DDD1C239B1A069AE418D21806920D9A86
:10A7E000D3180D93069B002B05DD1A0005990398DD
:10A7F000FDF778FC05900D9B002B05DD31001A005C
:10A800000398FDF76FFC0600159B002B45D0310027
:10A810000598FDF7D3FC00283FDA049B0A22013B90
:10A820000C93059900230398FDF770FA109B05908F
:10A83000002B00D15DE1002339000A220398FDF7C7
:10A8400065FA0E9B0700002B55DC229B022B2DDCAA
:10A8500051E036231A9A0F9D069C9B1A3CE7099BF0
:10A860005D1E0F9BAB4208DB5D1B099B069C002B0A
:10A8700000DB31E7E41A00232EE70F9B149AEB1A52
:10A88000D3180F9514930025EFE70F9A5EE7042B7A
:10A89000A8D01C339FE71300FBE7049B0C93099B94
:10A8A0000E93002B23DC229B022B20DD0E9B002B22
:10A8B00000D0C5E6310005220398FDF727FA06000F
:10A8C00001000598FDF77AFC002800DCB8E6089B3B
:10A8D000089A5C1C312313700C9B01330C93B3E674
:10A8E000119E3700F3E7049B099E0C93F9E7109B38
:10A8F000002B00D101E1002C05DD39002200039876
:10A90000FDF7F0FB07003800002D26D0796803988A
:10A91000FDF7CAF9041E13D12200064B0648074969
:10A9200058E4C046000014400000244033040000F6
:10A930000000F07F51F40208B5F60208EF020000B3
:10A9400039003A690C31023292000C30FCF715FDE7
:10A95000012221000398FDF7C5FB089B0E9A069380
:10A96000013B9B180122049707000F930A9B134099
:10A970000E9331000598FFF76DFA049905000A90CF
:10A980000598FDF71BFC3A000D9031000398FDF788
:10A9900031FC0122C368040030350992002B04D138
:10A9A00001000598FDF70AFC099021000398FDF7C6
:10A9B000A3F9069B099A5C1C229B13430E9A13432E
:10A9C00009D1392D22D00D9B002B01DD0A9D313597
:10A9D000069B1D703AE60D9B002B04DB229A134365
:10A9E0000E9A13431ED1099B002BF1DD059901221C
:10A9F0000398FDF777FB31000590FDF7DFFB00289A
:10AA000002DCE5D1EB07E3D5392DDFD13923069AF6
:10AA1000137023001C00013B1A78392A4FD00132F1
:10AA20001A7013E6099B002B03DD392DEED001359A
:10AA3000CEE7069B069A1D700F9B93422AD00023F7
:10AA40000A2205990398FDF761F9049B0590BB4222
:10AA500009D100230A2204990398FDF757F90490BD
:10AA60000700069485E7049900230A220398FDF75E
:10AA70004DF9002304900A2239000398FDF746F9A6
:10AA8000EEE70E9B0124002B00DD1C00089B1C1927
:10AA900000230493059901220398FDF723FB31005D
:10AAA0000590FDF78BFB0028B3DC01D1ED07B0D496
:10AAB00023001C00013B1A78302AFAD0C6E5089A18
:10AAC0009A42A7D10C9B01330C9331231370BDE53F
:10AAD000144B269A0893144B002A01D0FFF779FAF9
:10AAE000FFF779FA229B012B00DC47E60120149D39
:10AAF00064E60E9B002B00DCD5E6002431000598AF
:10AB0000FFF7A8F9089B303018550E9B013405005B
:10AB10009C42B6DA00230A2205990398FDF7F6F85D
:10AB20000590EBE7A8F60208B0F602080EB417B5D8
:10AB3000054C05AB04CB01002068019300F0C0F880
:10AB40001EBC08BC03B01847D8070020F0B5136836
:10AB500087B017000393936800220C00160005903D
:10AB6000029293420BD1002000237B6007B0F0BD1E
:10AB7000039B1B680293039B5E6808330393A568DD
:10AB80002368002EF4D0AE4232D30C21625E9021B5
:10AB9000C9000A422CD0032021695B1A049363691F
:10ABA0004343D80FC3185B100193049B01980133F2
:10ABB0009B19834200D90193520530D5019905981C
:10ABC000FAF7A0FE051E34D0049A2169FCF7D5FBE4
:10ABD000A2891E4B1A4080231343A381049B256145
:10ABE000ED1825603500019B049A63619B1AA360F0
:10ABF000B54200D935002A0002992068FCF782FA94
:10AC0000A3685B1BA36023685B192360029B9B19ED
:10AC10000293BB689B1BBB60A5D00026AFE7019ADF
:10AC20000598FBF7B3F8051ED8D121690598FCF704
:10AC30001DFC0C23059A01201360A28934331343B1
:10AC4000A38100234042BB608EE7C0467FFBFFFF2D
:10AC5000F0B5936885B001900D001400181E08D05F
:10AC60004B6E9B0427D51668A068002805D10023E9
:10AC7000A3600023636005B0F0BD00273368029332
:10AC8000736800939B080393039BBB4208DC032378
:10AC9000009A08369A431300A268D31AA360E3E728
:10ACA0000299BB00C9582A00019800F02DFF431CEF
:10ACB000DDD00137E8E7019800F030FDD7E700006C
:10ACC000F0B5C1B01C001D00069004910792002849
:10ACD00004D0436B002B01D1FCF740F9049B5B6E61
:10ACE000DB0707D4049B9B899B0503D4049B986DC9
:10ACF000FCF72EFB049B0C229A5E80239B011A42D8
:10AD000007D11343049A9381536EA74A1340049AC0
:10AD10005366049B9B891B0703D5049B1B69002B6F
:10AD200018D10499069800F053FE002812D0049B15
:10AD30005B6EDB0705D501235B420893089841B0A1
:10AD4000F0BD049B9B899B05F5D4049B986DFCF793
:10AD500000FBF0E7049B0C229B5E1A221A400A2A91
:10AD600016D1049A0E21525E002A11DB049A526E0B
:10AD7000D20705D49B0503D4049B986DFCF7E9FA30
:10AD80002300079A0499069800F084FC0890D5E700
:10AD9000002317AE14961693159303960C930D93F8
:10ADA0000E930F930893079C2378002B02D0252B3A
:10ADB00000D087E0079BE71A9C4210D0039A1360EB
:10ADC000169B5760DB191693159B01331593072BC0
:10ADD0007ADC130008330393089BDB19089323786C
:10ADE000002B01D100F011FC002212A9CA70012130
:10ADF000631C14004942059109925A1C1B78079262
:10AE0000180020385A2800D95CE3D5F799F9A0003A
:10AE10005B035B03A9005B035B035B0385005B03D0
:10AE20005B03AB00B3005B03B100B7005B03DC0066
:10AE3000DE00DE00DE00DE00DE00DE00DE00DE0022
:10AE4000DE005B035B035B035B035B035B035B0392
:10AE50005B035B030601EA015B035B035B035B03CC
:10AE60005B035B035B035B035B035B0341025B030D
:10AE70005B035B037A025B0394025B035B03C20226
:10AE80005B035B035B035B035B035B035B035B03D2
:10AE90005B035B030601EC015B035B035B03EF00F9
:10AEA000EC0102015B03FB005B03260243026E021E
:10AEB00002015B037A02A70096025B035B03670053
:10AEC0005B03A70001346FE70499069814AAFFF703
:10AED000BFFE002800D073E317AB7CE7334A2000A5
:10AEE0000C9220221040144200D154E2193A073546
:10AEF000954306CD00910192E20709D5009A019988
:10AF00000A4305D013AA30215370022311701C4349
:10AF1000274B1C400223CBE10698FEF799FE4368BD
:10AF200018000F93D5F7FAF80E900698FEF790FEEA
:10AF300083680D930E9B002B10D00D9B002B0DD022
:10AF40001B78002B0AD08023DB001C4306E012ABE9
:10AF5000DA780333002A01D120321A70079B4CE7BC
:10AF60000123F2E708CD0993002BF7DA5B4209933E
:10AF70000423EAE72B2212ABDA70EFE7079B5A1C97
:10AF80001B782A2B16D000210A2005911900303990
:10AF90000792092900D933E7059B43435B180593C2
:10AFA00013780132F2E7C046FFDFFFFF28F6020800
:10AFB000FFFBFFFF08CD0593002B02DA01235B4264
:10AFC00005930792CAE78023BFE70021079A0991FA
:10AFD0000A310998303B48431B1809931378013212
:10AFE000180030380928F4D9079209E7079B1B7825
:10AFF000682B05D1079B0133079380239B00A4E7AF
:10B000004023A2E7079B1B786C2B04D1079B0133DD
:10B010000793202399E7102397E704CD27AB1A70F5
:10B02000002212A9CA7001211E0005910B920B9BF0
:10B03000059A0A93934200DA0A9212AB03331B7803
:10B040005A1E93410A9AD3180A930223234010935D
:10B0500002231C4202D00A9B02330A93842322005B
:10B060001A4011921C4221D1099B0A9A9F1A002F63
:10B070001CDD169B03999C46CB48159B039A013314
:10B0800008311060102F00DD29E2576067441697E1
:10B0900015930391072B09DD0499069814AAFFF76D
:10B0A000D7FD002800D08BE217AB039312A9C87814
:10B0B000169A159B033100280DD0039801330160C7
:10B0C00001215218416016921593072B00DD19E2F9
:10B0D0000300083303931099169A159B00290ED08C
:10B0E000039813A90160022101335218416016929E
:10B0F0001593072B00DD0EE2030008330393119B29
:10B10000802B21D1099B0A9A9F1A002F1CDD169BC8
:10B1100003999C46A548159B039A0133083110609A
:10B12000102F00DD00E257606744169715930391D6
:10B13000072B09DD0499069814AAFFF789FD00285A
:10B1400000D03DE217AB03930B9B059A9F1A002F8B
:10B150001CDD169B03999C469448159B039A01336A
:10B1600008311060102F00DDF1E157606744169739
:10B1700015930391072B09DD0499069814AAFFF78C
:10B1800067FD002800D01BE217AB0393039A059BD1
:10B1900016605360169B059A9B181693159B0133F6
:10B1A0001593072B00DDE5E1039E0836640700D503
:10B1B000E9E1099B0A9A934200DA1300089AD3182E
:10B1C0000893169B002B07D00499069814AAFFF742
:10B1D0003FFD002800D0F3E10023159317AB039344
:10B1E000E1E510231C43A30628D5072307359D431B
:10B1F0000CCD00920193019A0123002A09DA009EE6
:10B20000019F00227142BA41009101922D2112AAA0
:10B21000D1700199009A0A430599013100D102E2E7
:10B22000802127008F43002A00D000E2059A002ADF
:10B2300000D13DE1012B00D0FCE1D8E008CDE206D1
:10B2400003D50093DB170193D5E7620601D51BB246
:10B25000F7E7A205F5D55BB2F3E7A30606D52B68A1
:10B26000089A1A60D2175A6004359CE5E30603D5A4
:10B270002B68089A1A60F7E7630603D52B68089ACB
:10B280001A80F1E7A405F3D52B68089A1A70EBE74A
:10B2900010231C432023200018401C420BD0193BD4
:10B2A00007359D430CCD00920193414B1C40002378
:10B2B000002112AAACE71022210008CD114014424F
:10B2C00002D000930190F0E7402220001040144289
:10B2D00003D09BB200930191E7E780222100920006
:10B2E00011401442F6D0DBB2EBE708CD31490093B0
:10B2F000002313AA1180304A019302331C430C929D
:10B30000D6E7002708CD1E0012ABDF70059B013386
:10B310000CD039003000059AFEF7B2FC0B90B84211
:10B3200000D184E6831B05930B9780E63000D4F7A9
:10B33000F5FE0590F8E710231C4320232000184059
:10B340001C4207D0193B07359D430CCD0092019359
:10B350000123ADE71023210004CD19401C4203D086
:10B36000009201900F3BA3E74023200018401C42AD
:10B3700003D093B200930191EAE7802321009B0060
:10B3800019401C4203D0D3B200930190E0E7009231
:10B39000F1E70A4AA3E51021270004CD0F400C4233
:10B3A0000ED000920190A7E51DF702080DF70208E4
:10B3B000FFFBFFFF3078000028F6020839F602088C
:10B3C0004021200008400C4203D092B20092019725
:10B3D00092E58021270089000F400C42F6D0D2B2BE
:10B3E000DFE7019B002B0BD1009B092B08D8009BAA
:10B3F0003033DBB2B72212A952181600137040E1A5
:10B4000040AB1E0080230024DB003B400A930A224D
:10B41000009801990023D5F78BF833003032013BB7
:10B420001E001A700A9B0B9010910134002B1AD049
:10B430000D9B1B78A34216D1FF2C14D0019B002B2F
:10B4400002D1009B092B0ED90E9A0F99B31A18003E
:10B450001E00FBF79EFE0D9B00245B785A1E934155
:10B460000D9AD3180D93019B002B03D1009B092B40
:10B4700000D806E10B9B0093109B0193C7E740ABFC
:10B480001E000F203300013B1E00009B0C9A03405E
:10B49000D35C3370019B1907009B1A09019B114370
:10B4A0001B0901930B00019A00911343EAD1E8E0D4
:10B4B00040AA1600002B00D0E3E0E40700D4E0E04F
:10B4C000303397E7002B00D19FE027AA13700023A9
:10B4D00012A9CB700121160005910B93A7E510204E
:10B4E00050606246121816921593072B07DD0499D7
:10B4F000069814AAFFF7ACFB002861D117A9103FEA
:10B500000391B6E50499069814AAFFF7A1FB002859
:10B5100056D117ABDEE50499069814AAFFF798FBFD
:10B5200000284DD117ABE9E5102050606246121893
:10B5300016921593072B07DD0499069814AAFFF7B6
:10B5400087FB00283CD117A9103F0391DFE51020AD
:10B5500050606246121816921593072B07DD049966
:10B56000069814AAFFF774FB002829D117A9103FE9
:10B570000391EEE50499069814AAFFF769FB0028E9
:10B580001ED117AE12E6099B0A9A10279C1A002CAE
:10B5900000DC0EE615993E4A169B01313260102CF4
:10B5A00022DC7460E41816941591072900DC00E68B
:10B5B0000499069814AAFFF74BFB002800D1F8E580
:10B5C000049B5B6EDB0707D4049B9B899B0503D41C
:10B5D000049B986DFBF7BDFE049B9B895B0601D421
:10B5E000FFF7ACFBFFF7A7FB1033776016931591BD
:10B5F0000836072907DD0499069814AAFFF728FBE7
:10B600000028DDD117AE103CC4E7169B002B02D1F9
:10B6100000231593D4E70499069814AAFFF718FBA2
:10B620000028F5D0CCE72700002A00D102E6012B44
:10B6300000D1D6E6022B00D121E740AB1E00072344
:10B640009C463300013B32001E00634600990B40CC
:10B65000019930334C0700993370C80801990443AD
:10B66000C90801912100019800940143E9D1F9072B
:10B6700007D5302B05D033003021013B1970931EC4
:10B680001E00059B3C000B9340AB9B1B0593CEE437
:10B690001DF70208F0B5150002221E4C1F008B8911
:10B6A000A54493436A4693814B6E06001993CB8958
:10B6B00016A8D381CB690C0007934B6A09931AAB88
:10B6C000009304938023DB000293059300230693E9
:10B6D000FBF73CFE2A003B0069463000FFF7F0FA1A
:10B6E000051E07DB69463000FEF78CFA002801D002
:10B6F00001256D426B469A8940231A4202D0A289E5
:10B700001343A3811698FBF722FE2800024B9D44A9
:10B71000F0BDC04694FBFFFF6C040000F0B59368D9
:10B7200087B00C0002900492002B02D1002007B0D9
:10B73000F0BD8B891B0756D50B69002B53D0049B9A
:10B740001B6801930C22A35E02221E0016401342C6
:10B750006FD1012201211A400B4200D1A2E030003A
:10B7600037000396002F00D10AE100280AD13A00E1
:10B770000A210398FEF784FA7E1C002802D0039B5E
:10B780000130C61A0596BE4200D905972068226985
:10B79000A5686369904200D8FBE0059AED18AA42BB
:10B7A00000DCF6E003992A00FBF7ACFC23682100DB
:10B7B0005B1902982360FEF725FA00286DD101205D
:10B7C000761B05D121000298FEF71CFA002864D1EF
:10B7D000039B049A5B190393049B7F1B9B685B1B71
:10B7E0009360BFD1A2E72100029800F0F1F8002891
:10B7F000A5D0012040429AE7019B1E685D6808338E
:10B800000193676AE169002DF6D06E4A2B009542DC
:10B8100000D9130032000298B84700283DDD049B90
:10B82000049A9B6836181B1A2D1A9360002BE8D1D6
:10B830007CE700263500E4E7019B1B680393019B2E
:10B840005D68083301930C22A35E2068A668002D72
:10B85000F2D080229200134262D0AE4237D89022BA
:10B86000D200134233D02169421A03200592626943
:10B870004243D70FBF18059A7F1001325219BA42BE
:10B8800000D917005B053CD539000298FAF73AF861
:10B89000061E0AD10C23029A13604023A289134387
:10B8A000A381A6E715000392CDE7059A2169FBF76E
:10B8B00064FDA289444B1A4080231343A381059B56
:10B8C0002661F61826602E006761FF1AA7602F0018
:10B8D000AE4200D92E00320003992068FBF712FC1B
:10B8E000A3689B1BA36023689B192360039B049A96
:10B8F000DB190393049BED1B9B68DB1B9360A2D1B8
:10B9000014E73A000298FAF741FA061ED7D12169E6
:10B910000298FBF7ABFD8022A3899343A381B9E78B
:10B920002369834202D36769AF4216D9AE4200D978
:10B930002E0032000399FBF7E5FBA36822689B1BEE
:10B9400092193700A3602260002BCFD1210002980A
:10B95000FEF758F90028C9D09FE7802328001B066E
:10B960009D4200D319483900D4F77EFC3B00666A3B
:10B970004343039AE1690298B047071EB6DC8CE79F
:10B98000019B00201B680393019B5F6808330193B0
:10B99000E8E6059A934208DC656A039AE169029831
:10B9A000A847051E00DD0AE777E7059A0399FBF72C
:10B9B000A9FB059AA36815009B1AA36023689B182E
:10B9C0002360FCE600FCFF7F7FFBFFFFFFFFFF7FA4
:10B9D0002D4B70B5050018680C00002804D0436B8F
:10B9E000002B01D1FBF7BAFA0C23E25E130723D434
:10B9F000D30607D409232B60402301201343A381DE
:10BA000040423AE0520713D5216B002908D02300A9
:10BA10004033994202D02800FBF728FD002323631E
:10BA20002422A3899343A3810023636023692360B5
:10BA30000823A2891343A3812369002B0BD1A021E2
:10BA40008022A389890092000B40934203D02100F9
:10BA5000280000F0CDF80C23E25E012113000B401A
:10BA60000A420BD00023A36063695B42A3610020FC
:10BA70002369834201D11306BED470BD910700D45F
:10BA80006369A360F3E7C046D8070020F0B585B02E
:10BA90000E0014000190FBF7C7FB0500012819D127
:10BAA000731EFE2B16D802AB1E710027AF4221D0A9
:10BAB00003ABD95DA368013BA360002B04DAA26944
:10BAC00093421ADB0A2918D023685A1C2260197085
:10BAD0000137EBE72300320001985C3303A900F043
:10BAE00043F80500431CE0D14023A2891343A381FE
:10BAF00001267642300005B0F0BD2200019800F02A
:10BB0000B9F80130E4D1F3E7536E70B505000E00CB
:10BB10001400DB0705D493899B0502D4906DFBF7D5
:10BB200017FC0C23E25E80239B011A4204D11A43C6
:10BB3000A281626E13436366280022003100FFF782
:10BB4000A5FF636E0500DB0705D4A3899B0502D41E
:10BB5000A06DFBF7FEFB280070BD062010B500F0BD
:10BB600005F9012000F056F97FB51D00084B0400CF
:10BB70001E682B00002901D10A0001A92000B0474E
:10BB8000431C03D100232B608A33236004B070BDB3
:10BB90004C07002070B50E001D000E23C95E140076
:10BBA00096B0002909DAB2898023110019401A429F
:10BBB00018D18023DB00080010E06A4600F0E0F8AE
:10BBC0000028F0DBF02301991B021940074B80206D
:10BBD000C9184B42594180230001DB0029602360D2
:10BBE00016B070BD00214023E5E7C04600E0FFFF2E
:10BBF000F0B502268B8905000C0085B0334207D0D2
:10BC000023004333236023610123636105B0F0BD4A
:10BC100003AB02AAFFF7BEFF029F01903900280084
:10BC2000F9F770FE002808D10C22A35E9A05EDD426
:10BC3000032293431E43A681E2E78023A28920606A
:10BC40001343A381039B20616761002B0CD0280064
:10BC50000E23E15E00F0A6F8002805D00323A28998
:10BC60009A43023B1343A381A389019A1343A381FF
:10BC7000CCE70000F8B506000D001400002804D041
:10BC8000436B002B01D1FBF769F9A369A360A3897A
:10BC90001B0702D52369002B09D121003000FFF7D3
:10BCA00097FE002803D001256D422800F8BD0C2323
:10BCB000E25E80239B01EFB2EDB21A4205D113433D
:10BCC000A381134A636E1340636623692068C01A18
:10BCD0006369834205DC21003000FDF793FF0028F3
:10BCE000E1D1A3680130013BA36023685A1C2260A4
:10BCF0001F706369834204D0A389DB07D5D50A2D61
:10BD0000D3D121003000FDF77DFF0028CDD0CAE758
:10BD1000FFDFFFFF70B504000D001F2904D91623B3
:10BD200003600120404270BD0300FC33DB69002B3F
:10BD300004D08A009B181A68002A08D1200000F05D
:10BD400055F82A000100200000F03EF8EBE7012A38
:10BD500009D0511C03D1162303600120E3E7002121
:10BD60002800196090470020DDE7000010B5034B64
:10BD700001001868FFF7CEFF10BDC046D8070020AD
:10BD8000002370B5064D0400080011002B60F9F780
:10BD90007BFD431C03D12B68002B00D0236070BDBA
:10BDA000609D0120002370B5064D040008002B6043
:10BDB000F9F75BFD431C03D12B68002B00D02360F7
:10BDC00070BDC046609D0120002370B5064D040083
:10BDD000080011002B60F9F73DFD431C03D12B68CF
:10BDE000002B00D0236070BD609D012010B5F9F7D5
:10BDF00045FD10BD054A03001168002901D1044921
:10BE000011601068C31813607047C046FC9E012083
:10BE1000009F0120FEE70000F8B5C046F8BC08BC52
:10BE20009E467047F8B5C046F8BC08BC9E467047B1
:10BE300001B40248844601BC604700BF05090020E8
:10BE4000081C3044586C800000000000000048309E
:10BE500031523000503031523000483233523000CD
:10BE6000483233523100483233523300483037526F
:10BE7000330048303852360050303852360048309F
:10BE80003952300048303952390048314252360078
:10BE90004831325230004831335237004830465230
:10BEA000310048304652360048304652370048315B
:10BEB0004152320048304152390048314452310039
:10BEC00048314452350048304252340048313852EB
:10BED0003000483236523000483135523000483157
:10BEE0003052340048324152330048343152360027
:10BEF00048334252360048313852310048314652B8
:10BF00003500483342523200483231523200483113
:10BF100037523100483135523800483242523000F1
:10BF2000483035523000483342523700483242528E
:10BF300031004830375238004830385237004831E5
:10BF400036523600503038523700483139523000BE
:10BF500052504900000048313452410048313452B7
:10BF6000390048304652390000000000000000004F
:10BF7000000000006D650000616C6C0069660000E7
:10BF8000666F72004D6F6E64617900005475657361
:10BF9000646179005765646E6573646179000000BF
:10BFA00054687572736461790000000046726964B8
:10BFB000617900005361747572646179000000005A
:10BFC00053756E64617900004A616E0046656200D7
:10BFD0004D617200417072004D6179004A756E00CA
:10BFE0004A756C0041756700536570004F637400BB
:10BFF0004E6F7600446563000D0A424F532E726502
:10C0000073706F6E73653A20616C6C2C206D657374
:10C01000736167652C20636C692C206E6F6E650DF3
:10C020000A0000000D0A424F532E74726163653A94
:10C0300020616C6C2C206D6573736167652C2072B8
:10C040006573706F6E73652C206E6F6E650D0A00E0
:10C05000424F532E636C6962617564726174653A14
:10C0600020434C492062617564726174652E2044DE
:10C07000656661756C7420697320393231363030F1
:10C080002E2054686973206166666563747320614D
:10C090006C6C20706F7274732E20496620796F75F6
:10C0A000206368616E676520746869732076616CCF
:10C0B00075652C2020202020202020202020207981
:10C0C0006F75206D75737420636F6E6E6563742079
:10C0D000746F206120434C4920706F7274206F6E22
:10C0E0002065616368207374617274757020746F69
:10C0F00020726573746F7265206F74686572204179
:10C100007272617920706F72747320696E746F201F
:10C1100064656661756C74206261756472617465D2
:10C120000D0A0000424F532E6465626F756E6365A1
:10C130003A2031202E2E2E2E2E2E2E2E2E2E2E2E2C
:10C14000203635353336206D7365630D0A000000E7
:10C15000424F532E73696E676C65636C69636B74D1
:10C16000696D653A2031202E2E2E2E2E2036353543
:10C170003336206D7365630D0A000000424F532E65
:10C180006D696E696E746572636C69636B74696DF9
:10C19000653A2031202E2E2E20323535206D7365E4
:10C1A000630D0A00424F532E6D6178696E7465729B
:10C1B000636C69636B74696D653A2031202E2E2E95
:10C1C00020323535206D7365630D0A000A0D546801
:10C1D0006973206D6F64756C652077696C6C206283
:10C1E0006520666F7263656420696E746F20626F8C
:10C1F0006F746C6F61646572206D6F64652E0A0DDB
:10C20000506C6561736520757365207468652022C4
:10C2100053544D20466C617368204C6F61646572A5
:10C220002044656D6F6E73747261746F72222009A1
:10C2300009097574696C69747920746F207570646C
:10C2400061746520746865206669726D77617265D6
:10C250002E0A0D0A092A2A2A20496D706F7274610C
:10C260006E74202A2A2A0A0D496620746869732090
:10C270006D6F64756C6520697320636F6E6E6563A6
:10C28000746564206469726563746C7920746F20CE
:10C29000504320706C6561736520636C6F7365201B
:10C2A0007468697320706F72742066697273742E7B
:10C2B0000A0D00000A0D4D6F64756C652025642021
:10C2C00077696C6C20626520666F726365642069B3
:10C2D0006E746F20626F6F746C6F61646572206D35
:10C2E0006F64652E000000000A0D506C6561736577
:10C2F0002075736520746865202253544D20466C68
:10C30000617368204C6F616465722044656D6F6E67
:10C3100073747261746F7222207574696C697479B8
:10C3200020746F2075706461746520746865206680
:10C3300069726D776172652E0909090A0D0A092A69
:10C340002A2A20496D706F7274616E74202A2A2A1D
:10C350000A0D2D2049662074686973206D6F64751D
:10C360006C6520697320636F6E6E6563746564200D
:10C370006469726563746C7920746F205043207017
:10C380006C6561736520636C6F7365207468697395
:10C3900020706F72742066697273742E0A0D090919
:10C3A000092D20596F75206D75737420706F776536
:10C3B00072206379636C652074686520656E7469AA
:10C3C00072652041727261792061667465722074B1
:10C3D0006865207570646174652069732066696E94
:10C3E00069736865642E0A0D000000000A0D52652D
:10C3F0006D6F746520757064617465207669612065
:10C400006D6F64756C652025642C20706F727420CC
:10C410005025642077696C6C2062652074726967AE
:10C4200067657265642E00003D0000003E0000005C
:10C430003C0000003E3D00003C3D0000213D00006E
:10C440000A0D284D6F64756C653A506F7274290936
:10C450000900000050256409000000000A0A0D00D0
:10C460004D6F64756C652025643A09000900000071
:10C470002564090025643A25640900000A0D0000BE
:10C480000A0000000A0D546865736520706F7274AD
:10C4900073206172652072657665727365643A0017
:10C4A0000A0D4D6F64756C65202564203A20502577
:10C4B000640000000A0A0D416C6C206F746865729C
:10C4C00020706F72747320617265206E6F726D617F
:10C4D0006C0A0D000A0D2A2A2A204D6F64756C65BE
:10C4E00020256420537461747573202A2A2A0A0057
:10C4F0000A0D436F6E6E6563746564207669612012
:10C50000706F72743A205025640A0D000A0D466956
:10C51000726D776172652076657273696F6E3A200D
:10C5200025642E25642E25640000000041756720D7
:10C5300032382032303235000A0D4669726D77612B
:10C54000726520646174653A202020202573000004
:10C5500031323A32343A3039000000000A0D46696F
:10C56000726D776172652074696D653A20202020B4
:10C5700025730A0D000000000A0D506F72747320BD
:10C580005374617475733A0A0A0D00005025643AB9
:10C5900020000000467265650A0D00005265636563
:10C5A0006976696E67206D657373616765730A0DDF
:10C5B0000000000053747265616D696E670A0D00BA
:10C5C000526563656976696E67207573657220636D
:10C5D0006F6D6D616E64730A0D000000436F6E6EC7
:10C5E000656374656420746F206120627574746F74
:10C5F0006E2F7377697463680A0D00000A0D444D4D
:10C60000412053747265616D732053746174757346
:10C610003A0A0D000A0D53747265616D696E6720E8
:10C62000444D4120256420697320667265650000D1
:10C630000A0D53747265616D696E6720444D412027
:10C6400025642069732073747265616D696E67205B
:10C6500066726F6D2050256420746F205025640031
:10C660000A0D546865736520706F7274732061726F
:10C67000652072657665727365643A20000000007B
:10C6800050256420000000004E6F6E650000000021
:10C690003A580008485800085658000864580008DE
:10C6A000725800086D650000616C6C000E63000834
:10C6B0009C5F0008B85F0008D65F000804600008AF
:10C6C0003260000872600008B26000089C5F0008D9
:10C6D000206300086C6100088C610008AE610008EE
:10C6E000E061000812620008566200089A620008C1
:10C6F0006C610008F2640008006500080E6500081F
:10C700001C6500082A650008766500088465000835
:10C7100092650008A0650008AE6500082573202515
:10C720003032642F253032642F253034640000000D
:10C73000253032643A253032643A253032640000C4
:10C74000081C3044586C80000A0D0A0D3D3D3D3DEB
:10C750003D3D3D3D3D3D3D3D3D3D3D3D3D3D3D3D09
:10C760003D3D3D3D3D3D3D3D3D3D3D3D3D3D3D3DF9
:10C770003D3D3D3D3D3D3D3D3D3D3D3D3D3D3D3DE9
:10C780000920202020200A0D3D3D3D3D3D3D3D3D01
:10C790003D3D3D3D3D3D3D3D3D3D3D3D3D3D3D3DC9
:10C7A0003D3D3D3D3D3D3D3D3D3D3D3D3D3D3D3DB9
:10C7B0003D3D3D3D3D3D3D3D3D3D3D3D0920202034
:10C7C00020200A0D7C7C20202020202020202020DA
:10C7D000202057656C636F6D6520746F204269740B
:10C7E0007A4F5320434C4921202020202020202014
:10C7F0002020202020207C7C0909200A0D7C7C2020
:10C8000020202020202028432920434F50595249DE
:10C8100047485420484558414249545A2032303103
:10C82000372D323032352E20202020202020207C31
:10C830007C0920202020200A0D7C7C202020202024
:10C8400020202020202020202020202020202020E8
:10C8500020202020202020202020202020202020D8
:10C8600020202020202020202020207C7C0909203E
:10C870000A0D7C7C202020202020506C656173658F
:10C8800020636865636B207468652070726F6A65E9
:10C890006374207765627369746520617420202059
:10C8A000202020207C7C0909200A0D7C7C2020206F
:10C8B00020202020202020202020687474703A2F0F
:10C8C0002F686578616269747A2E636F6D2F2020FE
:10C8D000202020202020202020202020207C7C09B7
:10C8E00020202020200A0D7C7C20202020202020B9
:10C8F0002020202020202020202020202020202038
:10C900002020202020202020202020202020202027
:10C910002020202020202020207C7C092020202076
:10C92000200A0D7C7C202020547970652068656C7D
:10C930007020666F722061206C697374206F6620AE
:10C94000617661696C61626C6520636F6D6D616EAB
:10C9500064732E20207C7C0920202020200A0D3D9D
:10C960003D3D3D3D3D3D3D3D3D3D3D3D3D3D3D3DF7
:10C970003D3D3D3D3D3D3D3D3D3D3D3D3D3D3D3DE7
:10C980003D3D3D3D3D3D3D3D3D3D3D3D3D3D3D3DD7
:10C990003D3D3D0920202020200A0D3D3D3D3D3DEF
:10C9A0003D3D3D3D3D3D3D3D3D3D3D3D3D3D3D3DB7
:10C9B0003D3D3D3D3D3D3D3D3D3D3D3D3D3D3D3DA7
:10C9C0003D3D3D3D3D3D3D3D3D3D3D3D3D3D3D09CB
:10C9D00020202020200A0A0D000000000D0A00007F
:10C9E0000D0A5B507265737320454E544552207496
:10C9F0006F20657865637574652074686520707252
:10CA00006576696F757320636F6D6D616E6420610B
:10CA10006761696E5D0D0A3E00000000436F6E6E37
:10CA2000656374656420746F206D6F64756C652038
:10CA3000256420282573292C20706F7274205025BE
:10CA4000642E0A0A0D3E0000696620000A43616EEA
:10CA50006E6F742073746F7265206D6F7265204302
:10CA60006F6D6D616E6420536E6970706574732EA6
:10CA700020506C656173652064656C657465206524
:10CA800078697374696E67206F6E657320616E6478
:10CA90002074727920616761696E2E0A0D000000B2
:10CAA000656E642069660000000000000A436F6E36
:10CAB000646974696F6E616C2073746174656D650F
:10CAC0006E7420616363657074656420616E6420B8
:10CAD000616464656420746F20436F6D6D616E6482
:10CAE00020536E6970706574732E0A0D000000008B
:10CAF000626F730057726F6E67206D6F64756C653F
:10CB0000206E616D652120506C65617365207472C3
:10CB10007920616761696E2E0A0D000057726F6E91
:10CB200067206D6F64756C652049442120506C65E9
:10CB30006173652074727920616761696E2E0A0DD8
:10CB400000000000436F6D6D616E642062726F6162
:10CB50006463617374656420746F20616C6C0A0D8A
:10CB60000000000025734D756C7469636173742057
:10CB7000436F6D6D616E6420666F7277617264657C
:10CB80006420746F2067726F75702025730A0D0022
:10CB90007570646174650000436F6D6D616E642033
:10CBA000666F7277617264656420746F204D6F6484
:10CBB000756C652025640A0D0000000025734D6F1B
:10CBC00064756C65202564206973206E6F74207213
:10CBD0006561636861626C652E0A0D00636C696350
:10CBE0006B656400646F75626C6520636C69636B70
:10CBF0006564000072656C65617365640000000027
:10CC000020000000B0730008FC72000812730008D6
:10CC1000287300084E730008647300088A730008C4
:10CC2000081C3044586C80003D3D003E00003C0034
:10CC3000003E3D003C3D00213D00000072756E2D20
:10CC400074696D652D7374617473000072756E2D57
:10CC500074696D652D73746174733A0D0A204469AB
:10CC600073706C61792061207461626C65207368F7
:10CC70006F77696E6720686F77206D7563682070C5
:10CC8000726F63657373696E672074696D65206583
:10CC9000616368204672656552544F532074617316
:10CCA0006B2068617320757365640D0A0D0A0000BE
:10CCB0003CCC02084CCC0208A5770008000000001C
:10CCC0007461736B2D737461747300007461736BA2
:10CCD0002D73746174733A0D0A20446973706C612A
:10CCE000792061207461626C652073686F77696E6A
:10CCF0006720746865207374617465206F662065B1
:10CD0000616368204672656552544F5320746173A5
:10CD10006B0D0A0D0A000000C0CC0208CCCC020842
:10CD2000657700080000000070696E670000000071
:10CD300070696E673A0D0A2050696E672061206D38
:10CD40006F64756C650D0A0D0A00000028CD02089D
:10CD500030CD0208E57700080000000075706461BE
:10CD6000746500007570646174653A0D0A20507531
:10CD70007420746865206D6F64756C6520696E2021
:10CD8000666163746F727920626F6F746C6F616437
:10CD90006572206D6F646520746F207570646174B6
:10CDA0006520697473206669726D776172652E0DF6
:10CDB0000A0A09090909090920202D20557365204F
:10CDC00027236E2E7570646174652720746F20753B
:10CDD00070646174652072656D6F7465206D6F6439
:10CDE000756C65206E2E204D616B652073757265C4
:10CDF000207468652070726F6772616D6D696E670F
:10CE000020706F72742069732074686520696E6386
:10CE10006F6D696E6720706F7274206F6620746822
:10CE20006973206D6F64756C652E0D0A0909090917
:10CE3000090920202D2055736520277570646174C1
:10CE4000652076696120236E2070782720746F201A
:10CE50007573652074686520535420466C6173684F
:10CE6000204C6F6164657220746F6F6C20776974F9
:10CE700068206D6F64756C65206E2C20706F727405
:10CE8000207820746F207570646174652061206E55
:10CE900065696768626F72206D6F64756C652E20BE
:10CEA000546869732069732075736566756C2069B1
:10CEB0006620090909090909097461726765742006
:10CEC0006D6F64756C65206973206E6F742070617E
:10CED0007274206F662074686520746F706F6C6F59
:10CEE0006779206F722069662070726F6772616D5A
:10CEF0006D696E6720706F7274206973206E6F7435
:10CF000020696E207468652073686F72746573742D
:10CF1000207061746820746F20746172676574207A
:10CF20006D6F64756C652E0D0A0D0A005CCD0208EC
:10CF300064CD020881780008FF0000006578706CFD
:10CF40006F7265006578706C6F72653A0D0A2045E6
:10CF500078706C6F72652074686520617272617997
:10CF600020616E64206275696C642069747320743A
:10CF70006F706F6C6F67790D0A0D0A003CCF020865
:10CF800044CF0208817A00080000000072657365D2
:10CF90007400000072657365743A0D0A205265735F
:10CFA000657420746865206D6F64756C650D0A0D7D
:10CFB0000A0000008CCF020894CF0208797B000899
:10CFC000000000006E616D65000000006E616D651F
:10CFD0003A0D0A204E616D6520746865206D6F649E
:10CFE000756C65207769746820616E20616C696179
:10CFF000732028317374207061722E290D0A0D0A76
:10D0000000000000C4CF0208CCCF0208897B0008D2
:10D010000100000067726F757000000067726F7525
:10D02000703A0D0A2047726F7570206D756C7469C7
:10D03000706C65206D6F64756C65732028326E644A
:10D040002B207061722E2920696E746F2061206E12
:10D050006577206F72206578697374696E672067E1
:10D06000726F75702028317374207061722E290DD3
:10D070000A0D0A0014D002081CD00208717C0008B6
:10D08000FF00000073746174757300007374617441
:10D0900075733A0D0A20446973706C6179206D6F65
:10D0A00064756C65207374617475730D0A0D0A00E4
:10D0B00084D002088CD002086D7F000800000000B8
:10D0C000696E666F00000000696E666F3A0D0A2097
:10D0D000446973706C617920617272617920696E44
:10D0E000666F726D6174696F6E0D0A0D0A00000043
:10D0F000C0D00208C8D00208897F000800000000E4
:10D100006164642D627574746F6E00006164642DD7
:10D11000627574746F6E3A0D0A20446566696E65B7
:10D12000206120627574746F6E206174206F6E656B
:10D13000206F662074686520617272617920706F5B
:10D140007274732E20427574746F6E2074797065DA
:10D150002028277377697463682D6E6F272C20272A
:10D160007377697463682D6E63272928317374207F
:10D170007061722E292C20427574746F6E20706F4E
:10D1800072742028326E64207061722E290D0A0D8F
:10D190000A00000000D102080CD1020885800008B6
:10D1A0000200000072656D6F76652D627574746F94
:10D1B0006E00000072656D6F76652D627574746F18
:10D1C0006E3A0D0A2052656D6F766520612062759A
:10D1D00074746F6E2074686174207761732070724C
:10D1E0006576696F75736C7920646566696E6564D0
:10D1F000206174207468697320706F727420283104
:10D200007374207061722E290D0A0D0A000000004F
:10D21000A4D10208B4D102089581000801000000E1
:10D22000736574007365743A0D0A20536574206148
:10D2300020706172616D657465722028317374208D
:10D240007061722E29207769746820612067697681
:10D25000656E2076616C75652028326E6420706181
:10D26000722E290D0A0D0A0020D2020824D20208CB
:10D2700029820008FF000000676574006765743A42
:10D280000D0A2047657420746865206375727265A5
:10D290006E742076616C7565206F66206120706108
:10D2A00072616D65746572202831737420706172CB
:10D2B0002E290D0A0D0A000078D202087CD202083D
:10D2C000D18D0008FF00000064656661756C740014
:10D2D00064656661756C743A0D0A20547970652036
:10D2E0002764656661756C7420706172616D732767
:10D2F00020746F2073657420616C6C2070617261A2
:10D300006D657465727320746F2064656661756CF9
:10D31000742076616C7565730D0A205479706520F0
:10D320002764656661756C7420617272617927206B
:10D33000746F2072656D6F76652063757272656EAD
:10D340007420746F706F6C6F67790D0A0D0A00009E
:10D35000C8D20208D0D202086D9100080100000076
:10D3600074696D650000000074696D653A0D0A20EE
:10D37000446973706C61792063757272656E742094
:10D3800074696D6520696E2048483A4D4D3A535393
:10D390002D6D73656320666F726D61740D0A0D0AE1
:10D3A0000000000060D3020868D3020865920008FC
:10D3B0000000000064617465000000006461746531
:10D3C0003A0D0A20446973706C617920637572723A
:10D3D000656E74206461746520696E205765656BA5
:10D3E000646179204D4D2F44442F59595959206675
:10D3F0006F726D61740D0A0D0A000000B4D302084B
:10D40000BCD302083D930008000000007365742D32
:10D410006261756472617465000000007365742D4B
:10D4200062617564726174653A0D0A2053657420F7
:10D43000554152542062617564726174650D0A0928
:10D440002831737420706172616D65746572293A58
:10D4500020503120746F2050360D0A0928326E6436
:10D4600020706172616D65746572293A2062617520
:10D4700064726174650D0A0D0A0000000CD4020884
:10D480001CD40208719300080200000075756964DD
:10D4900000000000757569643A0D0A2044697370D4
:10D4A0006C6179204D435520756E69717565205505
:10D4B00049440D0A0D0A00008CD4020894D40208D5
:10D4C00031940008000000006964636F6465000027
:10D4D0006964636F64653A0D0A20446973706C6116
:10D4E00079204D4355204944434F44452028444525
:10D4F000565F494420616E64205245565F49442975
:10D500000D0A0D0A00000000C8D40208D0D4020899
:10D51000C194000800000000666C6173682D736997
:10D520007A650000666C6173682D73697A653A0DDF
:10D530000A20446973706C6179204D435520466C14
:10D540006173682073697A6520696E204B62797413
:10D5500065730D0A0D0A000018D5020824D50208CB
:10D560003D95000800000000736E69700000000027
:10D57000736E69703A0D0A20446973706C6179208A
:10D5800061206C697374206F662073746F726564B8
:10D5900020436F6D6D616E6420536E6970706574A9
:10D5A0007320746F2065646974206F722064656CE9
:10D5B0006574650D0A0D0A0068D5020870D5020869
:10D5C00071950008000000006163742D736E69702E
:10D5D000000000006163742D736E69703A0D0A20BB
:10D5E0004163746976617465206120436F6D6D617C
:10D5F0006E6420536E69707065740D0A0D0A000028
:10D60000C8D50208D4D50208999800080100000086
:10D6100070617573652D736E69700000706175734C
:10D62000652D736E69703A0D0A205061757365201F
:10D630006120436F6D6D616E6420536E697070651B
:10D64000740D0A0D0A00000010D602081CD602084C
:10D65000519900080100000064656C2D736E6970BB
:10D660000000000064656C2D736E69703A0D0A202D
:10D6700044656C657465206120436F6D6D616E64F7
:10D6800020536E69707065740D0A0D0A0000000069
:10D6900058D6020864D60208099A00080100000062
:10D6A00062726964676500006272696467653A0D59
:10D6B0000A204272696467652074776F2061727214
:10D6C000617920706F7274730D0A0D0A00000000FA
:10D6D000A0D60208A8D60208DD9B000802000000C0
:10D6E000756E62726964676500000000756E627233
:10D6F000696467653A0D0A20556E2D627269646728
:10D70000652074776F20617272617920706F727416
:10D71000730D0A0D0A000000E0D60208ECD60208DC
:10D72000F99C000802000000746573742D706F721C
:10D7300074000000746573742D706F72743A0D0A72
:10D74000207465737420706F72742066756E6374D4
:10D75000696F6E616C6974792E20796F75206361D1
:10D760006E2063686F6F73652065697468657220E9
:10D77000746F2074657374206F6E652073706563B9
:10D780006966696320706F7274206F7220746F20F5
:10D790007465737420616C6C20706F7274732E20CA
:10D7A000706C65617365207479706520507820779E
:10D7B000686572652078207374616E647320666F8B
:10D7C0007220746865206E756D626572206F6620C8
:10D7D000706F7274206F722074797065203C616C78
:10D7E0006C3E20746F207465737420616C6C2070C3
:10D7F0006F72740D0A0D0A0028D7020834D7020888
:10D80000159E000801000000726561642D6164636B
:10D8100000000000726561642D6164633A0D0A20A6
:10D82000526561642061646320766F6C7461676522
:10D830002056616C75652066726F6D205032206FC6
:10D840007220503320616E642063686F6F736520AF
:10D8500074686520736964652077686572656173B3
:10D8600020746F70206F7220626F74746F6D0D0A78
:10D870000D0A000008D8020814D80208EDA000081C
:10D8800002000000726561642D74656D7000000017
:10D89000726561642D74656D703A0D0A2052656180
:10D8A0006420696E7465726E616C2074656D70655C
:10D8B0007261747572650D0A0D0A000084D8020841
:10D8C00090D8020801A2000800000000726561649F
:10D8D0002D76726566000000726561642D76726552
:10D8E000663A0D0A205265616420696E7465726E35
:10D8F000616C207265666572656E636520566F6C3B
:10D90000746167650D0A0D0A00000000CCD802089A
:10D91000D8D8020855A200080000000072656164B2
:10D920002D6164632D70657263656E746167650057
:10D93000726561642D6164632D70657263656E74D8
:10D940006167653A0D0A204765742061646320763B
:10D950006F6C746167652070657263656E74616772
:10D96000652076616C75652066726F6D205032207F
:10D970006F722050330D0A0D0A0000001CD90208F6
:10D9800030D90208A9A20008020000005461736B9C
:10D99000205374617465205072696F7269747920C4
:10D9A000537461636B20230D0A2A2A2A2A2A2A2A01
:10D9B0002A2A2A2A2A2A2A2A2A2A2A2A2A2A2A2AC7
:10D9C0002A2A2A2A2A2A2A2A2A2A2A2A2A2A2A2AB7
:10D9D0002A2A2A2A2A2A2A2A2A0D0A005461736B23
:10D9E000204162732054696D6520252054696D655E
:10D9F0000D0A2A2A2A2A2A2A2A2A2A2A2A2A2A2AC4
:10DA00002A2A2A2A2A2A2A2A2A2A2A2A2A2A2A2A76
:10DA10002A2A2A2A2A2A2A2A2A2A0D0A000000004B
:10DA200076696100200000004D6F64756C6573209D
:10DA30005B0000002C2000000A0D4E756D626572BF
:10DA4000206F66206D6F64756C65733A2025640ADB
:10DA5000000000000A0D417272617920746F706FCE
:10DA60006C6F67793A0A0000436F756C64206E6FC3
:10DA700074207265616420706F72747320646972BF
:10DA8000656374696F6E20666F7220736F6D6520B9
:10DA90006D6F64756C65732120506C6561736520D2
:10DAA00074727920616761696E0A0D007377697419
:10DAB00063682D6E6F0000007377697463682D6E64
:10DAC00063000000626F732E0000000072657370C7
:10DAD0006F6E736500000000616C6C006D657373A0
:10DAE00061676500636C69006E6F6E650000000021
:10DAF0007472616365000000636C696261756472D1
:10DB0000617465006465626F756E63650000000096
:10DB100073696E676C65636C69636B74696D6500CE
:10DB20006D696E696E746572636C69636B74696D3F
:10DB3000650000006D6178696E746572636C69637D
:10DB40006B74696D65000000616D0000706D000010
:10DB50006D6F6E646179000074756573646179003E
:10DB60007765646E6573646179000000746875722E
:10DB70007364617900000000667269646179000075
:10DB800073617475726461790000000073756E646E
:10DB9000617900006A616E75617279003120000060
:10DBA00066656272756172790000000032200000C3
:10DBB0006D6172636800000033200000617072695B
:10DBC0006C000000342000006D61790035200000F9
:10DBD0006A756E6500000000362000006A756C7979
:10DBE0000000000037200000617567757374000045
:10DBF0003820000073657074656D62657200000006
:10DC0000392000006F63746F62657200313000006C
:10DC10006E6F76656D626572000000003131000044
:10DC2000646563656D62657200000000313200005A
:10DC30006D73670025640A0D00000000257323251D
:10DC4000640A0D00706172616D730000617272612F
:10DC500079000000414D0000504D00002573000088
:10DC600025732530385800000D0A000053544D33F9
:10DC70003247304231000000554E4B4E4F574E0058
:10DC800050617573656400416374697665000000D6
:10DC9000480000005032000050330000746F7000E4
:10DCA000626F74746F6D000061646320766F6C74D2
:10DCB000616765206973203D2025302E3266200D76
:10DCC0000A000000696E7465726E616C2074656D87
:10DCD000706572617475726520697320252E3266D5
:10DCE00043200D0A00000000696E7465726E616C5D
:10DCF000207265666572656E636520766F6C74610F
:10DD00006765206973203D20252E326656200D0A56
:10DD10000000000061646320766F6C7461676520A9
:10DD200070657263656E74616765206973203D205C
:10DD3000252E3266252520250D0A0000486920661B
:10DD4000726F6D206D6F64756C652025640D0A001F
:10DD500048692066726F6D206D6F64756C65202553
:10DD60006420282573290D0A0000000055706461A5
:10DD70007465206669726D7761726520666F7220C6
:10DD80006D6F64756C652025640A0D0057726F6EA7
:10DD9000672076616C7565210A0D00000A5468657C
:10DDA000206172726179206973206265696E6720F3
:10DDB0006578706C6F7265642E20506C6561736558
:10DDC00020776169742E2E2E0A0D00000A546865B2
:10DDD000206172726179206578706C6F726174690C
:10DDE0006F6E207375636365656465642E204920DA
:10DDF000666F756E64202564206D6F64756C657345
:10DE000020696E636C7564696E67206D7973656CEB
:10DE1000662E2048657265206973207468652064E9
:10DE20006973636F766572656420746F706F6C6F71
:10DE300067793A0A0D0000000A5468652061727221
:10DE40006179206578706C6F726174696F6E20669D
:10DE500061696C65642E20506C6561736520646F28
:10DE600075626C6520636865636B20636F6E6E65B9
:10DE70006374696F6E732C207265736574207468A7
:10DE800065206D6F64756C657320616E64207472BB
:10DE90007920616761696E2E0A0D00004D6F64750F
:10DEA0006C65202564206973206E616D6564202592
:10DEB000730A0D00257320697320612072657365F4
:10DEC0007276656420424F53206B6579776F726478
:10DED0002120506C65617365207573652061206435
:10DEE0006966666572656E7420616C6961730A0D9E
:10DEF00000000000257320697320616C7265616405
:10DF00007920757365642120506C65617365207597
:10DF10007365206120646966666572656E74206150
:10DF20006C6961730A0D0000257320697320616EAE
:10DF3000206578697374696E6720434C4920636F6C
:10DF40006D6D616E642120506C6561736520757321
:10DF500065206120646966666572656E7420616C17
:10DF60006961730A0D000000257320697320612028
:10DF700077726F6E67206D6F64756C652049442001
:10DF80006F7220616C6961730A0D0000506C6561ED
:10DF9000736520656E74657220736F6D65206D6F9B
:10DFA00064756C652049447320746F20616464203B
:10DFB000746F2025730A0D005D2061646465642020
:10DFC000746F206E65772067726F75702025730AF5
:10DFD0000D0000005D20616464656420746F20653D
:10DFE00078697374696E672067726F757020257326
:10DFF0000A0D000041206E6577202573206275743C
:10E00000746F6E206E616D656420422564207761B7
:10E010007320646566696E656420617420706F7238
:10E0200074205025640A0D00427574746F6E20428E
:10E030002564207761732072656D6F766564206654
:10E04000726F6D20706F7274205025640A0D00008D
:10E050002573207761732073657420746F20257396
:10E060000A0D00000A596F75206D75737420726572
:10E07000737461727420746F20656E61626C6520C8
:10E08000746865206E65772062617564726174657D
:10E090002E0A0D00546869732061666665637473A7
:10E0A00020616C6C20706F7274732E204966207929
:10E0B0006F75206368616E67652074686973207688
:10E0C000616C75652066726F6D2064656661756C44
:10E0D000742C2009090909090909090909090920F4
:10E0E0002020796F75206D75737420636F6E6E6577
:10E0F000637420746F206120434C4920706F7274E8
:10E10000206F6E206561636820737461727475702E
:10E1100020746F20726573746F7265206F74686508
:10E120007220617272617920706F72747320696EEF
:10E13000746F2064656661756C74206261756472C9
:10E140006174650A0D00000057726F6E6720706180
:10E1500072616D65746572210A0D000025730A0DE8
:10E160000000000025732067726F757020646F6572
:10E1700073206E6F74206578697374210A0D000036
:10E1800047726F7570202573206D656D62657273BF
:10E190003A0A0D0025732069732073657420746F2B
:10E1A00020612077726F6E672076616C7565210A39
:10E1B0000D000000416C6C20706172616D657465CA
:10E1C00072732073657420746F2064656661756C6A
:10E1D000742076616C7565730A0D00004375727268
:10E1E000656E7420617272617920746F706F6C6FEC
:10E1F0006779207761732072656D6F7665642E2074
:10E20000506C65617365207265626F6F7420616C1C
:10E210006C206D6F64756C65730A0D0043757272C6
:10E22000656E742074696D652069732025303264D1
:10E230003A253032643A253032642D253033640A71
:10E240000D00000043757272656E742074696D650F
:10E2500020697320253032643A253032643A253003
:10E2600032642D253033642025730A0D0000000030
:10E2700043757272656E74206461746520697320E1
:10E2800025730A0D0000000057726F6E67207061E1
:10E2900072616D65746572210D0A000042617564DA
:10E2A0007261746520666F7220706F7274205025E1
:10E2B00064207761732073657420746F2025640D6A
:10E2C0000A0000004D435520555549442069730A02
:10E2D0000D0000004D4355204445565F49442069D8
:10E2E000732025730A0D000025734D4355205245B8
:10E2F000565F49442069732025642E300A0D0000C2
:10E300004D435520466C6173682073697A652069B6
:10E3100073202564204B62797465730A0D00000038
:10E3200054686520666F6C6C6F77696E6720436F09
:10E330006D6D616E6420536E6970706574732061D9
:10E3400072652073746F72656420696E206D656DEF
:10E350006F72793A0A0A0D005B253032645D202520
:10E36000730A0D0025736966206225642E636C694B
:10E37000636B656400000000257369662062256494
:10E380002E646F75626C6520636C69636B656400F5
:10E3900025736966206225642E72656C65617365FC
:10E3A00064000000257369662025732025732025ED
:10E3B0002E31660025730A0D092573000A0D656E5E
:10E3C000642069660A0A0D00546F2064656C6574E8
:10E3D00065206120536E69707065742C20747970AB
:10E3E000653A2064656C2D736E697020780A0D544F
:10E3F0006F206163746976617465206120536E6972
:10E40000707065742C20747970653A2009090909C7
:10E41000090909090909090909096163742D736E5C
:10E42000697020780A0D546F2070617573652061E2
:10E4300020536E69707065742C20747970653A2071
:10E4400070617573652D736E697020780A0A0D7797
:10E450006865726520782069732074686520536E42
:10E460006970706574206E756D6265722066726F7A
:10E470006D20746865206C6973740A0D00000000DB
:10E48000536E69707065742077617320616374697D
:10E4900076617465642E205479706520736E69709E
:10E4A00020746F2076696577207570646174656487
:10E4B000206C6973740A0D0054686520536E69708E
:10E4C000706574206E756D62657220776173206E61
:10E4D0006F7420666F756E640A0D0000536E69706C
:10E4E00070657420776173207061757365642E2088
:10E4F0005479706520736E697020746F2076696539
:10E50000772075706461746564206C6973740A0D9A
:10E5100000000000536E697070657420776173208D
:10E5200064656C657465642E205479706520736E23
:10E53000697020746F2076696577207570646174E6
:10E540006564206C6973740A0D0000005025642016
:10E55000616E642050256420617265206272696476
:10E5600067656420746F6765746865720A0D0000E2
:10E5700057726F6E672073796E7461780A0D0000B0
:10E58000506F7274206272696467696E6720666199
:10E59000696C65640A0D000050256420616E64207A
:10E5A0005025642061726520756E2D627269646702
:10E5B00065640A0D00000000506F727420756E6271
:10E5C00072696467696E67206661696C65640A0DCB
:10E5D0000000000050256420697320776F726B691A
:10E5E0006E6720636F72726563746C790A0D000048
:10E5F0005025642074657374206661696C65640AD3
:10E600000D000000506C656173652073686F727453
:10E61000656E20746865206E65787420706F727402
:10E6200020616E6420707265737320616E79206B57
:10E63000657920746F20636F6E74696E75652074E0
:10E64000657374696E6720746865206E65787420E0
:10E650006F6E650A0D0A0D0074686520706F727424
:10E66000206E756D6265722069732077726F6E67B8
:10E670000A0D000057726F6E6720506172616D6500
:10E680007465720A0D00000057726F6E6720506F3C
:10E690007274206E756D626572200A0D00000000B4
:10E6A000081C3044586C800044656661756C745475
:10E6B00061736B004261636B456E645461736B0000
:10E6C000557365725461736B00000000436C6954AC
:10E6D00061736B0050314D73675461736B000000C0
:10E6E00050324D73675461736B00000050334D73AB
:10E6F000675461736B00000050344D73675461734D
:10E700006B00000050354D73675461736B0000005F
:10E71000081C3044586C800053747265616D5469F4
:10E720006D6572007AAF00082AAF00083AAF0008A2
:10E730004AAF00085AAF00086AAF0008081C30440E
:10E74000586C80004ACC000862C7000884C70008E3
:10E75000A6C70008B6C70008C6C7000822CC000834
:10E7600022CC000822CC000822CC0008D6C7000822
:10E77000F8C700083CC800085EC8000880C8000848
:10E780001EC90008A2C80008C4C8000822CC00089E
:10E79000E6C80008FCC8000840C9000862C90008B3
:10E7A0009CC90008BEC90008E0C9000802CA0008E8
:10E7B00024CA000846CA000822CC000868CA00081B
:10E7C0008ACA0008ACCA0008CECA000822CC0008D9
:10E7D000F0CA000822CC000822CC000822CC000895
:10E7E00022CC000812CB000834CB000834CB000840
:10E7F00022CC000856CB000878CB00089ACB000842
:10E80000BCCB0008DECB000800CC000848692066BD
:10E81000726F6D206D6F64756C652025640D0A0044
:10E8200048692066726F6D206D6F64756C65202578
:10E830006420282573290D0A00000000A0EA0008C2
:10E84000F0E6000808E7000824E7000840E70008B1
:10E850005CE7000878E7000894E70008F0E60008A5
:10E86000A4EA000874E800088CE80008A8E800089A
:10E87000C4E80008E0E80008FCE8000818E900081F
:10E8800074E80008A8EA0008D2E9000814EA0008C1
:10E8900030EA00084CEA000868EA0008A8EA000824
:10E8A00084EA0008D2E9000858EB000860EB000891
:10E8B00090EB0008C2EB0008ECEB000816EC000837
:10E8C00040EC00086AEC000860EB0008DCED000892
:10E8D000BAEC0008E8EC000814ED00083CED000874
:10E8E00064ED00088CED0008B4ED0008BAEC0008F7
:10E8F000F2F30008D8EE00088AEF00083EF00008A6
:10E90000F6F00008C4F100087CF2000834F30008B7
:10E91000D8EE000820F7000896F50008B6F50008C4
:10E92000D8F50008FEF5000844F600086AF600086D
:10E9300090F6000896F50008ACFA000852FB0008B3
:10E94000FCFB00086AFC000828FD0008BCFD00086C
:10E9500030FE0008F0FE0008E4FA0008081C30440D
:10E96000586C8000626174766F6C740062617463CD
:10E97000757272656E740000626174706F77657293
:10E980000000000074656D706572617475726500D9
:10E99000626174636170616369747900736F6300AD
:10E9A00062617461676500006261746379636C65BC
:10E9B0007300000073616D706C65000073616D70B1
:10E9C0006C653A0D0A2053796E7461783A20736150
:10E9D0006D706C65205B766F6C745D2F5B63757218
:10E9E000725D2F5B706F775D2F5B74656D705D2F4F
:10E9F0005B6361705D2F5B6167655D2F5B6379634E
:10EA00006C65735D2F5B7374617475736368617299
:10EA100067696E675D2F5B636861726765726375B6
:10EA20007272656E745D2F5B76627573766F6C744F
:10EA30005D2E0D0A0D0A0000B4E90208BCE90208C7
:10EA4000893101080100000073747265616D000076
:10EA500073747265616D3A0D0A2053796E74617832
:10EA60003A2073747265616D205B766F6C745D2FF4
:10EA70005B637572725D2F5B706F775D2F5B746582
:10EA80006D705D2F5B6361705D2F5B6167655D2FEE
:10EA90005B6379636C65735D2F5B7374617475730D
:10EAA0006368617267696E675D2F5B636861726737
:10EAB000657263757272656E745D2F5B76627573D5
:10EAC000766F6C745D20284E756D6F6673616D7026
:10EAD0006C657329202874696D656F7574292E0D16
:10EAE0000A0D0A0048EA020850EA0208FD3401084B
:10EAF000FF000000656E61626C650000656E61621A
:10EB00006C653A0D0A2053796E7461783A20656E0F
:10EB100061626C65205B332E335D2F5B76627573AB
:10EB20005D2831737420706172292E0D0A0D0A0060
:10EB3000F4EA0208FCEA0208893901080100000031
:10EB400064697361626C650064697361626C653AE3
:10EB50000D0A2053796E7461783A2064697361629A
:10EB60006C65205B332E335D2F5B766275735D2899
:10EB700031737420706172292E0D0A0D0A00000095
:10EB800040EB020848EB0208353A0108010000009A
:10EB9000DC030108E4030108EC030108F4030108A5
:10EBA000FC030108520401085A0401086204010828
:10EBB0006A040108720401084C69706F436861724D
:10EBC0006765725461736B0053747265616D54694B
:10EBD0006D657200400C0108800C0108C00C010832
:10EBE000000D0108400D0108000E0108800D01080C
:10EBF000C00D0108400E0108800E0108C00E01087A
:10EC0000000F0108060F01080C0F0108120F010880
:10EC1000141101081E1001083610010848100108DF
:10EC20005A1001086C1001087E100108B01001088C
:10EC3000E210010842617474657279566F6C7461F8
:10EC40006765285629207C20252E32660D0A000093
:10EC50004261747465727943757272656E7428418D
:10EC600029207C20252E32660D0A00004261747432
:10EC7000657279506F776572285729207C20252E80
:10EC800032660D0A000000004261747465727954A6
:10EC9000656D702843656C7369757329207C202528
:10ECA0002E32660D0A000000426174746572794369
:10ECB00061706163697479286D416829207C202521
:10ECC0002E32660D0A00000042617474657279414B
:10ECD000676528252529207C2025750D0A00000060
:10ECE000426174746572794379636C6573207C202A
:10ECF00025750D0A00000000426174746572795335
:10ED00004F4328252529207C2025750D0A00000069
:10ED10004348415247494E47000000005374617414
:10ED200075734368617267696E67207C2025730D77
:10ED30000A0000004449534348415247494E4700A6
:10ED400056425553566F6C74285629207C20252E28
:10ED500032660D0A00000000436861726765724305
:10ED6000757272656E74284129207C20252E3266CA
:10ED70000D0A0000BE210108F0210108222201082D
:10ED80005422010886220108B8220108DE22010867
:10ED9000042301082A230108A02301086E23010887
:10EDA000BE250108962601086A2701083C280108AB
:10EDB0000E290108F0290108762A0108FC2A010819
:10EDC000A22B0108282C0108082D01080D0A0000BB
:10EDD0009E300108AE300108BE300108CE30010877
:10EDE000DE3001080E310108EE300108FE30010866
:10EDF0001E3101082E3101083E310108766F6C7416
:10EE0000000000006375727200000000706F7700F0
:10EE100074656D70000000006361700061676500DB
:10EE20006379636C657300007374617475736368F0
:10EE3000617267696E67000063686172676572631B
:10EE4000757272656E74000076627573766F6C749D
:10EE500000000000496E76616C696420417267753C
:10EE60006D656E74730D0A00332E33004F75747028
:10EE70007574203A332E3320566F6C7420697320DA
:10EE8000456E61626C65000076627573000000007B
:10EE90004F7574707574203A5642555320566F6CF6
:10EEA0007420697320456E61626C65004572726FF3
:10EEB0007220547970654F75747075740D0A000076
:10EEC0004F7574707574203A332E3320566F6C74FE
:10EED0002069732044697361626C65004F757470BA
:10EEE0007574203A5642555320566F6C74206973DE
:10EEF0002044697361626C650000000053746F7098
:10EF00002073747265616D20210A0D00081C304465
:10EF1000586C800052657374617274696E672E2E2E
:10EF20002E0D0A00486172644661756C742045724A
:10EF3000726F720D0A000000537461636B204F768C
:10EF40006572666C6F770D0A00000000486561709D
:10EF50002073697A652065786365656465640D0A68
:10EF600000000000081C3044586C80004175672088
:10EF7000323820323032350031323A32343A30359C
:10EF800000000000081C3044586C80003A730108EF
:10EF9000267301082A7301082E73010832730108D1
:10EFA00036730108081C3044586C800000000000D3
:10EFB0000000000000000000000000000000000051
:10EFC0000000000000000000000000000100000040
:10EFD0000200000003000000040000000600000022
:10EFE0000700000008000000090000000000000009
:10EFF0000000000000000000000000000100000010
:10F00000020000000300000004000000081C30445F
:10F01000586C800068656C70000000000D0A68651F
:10F020006C703A0D0A204C6973747320616C6C200B
:10F0300074686520726567697374657265642063BE
:10F040006F6D6D616E64732E205479706520276832
:10F05000656C7020706172616D732720746F206C15
:10F0600069737420617661696C61626C652070619E
:10F0700072616D657465727320616E642074686579
:10F08000697220706F737369626C652076616C754C
:10F0900065730D0A0D0A000014F002081CF0020846
:10F0A00015B30108FF000000496E636F727265635B
:10F0B0007420636F6D6D616E6420706172616D6547
:10F0C0007465722873292E2020456E746572202283
:10F0D00068656C702220746F2076696577206120E6
:10F0E0006C697374206F6620617661696C61626C13
:10F0F0006520636F6D6D616E64732E0D0A0D0A00DD
:10F10000436F6D6D616E64206E6F74207265636F06
:10F11000676E697365642E2020456E7465722022C7
:10F1200068656C702220746F207669657720612095
:10F130006C697374206F6620617661696C61626CC2
:10F140006520636F6D6D616E64732E0D0A0D0A008C
:10F15000706172616D73000049444C45000000000D
:10F160000925630925750925750925750D0A00000E
:10F1700018D8010822D801082CD8010836D801086F
:10F1800040D801080925750909257525250D0A00AE
:10F1900009257509093C3125250D0A004ADB0108BE
:10F1A0000CDB01081ADB010826DB01082EDB010855
:10F1B00052DC010814DC010822DC01082EDC010805
:10F1C00036DC0108546D722053766300A4E2010816
:10F1D000A4E20108A4E2010808E301081CE3010815
:10F1E0004CE30108A4E20108A4E2010808E30108D5
:10F1F0001CE30108546D725100000000081C3044EB
:10F20000586C8000010002000400060008000A009B
:10F210000C0010002000400080000001081C304459
:10F22000586C80000101010307010000080402047A
:10F23000080101010E0A00083E09000856090008ED
:10F240007409000856090008B809000856090008A2
:10F25000740900083E0900083E090008B8090008C2
:10F26000740900085E0900085E0900085E090008CC
:10F27000C20900083E0900083E09000856090008B6
:10F280004C0A000856090008B80900085609000889
:10F290004C0A00083E0900083E090008B8090008A9
:10F2A0004C0A00085E0900085E0900085E090008B3
:10F2B00054170008461700082417000850170008C4
:10F2C000241700083A1A00082417000850170008ED
:10F2D00046170008461700083A1A00085017000899
:10F2E0000C1700080C1700080C170008AC1A0008CF
:10F2F0002E00000034000000CEFBFFFFCB03000017
:10F30000010000000000000035000000CEFBFFFF00
:10F31000CB0300000100000000000000000000001E
:10F32000BC89D897B2D29C3C33A7A8D523F64939DB
:10F330003DA7F444FD0FA5329D978CCF08BA5B25FD
:10F34000436FAC6428066811002020202020202074
:10F350002020282828282820202020202020202085
:10F360002020202020202020208810101010101095
:10F3700010101010101010101004040404040404E1
:10F38000040404101010101010104141414141417B
:10F39000010101010101010101010101010101015D
:10F3A000010101011010101010104242424242426D
:10F3B000020202020202020202020202020202022D
:10F3C00002020202101010102000000000000000D5
:10F3D000000000000000000000000000000000002D
:10F3E000000000000000000000000000000000001D
:10F3F000000000000000000000000000000000000D
:10F4000000000000000000000000000000000000FC
:10F4100000000000000000000000000000000000EC
:10F4200000000000000000000000000000000000DC
:10F4300000000000000000000000000000000000CC
:10F440000000000000000000004300504F534958E6
:10F450000042616C6C6F63207375636365656465FE
:10F4600064002F6275696C642F676E752D746F6F01
:10F470006C732D666F722D73746D33325F31322E63
:10F48000332E72656C312E32303234303932362DB3
:10F49000313731352F7372632F6E65776C69622F48
:10F4A0006E65776C69622F6C6962632F7374646C2C
:10F4B00069622F6764746F612D6765746865782E63
:10F4C00063002F6275696C642F676E752D746F6FA2
:10F4D0006C732D666F722D73746D33325F31322E03
:10F4E000332E72656C312E32303234303932362D53
:10F4F000313731352F7372632F6E65776C69622FE8
:10F500006E65776C69622F6C6962632F7374646CCB
:10F5100069622F6D707265632E6300000500000044
:10F52000190000007D0000000080E03779C34143EE
:10F53000176E05B5B5B89346F5F93FE9034F384D59
:10F54000321D30F94877825A3CBF737FDD4F157505
:10F55000000000000000F03F000000000000244018
:10F5600000000000000059400000000000408F40F3
:10F57000000000000088C34000000000006AF8405E
:10F580000000000080842E4100000000D012634182
:10F590000000000084D797410000000065CDCD41F8
:10F5A000000000205FA00242000000E876483742D9
:10F5B000000000A2941A6D42000040E59C30A24277
:10F5C0000000901EC4BCD64200003426F56B0C43EC
:10F5D0000080E03779C3414300A0D8855734764393
:10F5E00000C84E676DC1AB43003D9160E458E143F4
:10F5F000408CB5781DAF154450EFE2D6E41A4B4469
:10F6000092D54D06CFF08044F64AE1C7022DB544AD
:10F61000B49DD9794378EA44494E4600696E660044
:10F620004E414E006E616E00303132333435363724
:10F63000383961626364656600303132333435369F
:10F64000373839414243444546003000303030308D
:10F6500030303030303030303030303020202020EA
:10F660002020202020202020202020202C206675F3
:10F670006E6374696F6E3A200061737365727469AA
:10F680006F6E2022257322206661696C65643A20C2
:10F6900066696C6520222573222C206C696E6520BA
:10F6A0002564257325730A00496E66696E6974794D
:10F6B000004E614E002F6275696C642F676E752D68
:10F6C000746F6F6C732D666F722D73746D33325F50
:10F6D00031322E332E72656C312E32303234303965
:10F6E00032362D313731352F7372632F6E65776C5B
:10F6F00069622F6E65776C69622F6C6962632F7324
:10F7000074646C69622F64746F612E6300303030F2
:10F710003030303030303030303030303020202019
:10F720002020202020202020202020202000000039
:08F73000780FFD7F01000000CD
:08F7380099730208E9000008C2
:04F74000C1000008FC
:10F7440084BF02088CBF020894BF0208A0BF02084D
:10F75400ACBF0208B4BF0208C0BF0208C8BF020899
:10F76400CCBF0208D0BF0208D4BF0208D8BF020829
:10F77400DCBF0208E0BF0208E4BF0208E8BF0208D9
:10F78400ECBF0208F0BF0208F4BF0208F8BF020889
:10F7940024C0020850C0020824C1020850C1020853
:10F7A4007CC10208A4C10208CCC10208B4C2020888
:10F7B400E8C20208ECC30208FF00240001010000B3
:10F7C4001E00320005FA000000100E0000180000B0
:10F7D40000000000000000000000000048C702080C
:10F7E400DCC90208E0C902083CDD020850DD020859
:10F7F4006CDD02088CDD02089CDD0208CCDD020809
:10F8040038DE02089CDE0208B4DE0208F4DE0208D8
:10F8140028DF020868DF02088CDF0208B8DF02086C
:10F82400D4DF0208B4DE0208F4DE020828DF02088E
:10F83400F4DF020828E0020850E0020864E002084D
:10F8440094E0020848E102088CDD02085CE1020849
:10F8540064E1020880E1020848E1020894E1020838
:10F86400B4E10208DCE102088CDD02081CE20208B3
:10F8740044E2020870E2020888E202089CE20208FC
:10F88400C4E20208D4E20208E8E2020800E3020843
:10F8940020E3020858E3020864E3020878E302085C
:10F8A40090E30208A4E30208B4E30208BCE30208FC
:10F8B400C8E3020880E40208B8E40208DCE40208B1
:10F8C400B8E4020814E50208B8E402084CE50208AA
:10F8D40070E5020880E5020898E5020870E5020870
:10F8E400B8E50208D4E50208F0E5020804E60208D7
:10F8F40058E6020870E5020874E6020888E6020881
:10F904000100000001000000FC2F0020070000009F
:10F9140064E9020800300020070000006CE90208D6
:10F92400043000200700000078E9020808300020B5
:10F934000700000084E902080C30002007000000E2
:10F9440090E9020810300020070000009CE902083A
:10F954001130002001000000A0E902081830002046
:10F9640003000000A8E90208FCEE020814EF0208F4
:10F974000024F4002000000098F0020800000000B9
:10F9840038020020AAAAAAAA04000000010000006C
:10F99400FFFFFFFF00000200000000000000000065
:10F9A400580200205802002060020020600200205B
:10F9B400680200206802002070020020700200200B
:10F9C40078020020780200208002002080020020BB
:10F9D400880200208802002090020020900200206B
:10F9E4009802002098020020A0020020A00200201B
:10F9F400A8020020A8020020B0020020B0020020CB
:10FA0400B8020020B8020020C0020020C00200207A
:10FA1400C8020020C8020020D0020020D00200202A
:10FA2400D8020020D8020020E0020020E0020020DA
:10FA3400E8020020E8020020F0020020F00200208A
:10FA4400F8020020F8020020000300200003002038
:10FA540008030020080300201003002010030020E6
:10FA64001803002018030020200300202003002096
:10FA74002803002028030020300300203003002046
:10FA840038030020380300204003002040030020F6
:10FA940048030020480300205003002050030020A6
:10FAA4005803002058030020600300206003002056
:10FAB4006803002068030020700300207003002006
:10FAC40078030020780300208003002080030020B6
:10FAD4008803002088030020900300209003002066
:10FAE4009803002098030020A0030020A003002016
:10FAF400A8030020A8030020B0030020B0030020C6
:10FB0400B8030020B8030020C0030020C003002075
:10FB1400C8030020C8030020D0030020D003002025
:10FB2400D8030020D8030020E0030020E0030020D5
:10FB3400E8030020E8030020F0030020F003002085
:10FB4400F8030020F8030020000400200004002033
:10FB540008040020080400201004002010040020E1
:10FB64001804002018040020200400202004002091
:10FB74002804002028040020300400203004002041
:10FB840038040020380400204004002040040020F1
:10FB940048040020480400205004002050040020A1
:10FBA4005804002058040020600400206004002051
:10FBB4006804002068040020700400207004002001
:10FBC40078040020780400208004002080040020B1
:10FBD4008804002088040020900400209004002061
:10FBE4009804002098040020A0040020A004002011
:10FBF400A8040020A8040020B0040020B0040020C1
:10FC0400B8040020B8040020C0040020C004002070
:10FC1400C8040020C8040020D0040020D004002020
:10FC2400D8040020D8040020E0040020E0040020D0
:10FC3400E8040020E8040020F0040020F004002080
:10FC4400F8040020F804002000050020000500202E
:10FC540008050020080500201005002010050020DC
:10FC6400180500201805002020050020200500208C
:10FC7400280500202805002030050020300500203C
:10FC840038050020380500204005002040050020EC
:10FC9400480500204805002050050020500500209C
:10FCA400580500205805002060050020600500204C
:10FCB40068050020680500207005002070050020FC
:10FCC40078050020780500208005002080050020AC
:10FCD400880500208805002090050020900500205C
:10FCE4009805002098050020A0050020A00500200C
:10FCF400A8050020A8050020B0050020B0050020BC
:10FD0400B8050020B8050020C0050020C00500206B
:10FD1400C8050020C8050020D0050020D00500201B
:10FD2400D8050020D8050020E0050020E0050020CB
:10FD3400E8050020E8050020F0050020F00500207B
:10FD4400F8050020F8050020000600200006002029
:10FD540008060020080600201006002010060020D7
:10FD64001806002018060020200600202006002087
:10FD74002806002028060020300600203006002037
:10FD840038060020380600204006002040060020E7
:10FD94004806002048060020500600205006002097
:10FDA4000000000003000000249C01204300000028
:10FDB400000000000000000000000000000000003F
:10FDC40000000000000000000000000043000000EC
:10FDD400000000000000000000000000000000001F
:10FDE40000000000000000000000000043000000CC
:10FDF40000000000000000000000000000000000FF
:10FE040000000000000000000000000043000000AB
:10FE140000000000000000000000000000000000DE
:10FE2400000000000000000000000000430000008B
:10FE340000000000000000000000000000000000BE
:10FE4400000000000000000000000000430000006B
:10FE5400000000000000000000000000000000009E
:10FE6400000000000000000000000000430000004B
:10FE7400000000000000000000000000000000007E
:10FE84000000000000000000000000009D85020842
:10FE9400857C02080000000048F30208F0F2020822
:10FEA400A7F60208A7F60208A7F60208A7F60208B2
:10FEB400A7F60208A7F60208A7F60208A7F60208A2
:10FEC400A7F60208FFFFFFFFFFFFFFFFFFFFFFFF93
:10FED400FFFF0000010041534349490000000000B6
:10FEE400000000000000000000000000000000000E
:10FEF4000000000000004153434949000000000095
:10FF040000000000000000000000000000000000ED
:10FF14000000000000000000E007002000000000D6
:10FF240000000000249C01208C9C0120F49C0120F2
:10FF340000000000000000000000000000000000BD
:10FF440000000000000000000000000000000000AD
:10FF5400000000000000000000000000000000009D
:10FF6400000000000000000000000000000000008D
:10FF7400000000000000000000000000000000007D
:10FF8400000000000000000000000000000000006D
:10FF9400000000000000000000000000000000005D
:10FFA400000000000000000000000000000000004D
:10FFB400000000000000000001000000000000003C
:10FFC4000E33CDAB34126DE6ECDE05000B00000001
:10FFD400000000000000000000000000000000001D
:10FFE400000000000000000000000000000000000D
:0CFFF40000000000000000000000000001
:020000040803EF
:1000000000000000000000000000000000000000F0
:1000100000000000000000000000000000000000E0
:1000200000000000000000000000000000000000D0
:1000300000000000000000000000000000000000C0
:1000400000000000659D012080B588B000AF786099
:1000500039601F23FB1800221A707B68BB613B6864
:100060007B611A4B5A69194B8021C9020A435A61B4
:10007000EFF31083FB60FB683B6172B6C0460FE094
:100080007A69BB6912681A607B6904337B61BB695A
:100090000433BB611F217B181A787B1801321A7058
:1000A0001F23FB181B783F2BEAD9C046074B1A6960
:1000B000C0239B021340F9D13B69BB60BB6883F34B
:1000C0001088C046C046BD4608B080BD0020024032
:040000050801762157
:00000001FF
